text,href,absolute_url,domain
Jump to content,#bodyContent,https://en.wikipedia.org/wiki/List_of_Hindu_temples_in_India#bodyContent,en.wikipedia.org
Main page,/wiki/Main_Page,https://en.wikipedia.org/wiki/Main_Page,en.wikipedia.org
Contents,/wiki/Wikipedia:Contents,https://en.wikipedia.org/wiki/Wikipedia:Contents,en.wikipedia.org
Current events,/wiki/Portal:Current_events,https://en.wikipedia.org/wiki/Portal:Current_events,en.wikipedia.org
Random article,/wiki/Special:Random,https://en.wikipedia.org/wiki/Special:Random,en.wikipedia.org
About Wikipedia,/wiki/Wikipedia:About,https://en.wikipedia.org/wiki/Wikipedia:About,en.wikipedia.org
Contact us,//en.wikipedia.org/wiki/Wikipedia:Contact_us,https://en.wikipedia.org/wiki/Wikipedia:Contact_us,en.wikipedia.org
Help,/wiki/Help:Contents,https://en.wikipedia.org/wiki/Help:Contents,en.wikipedia.org
Learn to edit,/wiki/Help:Introduction,https://en.wikipedia.org/wiki/Help:Introduction,en.wikipedia.org
Community portal,/wiki/Wikipedia:Community_portal,https://en.wikipedia.org/wiki/Wikipedia:Community_portal,en.wikipedia.org
Recent changes,/wiki/Special:RecentChanges,https://en.wikipedia.org/wiki/Special:RecentChanges,en.wikipedia.org
Upload file,/wiki/Wikipedia:File_upload_wizard,https://en.wikipedia.org/wiki/Wikipedia:File_upload_wizard,en.wikipedia.org
Special pages,/wiki/Special:SpecialPages,https://en.wikipedia.org/wiki/Special:SpecialPages,en.wikipedia.org
,/wiki/Main_Page,https://en.wikipedia.org/wiki/Main_Page,en.wikipedia.org
Search,/wiki/Special:Search,https://en.wikipedia.org/wiki/Special:Search,en.wikipedia.org
Donate,https://donate.wikimedia.org/?wmf_source=donate&wmf_medium=sidebar&wmf_campaign=en.wikipedia.org&uselang=en,https://donate.wikimedia.org/?wmf_source=donate&wmf_medium=sidebar&wmf_campaign=en.wikipedia.org&uselang=en,donate.wikimedia.org
Create account,/w/index.php?title=Special:CreateAccount&returnto=List+of+Hindu+temples+in+India,https://en.wikipedia.org/w/index.php?title=Special:CreateAccount&returnto=List+of+Hindu+temples+in+India,en.wikipedia.org
Log in,/w/index.php?title=Special:UserLogin&returnto=List+of+Hindu+temples+in+India,https://en.wikipedia.org/w/index.php?title=Special:UserLogin&returnto=List+of+Hindu+temples+in+India,en.wikipedia.org
Donate,https://donate.wikimedia.org/?wmf_source=donate&wmf_medium=sidebar&wmf_campaign=en.wikipedia.org&uselang=en,https://donate.wikimedia.org/?wmf_source=donate&wmf_medium=sidebar&wmf_campaign=en.wikipedia.org&uselang=en,donate.wikimedia.org
Create account,/w/index.php?title=Special:CreateAccount&returnto=List+of+Hindu+temples+in+India,https://en.wikipedia.org/w/index.php?title=Special:CreateAccount&returnto=List+of+Hindu+temples+in+India,en.wikipedia.org
Log in,/w/index.php?title=Special:UserLogin&returnto=List+of+Hindu+temples+in+India,https://en.wikipedia.org/w/index.php?title=Special:UserLogin&returnto=List+of+Hindu+temples+in+India,en.wikipedia.org
(Top),#,https://en.wikipedia.org/wiki/List_of_Hindu_temples_in_India,en.wikipedia.org
1Andhra Pradesh,#Andhra_Pradesh,https://en.wikipedia.org/wiki/List_of_Hindu_temples_in_India#Andhra_Pradesh,en.wikipedia.org
2Arunachal Pradesh,#Arunachal_Pradesh,https://en.wikipedia.org/wiki/List_of_Hindu_temples_in_India#Arunachal_Pradesh,en.wikipedia.org
3Assam,#Assam,https://en.wikipedia.org/wiki/List_of_Hindu_temples_in_India#Assam,en.wikipedia.org
4Bihar,#Bihar,https://en.wikipedia.org/wiki/List_of_Hindu_temples_in_India#Bihar,en.wikipedia.org
5Chandigarh,#Chandigarh,https://en.wikipedia.org/wiki/List_of_Hindu_temples_in_India#Chandigarh,en.wikipedia.org
6Chhattisgarh,#Chhattisgarh,https://en.wikipedia.org/wiki/List_of_Hindu_temples_in_India#Chhattisgarh,en.wikipedia.org
7Delhi,#Delhi,https://en.wikipedia.org/wiki/List_of_Hindu_temples_in_India#Delhi,en.wikipedia.org
8Goa,#Goa,https://en.wikipedia.org/wiki/List_of_Hindu_temples_in_India#Goa,en.wikipedia.org
9Gujarat,#Gujarat,https://en.wikipedia.org/wiki/List_of_Hindu_temples_in_India#Gujarat,en.wikipedia.org
10Haryana,#Haryana,https://en.wikipedia.org/wiki/List_of_Hindu_temples_in_India#Haryana,en.wikipedia.org
11Himachal Pradesh,#Himachal_Pradesh,https://en.wikipedia.org/wiki/List_of_Hindu_temples_in_India#Himachal_Pradesh,en.wikipedia.org
12Jammu and Kashmir,#Jammu_and_Kashmir,https://en.wikipedia.org/wiki/List_of_Hindu_temples_in_India#Jammu_and_Kashmir,en.wikipedia.org
12.1Jammu Division,#Jammu_Division,https://en.wikipedia.org/wiki/List_of_Hindu_temples_in_India#Jammu_Division,en.wikipedia.org
12.2Kashmir Division,#Kashmir_Division,https://en.wikipedia.org/wiki/List_of_Hindu_temples_in_India#Kashmir_Division,en.wikipedia.org
13Jharkhand,#Jharkhand,https://en.wikipedia.org/wiki/List_of_Hindu_temples_in_India#Jharkhand,en.wikipedia.org
14Karnataka,#Karnataka,https://en.wikipedia.org/wiki/List_of_Hindu_temples_in_India#Karnataka,en.wikipedia.org
15Kerala,#Kerala,https://en.wikipedia.org/wiki/List_of_Hindu_temples_in_India#Kerala,en.wikipedia.org
16Madhya Pradesh,#Madhya_Pradesh,https://en.wikipedia.org/wiki/List_of_Hindu_temples_in_India#Madhya_Pradesh,en.wikipedia.org
17Maharashtra,#Maharashtra,https://en.wikipedia.org/wiki/List_of_Hindu_temples_in_India#Maharashtra,en.wikipedia.org
18Manipur,#Manipur,https://en.wikipedia.org/wiki/List_of_Hindu_temples_in_India#Manipur,en.wikipedia.org
19Meghalaya,#Meghalaya,https://en.wikipedia.org/wiki/List_of_Hindu_temples_in_India#Meghalaya,en.wikipedia.org
20Odisha,#Odisha,https://en.wikipedia.org/wiki/List_of_Hindu_temples_in_India#Odisha,en.wikipedia.org
21Punjab,#Punjab,https://en.wikipedia.org/wiki/List_of_Hindu_temples_in_India#Punjab,en.wikipedia.org
22Rajasthan,#Rajasthan,https://en.wikipedia.org/wiki/List_of_Hindu_temples_in_India#Rajasthan,en.wikipedia.org
23Sikkim,#Sikkim,https://en.wikipedia.org/wiki/List_of_Hindu_temples_in_India#Sikkim,en.wikipedia.org
24Tamil Nadu,#Tamil_Nadu,https://en.wikipedia.org/wiki/List_of_Hindu_temples_in_India#Tamil_Nadu,en.wikipedia.org
25Telangana,#Telangana,https://en.wikipedia.org/wiki/List_of_Hindu_temples_in_India#Telangana,en.wikipedia.org
26Tripura,#Tripura,https://en.wikipedia.org/wiki/List_of_Hindu_temples_in_India#Tripura,en.wikipedia.org
27Uttar Pradesh,#Uttar_Pradesh,https://en.wikipedia.org/wiki/List_of_Hindu_temples_in_India#Uttar_Pradesh,en.wikipedia.org
28Uttarakhand,#Uttarakhand,https://en.wikipedia.org/wiki/List_of_Hindu_temples_in_India#Uttarakhand,en.wikipedia.org
29West Bengal,#West_Bengal,https://en.wikipedia.org/wiki/List_of_Hindu_temples_in_India#West_Bengal,en.wikipedia.org
30See also,#See_also,https://en.wikipedia.org/wiki/List_of_Hindu_temples_in_India#See_also,en.wikipedia.org
31References,#References,https://en.wikipedia.org/wiki/List_of_Hindu_temples_in_India#References,en.wikipedia.org
32External links,#External_links,https://en.wikipedia.org/wiki/List_of_Hindu_temples_in_India#External_links,en.wikipedia.org
বাংলা,https://bn.wikipedia.org/wiki/%E0%A6%AD%E0%A6%BE%E0%A6%B0%E0%A6%A4%E0%A7%87%E0%A6%B0_%E0%A6%B9%E0%A6%BF%E0%A6%A8%E0%A7%8D%E0%A6%A6%E0%A7%81_%E0%A6%AE%E0%A6%A8%E0%A7%8D%E0%A6%A6%E0%A6%BF%E0%A6%B0%E0%A7%87%E0%A6%B0_%E0%A6%A4%E0%A6%BE%E0%A6%B2%E0%A6%BF%E0%A6%95%E0%A6%BE,https://bn.wikipedia.org/wiki/%E0%A6%AD%E0%A6%BE%E0%A6%B0%E0%A6%A4%E0%A7%87%E0%A6%B0_%E0%A6%B9%E0%A6%BF%E0%A6%A8%E0%A7%8D%E0%A6%A6%E0%A7%81_%E0%A6%AE%E0%A6%A8%E0%A7%8D%E0%A6%A6%E0%A6%BF%E0%A6%B0%E0%A7%87%E0%A6%B0_%E0%A6%A4%E0%A6%BE%E0%A6%B2%E0%A6%BF%E0%A6%95%E0%A6%BE,bn.wikipedia.org
Bahasa Indonesia,https://id.wikipedia.org/wiki/Daftar_kuil_Hindu_di_India,https://id.wikipedia.org/wiki/Daftar_kuil_Hindu_di_India,id.wikipedia.org
Shqip,https://sq.wikipedia.org/wiki/Lista_e_tempujve_hindu_n%C3%AB_Indi,https://sq.wikipedia.org/wiki/Lista_e_tempujve_hindu_n%C3%AB_Indi,sq.wikipedia.org
తెలుగు,https://te.wikipedia.org/wiki/%E0%B0%AD%E0%B0%BE%E0%B0%B0%E0%B0%A4%E0%B0%A6%E0%B1%87%E0%B0%B6_%E0%B0%B9%E0%B0%BF%E0%B0%82%E0%B0%A6%E0%B1%82_%E0%B0%A6%E0%B1%87%E0%B0%B5%E0%B0%BE%E0%B0%B2%E0%B0%AF%E0%B0%BE%E0%B0%B2_%E0%B0%9C%E0%B0%BE%E0%B0%AC%E0%B0%BF%E0%B0%A4%E0%B0%BE,https://te.wikipedia.org/wiki/%E0%B0%AD%E0%B0%BE%E0%B0%B0%E0%B0%A4%E0%B0%A6%E0%B1%87%E0%B0%B6_%E0%B0%B9%E0%B0%BF%E0%B0%82%E0%B0%A6%E0%B1%82_%E0%B0%A6%E0%B1%87%E0%B0%B5%E0%B0%BE%E0%B0%B2%E0%B0%AF%E0%B0%BE%E0%B0%B2_%E0%B0%9C%E0%B0%BE%E0%B0%AC%E0%B0%BF%E0%B0%A4%E0%B0%BE,te.wikipedia.org
Edit links,https://www.wikidata.org/wiki/Special:EntityPage/Q6573227#sitelinks-wikipedia,https://www.wikidata.org/wiki/Special:EntityPage/Q6573227#sitelinks-wikipedia,www.wikidata.org
Article,/wiki/List_of_Hindu_temples_in_India,https://en.wikipedia.org/wiki/List_of_Hindu_temples_in_India,en.wikipedia.org
Talk,/wiki/Talk:List_of_Hindu_temples_in_India,https://en.wikipedia.org/wiki/Talk:List_of_Hindu_temples_in_India,en.wikipedia.org
Read,/wiki/List_of_Hindu_temples_in_India,https://en.wikipedia.org/wiki/List_of_Hindu_temples_in_India,en.wikipedia.org
Edit,/w/index.php?title=List_of_Hindu_temples_in_India&action=edit,https://en.wikipedia.org/w/index.php?title=List_of_Hindu_temples_in_India&action=edit,en.wikipedia.org
View history,/w/index.php?title=List_of_Hindu_temples_in_India&action=history,https://en.wikipedia.org/w/index.php?title=List_of_Hindu_temples_in_India&action=history,en.wikipedia.org
Read,/wiki/List_of_Hindu_temples_in_India,https://en.wikipedia.org/wiki/List_of_Hindu_temples_in_India,en.wikipedia.org
Edit,/w/index.php?title=List_of_Hindu_temples_in_India&action=edit,https://en.wikipedia.org/w/index.php?title=List_of_Hindu_temples_in_India&action=edit,en.wikipedia.org
View history,/w/index.php?title=List_of_Hindu_temples_in_India&action=history,https://en.wikipedia.org/w/index.php?title=List_of_Hindu_temples_in_India&action=history,en.wikipedia.org
What links here,/wiki/Special:WhatLinksHere/List_of_Hindu_temples_in_India,https://en.wikipedia.org/wiki/Special:WhatLinksHere/List_of_Hindu_temples_in_India,en.wikipedia.org
Related changes,/wiki/Special:RecentChangesLinked/List_of_Hindu_temples_in_India,https://en.wikipedia.org/wiki/Special:RecentChangesLinked/List_of_Hindu_temples_in_India,en.wikipedia.org
Upload file,//en.wikipedia.org/wiki/Wikipedia:File_Upload_Wizard,https://en.wikipedia.org/wiki/Wikipedia:File_Upload_Wizard,en.wikipedia.org
Permanent link,/w/index.php?title=List_of_Hindu_temples_in_India&oldid=1368494211,https://en.wikipedia.org/w/index.php?title=List_of_Hindu_temples_in_India&oldid=1368494211,en.wikipedia.org
Page information,/w/index.php?title=List_of_Hindu_temples_in_India&action=info,https://en.wikipedia.org/w/index.php?title=List_of_Hindu_temples_in_India&action=info,en.wikipedia.org
Cite this page,/w/index.php?title=Special:CiteThisPage&page=List_of_Hindu_temples_in_India&id=1368494211&wpFormIdentifier=titleform,https://en.wikipedia.org/w/index.php?title=Special:CiteThisPage&page=List_of_Hindu_temples_in_India&id=1368494211&wpFormIdentifier=titleform,en.wikipedia.org
Get shortened URL,/w/index.php?title=Special:UrlShortener&url=https%3A%2F%2Fen.wikipedia.org%2Fwiki%2FList_of_Hindu_temples_in_India,https://en.wikipedia.org/w/index.php?title=Special:UrlShortener&url=https%3A%2F%2Fen.wikipedia.org%2Fwiki%2FList_of_Hindu_temples_in_India,en.wikipedia.org
Switch to legacy parser,/w/index.php?title=List_of_Hindu_temples_in_India&useparsoid=0,https://en.wikipedia.org/w/index.php?title=List_of_Hindu_temples_in_India&useparsoid=0,en.wikipedia.org
Download as PDF,/w/index.php?title=Special:DownloadAsPdf&page=List_of_Hindu_temples_in_India&action=show-download-screen,https://en.wikipedia.org/w/index.php?title=Special:DownloadAsPdf&page=List_of_Hindu_temples_in_India&action=show-download-screen,en.wikipedia.org
Printable version,/w/index.php?title=List_of_Hindu_temples_in_India&printable=yes,https://en.wikipedia.org/w/index.php?title=List_of_Hindu_temples_in_India&printable=yes,en.wikipedia.org
Wikimedia Commons,https://commons.wikimedia.org/wiki/Category:Hindu_temples_in_India,https://commons.wikimedia.org/wiki/Category:Hindu_temples_in_India,commons.wikimedia.org
Wikidata item,https://www.wikidata.org/wiki/Special:EntityPage/Q6573227,https://www.wikidata.org/wiki/Special:EntityPage/Q6573227,www.wikidata.org
a series,https://en.wikipedia.org/wiki/Category:Hinduism_in_India,https://en.wikipedia.org/wiki/Category:Hinduism_in_India,en.wikipedia.org
Hinduism in India,https://en.wikipedia.org/wiki/Hinduism_in_India,https://en.wikipedia.org/wiki/Hinduism_in_India,en.wikipedia.org
History,https://en.wikipedia.org/wiki/History_of_Hinduism,https://en.wikipedia.org/wiki/History_of_Hinduism,en.wikipedia.org
Indus Valley Civilisation,https://en.wikipedia.org/wiki/Indus_Valley_Civilisation,https://en.wikipedia.org/wiki/Indus_Valley_Civilisation,en.wikipedia.org
Historical Vedic religion,https://en.wikipedia.org/wiki/Historical_Vedic_religion,https://en.wikipedia.org/wiki/Historical_Vedic_religion,en.wikipedia.org
Vedic period,https://en.wikipedia.org/wiki/Vedic_period,https://en.wikipedia.org/wiki/Vedic_period,en.wikipedia.org
Indo-Aryan migrations,https://en.wikipedia.org/wiki/Indo-Aryan_migrations,https://en.wikipedia.org/wiki/Indo-Aryan_migrations,en.wikipedia.org
Gupta Empire,https://en.wikipedia.org/wiki/Gupta_Empire,https://en.wikipedia.org/wiki/Gupta_Empire,en.wikipedia.org
Sanskritisation,https://en.wikipedia.org/wiki/Sanskritisation,https://en.wikipedia.org/wiki/Sanskritisation,en.wikipedia.org
Greater India,https://en.wikipedia.org/wiki/Greater_India,https://en.wikipedia.org/wiki/Greater_India,en.wikipedia.org
Maratha Empire,https://en.wikipedia.org/wiki/Maratha_Empire,https://en.wikipedia.org/wiki/Maratha_Empire,en.wikipedia.org
Late-Classical Hinduism,https://en.wikipedia.org/wiki/History_of_India#Classical_and_early_medieval_periods_(c._200_BCE_–_c._1200_CE),https://en.wikipedia.org/wiki/History_of_India#Classical_and_early_medieval_periods_(c._200_BCE_–_c._1200_CE),en.wikipedia.org
Bhakti movement,https://en.wikipedia.org/wiki/Bhakti_movement,https://en.wikipedia.org/wiki/Bhakti_movement,en.wikipedia.org
Bengal Renaissance,https://en.wikipedia.org/wiki/Bengal_Renaissance,https://en.wikipedia.org/wiki/Bengal_Renaissance,en.wikipedia.org
Partition of India,https://en.wikipedia.org/wiki/Partition_of_India,https://en.wikipedia.org/wiki/Partition_of_India,en.wikipedia.org
Akhand Bharat,https://en.wikipedia.org/wiki/Akhand_Bharat,https://en.wikipedia.org/wiki/Akhand_Bharat,en.wikipedia.org
Architecture,https://en.wikipedia.org/wiki/Hindu_architecture,https://en.wikipedia.org/wiki/Hindu_architecture,en.wikipedia.org
Ancient India,https://en.wikipedia.org/wiki/Ancient_Indian_architecture,https://en.wikipedia.org/wiki/Ancient_Indian_architecture,en.wikipedia.org
Rajput,https://en.wikipedia.org/wiki/Rajput_architecture,https://en.wikipedia.org/wiki/Rajput_architecture,en.wikipedia.org
Rock-cut,https://en.wikipedia.org/wiki/Indian_rock-cut_architecture,https://en.wikipedia.org/wiki/Indian_rock-cut_architecture,en.wikipedia.org
Temple,https://en.wikipedia.org/wiki/Hindu_temple_architecture,https://en.wikipedia.org/wiki/Hindu_temple_architecture,en.wikipedia.org
Dravidian,https://en.wikipedia.org/wiki/Dravidian_architecture,https://en.wikipedia.org/wiki/Dravidian_architecture,en.wikipedia.org
Māru-Gurjara,https://en.wikipedia.org/wiki/Māru-Gurjara_architecture,https://en.wikipedia.org/wiki/Māru-Gurjara_architecture,en.wikipedia.org
Indian vernacular,https://en.wikipedia.org/wiki/Indian_vernacular_architecture,https://en.wikipedia.org/wiki/Indian_vernacular_architecture,en.wikipedia.org
list,https://en.wikipedia.org/wiki/List_of_Hindu_temples_in_India,https://en.wikipedia.org/wiki/List_of_Hindu_temples_in_India,en.wikipedia.org
Bengali Hindus,https://en.wikipedia.org/wiki/Bengali_Hindus,https://en.wikipedia.org/wiki/Bengali_Hindus,en.wikipedia.org
Punjabi Hindus,https://en.wikipedia.org/wiki/Punjabi_Hindus,https://en.wikipedia.org/wiki/Punjabi_Hindus,en.wikipedia.org
Kashmiri Hindus,https://en.wikipedia.org/wiki/Kashmiri_Hindus,https://en.wikipedia.org/wiki/Kashmiri_Hindus,en.wikipedia.org
Hindu-Muslim tribes,https://en.wikipedia.org/wiki/Kashmiri_Muslim_tribes_from_Hindu_lineage,https://en.wikipedia.org/wiki/Kashmiri_Muslim_tribes_from_Hindu_lineage,en.wikipedia.org
Tamil Hindus,https://en.wikipedia.org/wiki/Tamil_Hindus,https://en.wikipedia.org/wiki/Tamil_Hindus,en.wikipedia.org
Marathi Hindus,https://en.wikipedia.org/wiki/Hinduism_in_Maharashtra,https://en.wikipedia.org/wiki/Hinduism_in_Maharashtra,en.wikipedia.org
South Indian Hindus,https://en.wikipedia.org/wiki/Hinduism_in_South_India,https://en.wikipedia.org/wiki/Hinduism_in_South_India,en.wikipedia.org
Nepali Hindus,https://en.wikipedia.org/wiki/Hinduism_in_Nepal,https://en.wikipedia.org/wiki/Hinduism_in_Nepal,en.wikipedia.org
Assamese-Bengali Hindus,https://en.wikipedia.org/wiki/Bengali_Hindus_in_Assam,https://en.wikipedia.org/wiki/Bengali_Hindus_in_Assam,en.wikipedia.org
Hussaini Brahmin,https://en.wikipedia.org/wiki/Hussaini_Brahmin,https://en.wikipedia.org/wiki/Hussaini_Brahmin,en.wikipedia.org
Sindhi Hindus,https://en.wikipedia.org/wiki/Sindhi_Hindus,https://en.wikipedia.org/wiki/Sindhi_Hindus,en.wikipedia.org
Hindu nationalism,https://en.wikipedia.org/wiki/Hindu_nationalism,https://en.wikipedia.org/wiki/Hindu_nationalism,en.wikipedia.org
Hindutva,https://en.wikipedia.org/wiki/Hindutva,https://en.wikipedia.org/wiki/Hindutva,en.wikipedia.org
District wise population,https://en.wikipedia.org/wiki/Hindus_by_district_in_India,https://en.wikipedia.org/wiki/Hindus_by_district_in_India,en.wikipedia.org
v,https://en.wikipedia.org/wiki/Template:Hinduism_in_India,https://en.wikipedia.org/wiki/Template:Hinduism_in_India,en.wikipedia.org
t,https://en.wikipedia.org/wiki/Template_talk:Hinduism_in_India,https://en.wikipedia.org/wiki/Template_talk:Hinduism_in_India,en.wikipedia.org
e,https://en.wikipedia.org/wiki/Special:EditPage/Template:Hinduism_in_India,https://en.wikipedia.org/wiki/Special:EditPage/Template:Hinduism_in_India,en.wikipedia.org
Hindu temples,https://en.wikipedia.org/wiki/Hindu_temple,https://en.wikipedia.org/wiki/Hindu_temple,en.wikipedia.org
India,https://en.wikipedia.org/wiki/India,https://en.wikipedia.org/wiki/India,en.wikipedia.org
state,https://en.wikipedia.org/wiki/States_and_territories_of_India,https://en.wikipedia.org/wiki/States_and_territories_of_India,en.wikipedia.org
Tirumala Tirupati Devasthanams,https://en.wikipedia.org/wiki/Tirumala_Tirupati_Devasthanams,https://en.wikipedia.org/wiki/Tirumala_Tirupati_Devasthanams,en.wikipedia.org
Lord Venkateswara Swamy temple,"https://en.wikipedia.org/wiki/Venkateswara_Temple,_Tirumala","https://en.wikipedia.org/wiki/Venkateswara_Temple,_Tirumala",en.wikipedia.org
Tirupati,https://en.wikipedia.org/wiki/Tirupati_district,https://en.wikipedia.org/wiki/Tirupati_district,en.wikipedia.org
union territory,https://en.wikipedia.org/wiki/Union_territory,https://en.wikipedia.org/wiki/Union_territory,en.wikipedia.org
Andhra Pradesh,https://en.wikipedia.org/wiki/Andhra_Pradesh,https://en.wikipedia.org/wiki/Andhra_Pradesh,en.wikipedia.org
Tamil Nadu,https://en.wikipedia.org/wiki/Tamil_Nadu,https://en.wikipedia.org/wiki/Tamil_Nadu,en.wikipedia.org
Telangana,https://en.wikipedia.org/wiki/Telangana,https://en.wikipedia.org/wiki/Telangana,en.wikipedia.org
Jammu,https://en.wikipedia.org/wiki/Jammu,https://en.wikipedia.org/wiki/Jammu,en.wikipedia.org
[1],#cite_note-1,https://en.wikipedia.org/wiki/List_of_Hindu_temples_in_India#cite_note-1,en.wikipedia.org
edit,/w/index.php?title=List_of_Hindu_temples_in_India&action=edit&section=1,https://en.wikipedia.org/w/index.php?title=List_of_Hindu_temples_in_India&action=edit&section=1,en.wikipedia.org
,https://en.wikipedia.org/wiki/File:Tirumala_Venkateswara_temple_entrance_09062015.JPG,https://en.wikipedia.org/wiki/File:Tirumala_Venkateswara_temple_entrance_09062015.JPG,en.wikipedia.org
Venkateswara Temple,https://en.wikipedia.org/wiki/Venkateswara_Temple,https://en.wikipedia.org/wiki/Venkateswara_Temple,en.wikipedia.org
,https://en.wikipedia.org/wiki/File:Simhachalam-temple-2_big.jpg,https://en.wikipedia.org/wiki/File:Simhachalam-temple-2_big.jpg,en.wikipedia.org
Simhachalam Temple,https://en.wikipedia.org/wiki/Simhachalam_Temple,https://en.wikipedia.org/wiki/Simhachalam_Temple,en.wikipedia.org
,https://en.wikipedia.org/wiki/File:Kanakadurga_Temple_gopuram.jpg,https://en.wikipedia.org/wiki/File:Kanakadurga_Temple_gopuram.jpg,en.wikipedia.org
Kanaka Durga Temple,https://en.wikipedia.org/wiki/Kanaka_Durga_Temple,https://en.wikipedia.org/wiki/Kanaka_Durga_Temple,en.wikipedia.org
,https://en.wikipedia.org/wiki/File:Srisailam.jpg,https://en.wikipedia.org/wiki/File:Srisailam.jpg,en.wikipedia.org
Srisailam Temple,"https://en.wikipedia.org/wiki/Mallikarjuna_Temple,_Srisailam","https://en.wikipedia.org/wiki/Mallikarjuna_Temple,_Srisailam",en.wikipedia.org
Ahobilam,https://en.wikipedia.org/wiki/Ahobilam,https://en.wikipedia.org/wiki/Ahobilam,en.wikipedia.org
Alipiri,https://en.wikipedia.org/wiki/Alipiri,https://en.wikipedia.org/wiki/Alipiri,en.wikipedia.org
Amararama,https://en.wikipedia.org/wiki/Amararama,https://en.wikipedia.org/wiki/Amararama,en.wikipedia.org
Arasavalli Sun Temple,https://en.wikipedia.org/wiki/Arasavalli_Sun_Temple,https://en.wikipedia.org/wiki/Arasavalli_Sun_Temple,en.wikipedia.org
"Bhavanarayana Temple, Sarpavaram","https://en.wikipedia.org/wiki/Bhavanarayana_Temple,_Sarpavaram","https://en.wikipedia.org/wiki/Bhavanarayana_Temple,_Sarpavaram",en.wikipedia.org
Bugga Ramalingeswara Swamy Temple,https://en.wikipedia.org/wiki/Bugga_Ramalingeswara_Swamy_Temple,https://en.wikipedia.org/wiki/Bugga_Ramalingeswara_Swamy_Temple,en.wikipedia.org
Tadipatri,https://en.wikipedia.org/wiki/Tadipatri,https://en.wikipedia.org/wiki/Tadipatri,en.wikipedia.org
Chintalarayaswami Temple,https://en.wikipedia.org/wiki/Chintalarayaswami_Temple,https://en.wikipedia.org/wiki/Chintalarayaswami_Temple,en.wikipedia.org
"Govindaraja Temple, Tirupati","https://en.wikipedia.org/wiki/Govindaraja_Temple,_Tirupati","https://en.wikipedia.org/wiki/Govindaraja_Temple,_Tirupati",en.wikipedia.org
"Jogulamba Temple, Alampur","https://en.wikipedia.org/wiki/Jogulamba_Temple,_Alampur","https://en.wikipedia.org/wiki/Jogulamba_Temple,_Alampur",en.wikipedia.org
"Kalyana Venkateswara Temple, Narayanavanam","https://en.wikipedia.org/wiki/Kalyana_Venkateswara_Temple,_Narayanavanam","https://en.wikipedia.org/wiki/Kalyana_Venkateswara_Temple,_Narayanavanam",en.wikipedia.org
"Kalyana Venkateswara Temple, Srinivasamangapuram","https://en.wikipedia.org/wiki/Kalyana_Venkateswara_Temple,_Srinivasamangapuram","https://en.wikipedia.org/wiki/Kalyana_Venkateswara_Temple,_Srinivasamangapuram",en.wikipedia.org
Kanaka Durga Temple,https://en.wikipedia.org/wiki/Kanaka_Durga_Temple,https://en.wikipedia.org/wiki/Kanaka_Durga_Temple,en.wikipedia.org
Vijayawada,https://en.wikipedia.org/wiki/Vijayawada,https://en.wikipedia.org/wiki/Vijayawada,en.wikipedia.org
Kapila Theertham,https://en.wikipedia.org/wiki/Kapila_Theertham,https://en.wikipedia.org/wiki/Kapila_Theertham,en.wikipedia.org
"Kodandarama Temple, Tirupati","https://en.wikipedia.org/wiki/Kodandarama_Temple,_Tirupati","https://en.wikipedia.org/wiki/Kodandarama_Temple,_Tirupati",en.wikipedia.org
"Konetirayala Temple, Keelapatla","https://en.wikipedia.org/wiki/Konetirayala_Temple,_Keelapatla","https://en.wikipedia.org/wiki/Konetirayala_Temple,_Keelapatla",en.wikipedia.org
Kotappakonda,https://en.wikipedia.org/wiki/Kotappakonda,https://en.wikipedia.org/wiki/Kotappakonda,en.wikipedia.org
Ksheerarama,https://en.wikipedia.org/wiki/Ksheerarama,https://en.wikipedia.org/wiki/Ksheerarama,en.wikipedia.org
Kulandeshwara Temple,https://en.wikipedia.org/wiki/Kulandeshwara_Temple,https://en.wikipedia.org/wiki/Kulandeshwara_Temple,en.wikipedia.org
Kumararama,https://en.wikipedia.org/wiki/Kumararama,https://en.wikipedia.org/wiki/Kumararama,en.wikipedia.org
"Kurmanathaswamy temple, Srikurmam","https://en.wikipedia.org/wiki/Kurmanathaswamy_temple,_Srikurmam","https://en.wikipedia.org/wiki/Kurmanathaswamy_temple,_Srikurmam",en.wikipedia.org
"Lakshmi Narasimha swamy temple, Penna Ahobilam","https://en.wikipedia.org/wiki/Lakshmi_Narasimha_swamy_temple,_Penna_Ahobilam","https://en.wikipedia.org/wiki/Lakshmi_Narasimha_swamy_temple,_Penna_Ahobilam",en.wikipedia.org
"Lakshmi Narasimha Temple, Antarvedi","https://en.wikipedia.org/wiki/Lakshmi_Narasimha_Temple,_Antarvedi","https://en.wikipedia.org/wiki/Lakshmi_Narasimha_Temple,_Antarvedi",en.wikipedia.org
"Lakshmi Narasimha Temple, Mangalagiri","https://en.wikipedia.org/wiki/Lakshmi_Narasimha_Temple,_Mangalagiri","https://en.wikipedia.org/wiki/Lakshmi_Narasimha_Temple,_Mangalagiri",en.wikipedia.org
"Mallikarjuna Temple, Srisailam","https://en.wikipedia.org/wiki/Mallikarjuna_Temple,_Srisailam","https://en.wikipedia.org/wiki/Mallikarjuna_Temple,_Srisailam",en.wikipedia.org
Mantralayam,https://en.wikipedia.org/wiki/Mantralayam,https://en.wikipedia.org/wiki/Mantralayam,en.wikipedia.org
"Sri Mukhalingam, Srikakulam",https://en.wikipedia.org/wiki/Mukhalingam,https://en.wikipedia.org/wiki/Mukhalingam,en.wikipedia.org
Padmavati Temple,https://en.wikipedia.org/wiki/Padmavati_Temple,https://en.wikipedia.org/wiki/Padmavati_Temple,en.wikipedia.org
"Pallikondeswara Temple, Surutupalle","https://en.wikipedia.org/wiki/Pallikondeswara_Temple,_Surutupalle","https://en.wikipedia.org/wiki/Pallikondeswara_Temple,_Surutupalle",en.wikipedia.org
"Prasanna Venkateswara Temple, Appalayagunta","https://en.wikipedia.org/wiki/Prasanna_Venkateswara_Temple,_Appalayagunta","https://en.wikipedia.org/wiki/Prasanna_Venkateswara_Temple,_Appalayagunta",en.wikipedia.org
"Satyanarayana Temple, Annavaram","https://en.wikipedia.org/wiki/Satyanarayana_Temple,_Annavaram","https://en.wikipedia.org/wiki/Satyanarayana_Temple,_Annavaram",en.wikipedia.org
Siddeswara kshetram,https://en.wikipedia.org/wiki/Siddeswara_kshetram,https://en.wikipedia.org/wiki/Siddeswara_kshetram,en.wikipedia.org
Siddheswara Swamy Temple,https://en.wikipedia.org/wiki/Siddheswara_Swamy_Temple,https://en.wikipedia.org/wiki/Siddheswara_Swamy_Temple,en.wikipedia.org
Somarama,https://en.wikipedia.org/wiki/Somarama,https://en.wikipedia.org/wiki/Somarama,en.wikipedia.org
Sri Sunama Jakini Matha,https://en.wikipedia.org/wiki/Sri_Sunama_Jakini_Matha,https://en.wikipedia.org/wiki/Sri_Sunama_Jakini_Matha,en.wikipedia.org
Gooty,https://en.wikipedia.org/wiki/Gooty,https://en.wikipedia.org/wiki/Gooty,en.wikipedia.org
Srikalahasteeswara temple,https://en.wikipedia.org/wiki/Srikalahasteeswara_temple,https://en.wikipedia.org/wiki/Srikalahasteeswara_temple,en.wikipedia.org
Srungara Vallabha Swamy Temple,https://en.wikipedia.org/wiki/Srungara_Vallabha_Swamy_Temple,https://en.wikipedia.org/wiki/Srungara_Vallabha_Swamy_Temple,en.wikipedia.org
"Suryanarayana Swamy Temple, Gollala Mamidada","https://en.wikipedia.org/wiki/Suryanarayana_Swamy_Temple,_Gollala_Mamidada","https://en.wikipedia.org/wiki/Suryanarayana_Swamy_Temple,_Gollala_Mamidada",en.wikipedia.org
"Varaha Lakshmi Narasimha temple, Simhachalam","https://en.wikipedia.org/wiki/Varaha_Lakshmi_Narasimha_temple,_Simhachalam","https://en.wikipedia.org/wiki/Varaha_Lakshmi_Narasimha_temple,_Simhachalam",en.wikipedia.org
Varahaswamy Temple,https://en.wikipedia.org/wiki/Varahaswamy_Temple,https://en.wikipedia.org/wiki/Varahaswamy_Temple,en.wikipedia.org
Vedadri Narasimha Temple,https://en.wikipedia.org/wiki/Vedadri_Narasimha_Temple,https://en.wikipedia.org/wiki/Vedadri_Narasimha_Temple,en.wikipedia.org
Vedadri,https://en.wikipedia.org/wiki/Vedadri,https://en.wikipedia.org/wiki/Vedadri,en.wikipedia.org
"Vedanarayana Temple, Nagalapuram","https://en.wikipedia.org/wiki/Vedanarayana_Temple,_Nagalapuram","https://en.wikipedia.org/wiki/Vedanarayana_Temple,_Nagalapuram",en.wikipedia.org
"Veerabhadra Temple, Lepakshi","https://en.wikipedia.org/wiki/Veerabhadra_Temple,_Lepakshi","https://en.wikipedia.org/wiki/Veerabhadra_Temple,_Lepakshi",en.wikipedia.org
"Veeranjaneya Temple, Ardhagiri","https://en.wikipedia.org/wiki/Veeranjaneya_Temple,_Ardhagiri","https://en.wikipedia.org/wiki/Veeranjaneya_Temple,_Ardhagiri",en.wikipedia.org
"Venkateswara Temple, Dwaraka Tirumala","https://en.wikipedia.org/wiki/Venkateswara_Temple,_Dwaraka_Tirumala","https://en.wikipedia.org/wiki/Venkateswara_Temple,_Dwaraka_Tirumala",en.wikipedia.org
"Venkateswara Temple, Tirumala","https://en.wikipedia.org/wiki/Venkateswara_Temple,_Tirumala","https://en.wikipedia.org/wiki/Venkateswara_Temple,_Tirumala",en.wikipedia.org
"Vinayaka Temple, Kanipakam","https://en.wikipedia.org/wiki/Vinayaka_Temple,_Kanipakam","https://en.wikipedia.org/wiki/Vinayaka_Temple,_Kanipakam",en.wikipedia.org
Yaganti temple,https://en.wikipedia.org/wiki/Yaganti_temple,https://en.wikipedia.org/wiki/Yaganti_temple,en.wikipedia.org
Yaganti,https://en.wikipedia.org/wiki/Yaganti,https://en.wikipedia.org/wiki/Yaganti,en.wikipedia.org
edit,/w/index.php?title=List_of_Hindu_temples_in_India&action=edit&section=2,https://en.wikipedia.org/w/index.php?title=List_of_Hindu_temples_in_India&action=edit&section=2,en.wikipedia.org
Parshuram Kund,https://en.wikipedia.org/wiki/Parshuram_Kund,https://en.wikipedia.org/wiki/Parshuram_Kund,en.wikipedia.org
Rangnuwk hum,https://en.wikipedia.org/wiki/Rangnuwk_hum,https://en.wikipedia.org/wiki/Rangnuwk_hum,en.wikipedia.org
edit,/w/index.php?title=List_of_Hindu_temples_in_India&action=edit&section=3,https://en.wikipedia.org/w/index.php?title=List_of_Hindu_temples_in_India&action=edit&section=3,en.wikipedia.org
,https://en.wikipedia.org/wiki/File:Temple_of_Kamakhya.jpg,https://en.wikipedia.org/wiki/File:Temple_of_Kamakhya.jpg,en.wikipedia.org
Kamakhya Temple,https://en.wikipedia.org/wiki/Kamakhya_Temple,https://en.wikipedia.org/wiki/Kamakhya_Temple,en.wikipedia.org
,https://en.wikipedia.org/wiki/File:Siva_Dol.JPG,https://en.wikipedia.org/wiki/File:Siva_Dol.JPG,en.wikipedia.org
Sivadol,https://en.wikipedia.org/wiki/Sivadol,https://en.wikipedia.org/wiki/Sivadol,en.wikipedia.org
List of temples in Guwahati,https://en.wikipedia.org/wiki/List_of_temples_in_Guwahati,https://en.wikipedia.org/wiki/List_of_temples_in_Guwahati,en.wikipedia.org
Bhairabi Temple,https://en.wikipedia.org/wiki/Bhairabi_Temple,https://en.wikipedia.org/wiki/Bhairabi_Temple,en.wikipedia.org
Tezpur,https://en.wikipedia.org/wiki/Tezpur,https://en.wikipedia.org/wiki/Tezpur,en.wikipedia.org
Dah Parvatiya,https://en.wikipedia.org/wiki/Dah_Parvatiya,https://en.wikipedia.org/wiki/Dah_Parvatiya,en.wikipedia.org
Deopani Durga Mandir,https://en.wikipedia.org/wiki/Deopani_Durga_Mandir,https://en.wikipedia.org/wiki/Deopani_Durga_Mandir,en.wikipedia.org
Karbi Anglong district,https://en.wikipedia.org/wiki/Karbi_Anglong_district,https://en.wikipedia.org/wiki/Karbi_Anglong_district,en.wikipedia.org
Dhekiakhowa Bornamghar,https://en.wikipedia.org/wiki/Dhekiakhowa_Bornamghar,https://en.wikipedia.org/wiki/Dhekiakhowa_Bornamghar,en.wikipedia.org
Dirgheshwari temple,https://en.wikipedia.org/wiki/Dirgheshwari_temple,https://en.wikipedia.org/wiki/Dirgheshwari_temple,en.wikipedia.org
Guwahati,https://en.wikipedia.org/wiki/Guwahati,https://en.wikipedia.org/wiki/Guwahati,en.wikipedia.org
Doul Govinda Temple,https://en.wikipedia.org/wiki/Doul_Govinda_Temple,https://en.wikipedia.org/wiki/Doul_Govinda_Temple,en.wikipedia.org
Guwahati,https://en.wikipedia.org/wiki/Guwahati,https://en.wikipedia.org/wiki/Guwahati,en.wikipedia.org
Hatimura Temple,https://en.wikipedia.org/wiki/Hatimura_Temple,https://en.wikipedia.org/wiki/Hatimura_Temple,en.wikipedia.org
Silghat,https://en.wikipedia.org/wiki/Silghat,https://en.wikipedia.org/wiki/Silghat,en.wikipedia.org
Hayagriva Madhava Temple,https://en.wikipedia.org/wiki/Hayagriva_Madhava_Temple,https://en.wikipedia.org/wiki/Hayagriva_Madhava_Temple,en.wikipedia.org
Hajo,https://en.wikipedia.org/wiki/Hajo_(India),https://en.wikipedia.org/wiki/Hajo_(India),en.wikipedia.org
Kamakhya Temple,https://en.wikipedia.org/wiki/Kamakhya_Temple,https://en.wikipedia.org/wiki/Kamakhya_Temple,en.wikipedia.org
Guwahati,https://en.wikipedia.org/wiki/Guwahati,https://en.wikipedia.org/wiki/Guwahati,en.wikipedia.org
Ketakeshwar Dewal,https://en.wikipedia.org/wiki/Ketakeshwar_Dewal,https://en.wikipedia.org/wiki/Ketakeshwar_Dewal,en.wikipedia.org
Tezpur,https://en.wikipedia.org/wiki/Tezpur,https://en.wikipedia.org/wiki/Tezpur,en.wikipedia.org
Madhab Than,https://en.wikipedia.org/wiki/Madhab_Than,https://en.wikipedia.org/wiki/Madhab_Than,en.wikipedia.org
Mahabhairav Temple,https://en.wikipedia.org/wiki/Mahabhairav_Temple,https://en.wikipedia.org/wiki/Mahabhairav_Temple,en.wikipedia.org
Tezpur,https://en.wikipedia.org/wiki/Tezpur,https://en.wikipedia.org/wiki/Tezpur,en.wikipedia.org
Mahamaya Dham,https://en.wikipedia.org/wiki/Mahamaya_Dham,https://en.wikipedia.org/wiki/Mahamaya_Dham,en.wikipedia.org
Dhubri district,https://en.wikipedia.org/wiki/Dhubri_district,https://en.wikipedia.org/wiki/Dhubri_district,en.wikipedia.org
Malinithan,https://en.wikipedia.org/wiki/Malinithan,https://en.wikipedia.org/wiki/Malinithan,en.wikipedia.org
Navagraha temples,https://en.wikipedia.org/wiki/Navagraha_temples,https://en.wikipedia.org/wiki/Navagraha_temples,en.wikipedia.org
Guwahati,https://en.wikipedia.org/wiki/Guwahati,https://en.wikipedia.org/wiki/Guwahati,en.wikipedia.org
Negheriting Shiva Doul,https://en.wikipedia.org/wiki/Negheriting_Shiva_Doul,https://en.wikipedia.org/wiki/Negheriting_Shiva_Doul,en.wikipedia.org
Dergaon,https://en.wikipedia.org/wiki/Dergaon,https://en.wikipedia.org/wiki/Dergaon,en.wikipedia.org
Rangnath Dol,https://en.wikipedia.org/wiki/Rangnath_Dol,https://en.wikipedia.org/wiki/Rangnath_Dol,en.wikipedia.org
Rudreswar Temple,https://en.wikipedia.org/wiki/Rudreswar_Temple,https://en.wikipedia.org/wiki/Rudreswar_Temple,en.wikipedia.org
Guwahati,https://en.wikipedia.org/wiki/Guwahati,https://en.wikipedia.org/wiki/Guwahati,en.wikipedia.org
Sivasagar Sivadol,https://en.wikipedia.org/wiki/Sivasagar_Sivadol,https://en.wikipedia.org/wiki/Sivasagar_Sivadol,en.wikipedia.org
Sukreswar Temple,https://en.wikipedia.org/wiki/Sukreswar_Temple,https://en.wikipedia.org/wiki/Sukreswar_Temple,en.wikipedia.org
Guwahati,https://en.wikipedia.org/wiki/Guwahati,https://en.wikipedia.org/wiki/Guwahati,en.wikipedia.org
Tamreswari Temple,https://en.wikipedia.org/wiki/Tamreswari_Temple,https://en.wikipedia.org/wiki/Tamreswari_Temple,en.wikipedia.org
Ugratara Devalaya,https://en.wikipedia.org/wiki/Ugratara_Devalaya,https://en.wikipedia.org/wiki/Ugratara_Devalaya,en.wikipedia.org
Guwahati,https://en.wikipedia.org/wiki/Guwahati,https://en.wikipedia.org/wiki/Guwahati,en.wikipedia.org
edit,/w/index.php?title=List_of_Hindu_temples_in_India&action=edit&section=4,https://en.wikipedia.org/w/index.php?title=List_of_Hindu_temples_in_India&action=edit&section=4,en.wikipedia.org
,https://en.wikipedia.org/wiki/File:Maa_Mundeshwari_Devi.jpg,https://en.wikipedia.org/wiki/File:Maa_Mundeshwari_Devi.jpg,en.wikipedia.org
Mundeshwari Temple,https://en.wikipedia.org/wiki/Mundeshwari_Temple,https://en.wikipedia.org/wiki/Mundeshwari_Temple,en.wikipedia.org
,https://en.wikipedia.org/wiki/File:Vishnupadh_Temple.jpg,https://en.wikipedia.org/wiki/File:Vishnupadh_Temple.jpg,en.wikipedia.org
Vishnupad Mandir,https://en.wikipedia.org/wiki/Vishnupad_Mandir,https://en.wikipedia.org/wiki/Vishnupad_Mandir,en.wikipedia.org
,https://en.wikipedia.org/wiki/File:Parasmanidham_Ariel_View.png,https://en.wikipedia.org/wiki/File:Parasmanidham_Ariel_View.png,en.wikipedia.org
Parasmaninath Temple,https://en.wikipedia.org/wiki/Parasmaninath_Temple,https://en.wikipedia.org/wiki/Parasmaninath_Temple,en.wikipedia.org
Aami Mandir,https://en.wikipedia.org/wiki/Aami_Mandir,https://en.wikipedia.org/wiki/Aami_Mandir,en.wikipedia.org
"Baba Mukteshwarnath Dham, Deohar",https://en.wikipedia.org/wiki/Baba_Mukteshwar_Dham,https://en.wikipedia.org/wiki/Baba_Mukteshwar_Dham,en.wikipedia.org
Bari Sangat Bihar,https://en.wikipedia.org/wiki/Bari_Sangat_Bihar,https://en.wikipedia.org/wiki/Bari_Sangat_Bihar,en.wikipedia.org
"Budhanath Temple, Bhagalpur",https://en.wikipedia.org/wiki/Budhanath_Temple,https://en.wikipedia.org/wiki/Budhanath_Temple,en.wikipedia.org
Budhimai,https://en.wikipedia.org/wiki/Budhimai,https://en.wikipedia.org/wiki/Budhimai,en.wikipedia.org
"Chandika Sthan, Munger",https://en.wikipedia.org/wiki/Chandika_Sthan,https://en.wikipedia.org/wiki/Chandika_Sthan,en.wikipedia.org
Garibnath Temple,https://en.wikipedia.org/wiki/Garibnath_Temple,https://en.wikipedia.org/wiki/Garibnath_Temple,en.wikipedia.org
Kapileshwar Temple,"https://en.wikipedia.org/wiki/Kapileshwar_Temple,_Bihar","https://en.wikipedia.org/wiki/Kapileshwar_Temple,_Bihar",en.wikipedia.org
Khudneshwar Asthan Morwa,https://en.wikipedia.org/wiki/Khudneshwar_Asthan_Morwa,https://en.wikipedia.org/wiki/Khudneshwar_Asthan_Morwa,en.wikipedia.org
Lal Keshwar Shiv Temple,https://en.wikipedia.org/wiki/Lal_Keshwar_Shiv_Temple,https://en.wikipedia.org/wiki/Lal_Keshwar_Shiv_Temple,en.wikipedia.org
Maa Tara Chandi Temple,https://en.wikipedia.org/wiki/Maa_Tara_Chandi_Temple,https://en.wikipedia.org/wiki/Maa_Tara_Chandi_Temple,en.wikipedia.org
Mahavir Mandir,https://en.wikipedia.org/wiki/Mahavir_Mandir,https://en.wikipedia.org/wiki/Mahavir_Mandir,en.wikipedia.org
Patna,https://en.wikipedia.org/wiki/Patna,https://en.wikipedia.org/wiki/Patna,en.wikipedia.org
Mangla Gauri Temple,https://en.wikipedia.org/wiki/Mangla_Gauri_Temple,https://en.wikipedia.org/wiki/Mangla_Gauri_Temple,en.wikipedia.org
Mitheshwarnath Shiva Temple,https://en.wikipedia.org/wiki/Mitheshwarnath_Shiva_Temple,https://en.wikipedia.org/wiki/Mitheshwarnath_Shiva_Temple,en.wikipedia.org
Mundeshwari Temple,https://en.wikipedia.org/wiki/Mundeshwari_Temple,https://en.wikipedia.org/wiki/Mundeshwari_Temple,en.wikipedia.org
Maharani sthan,https://en.wikipedia.org/wiki/Maharani_Sthan,https://en.wikipedia.org/wiki/Maharani_Sthan,en.wikipedia.org
"Pataleshwar Mandir, Hajipur",https://en.wikipedia.org/wiki/Pataleshwar_Mandir,https://en.wikipedia.org/wiki/Pataleshwar_Mandir,en.wikipedia.org
Patan Devi,https://en.wikipedia.org/wiki/Patan_Devi,https://en.wikipedia.org/wiki/Patan_Devi,en.wikipedia.org
"Ramchaura Mandir, Hajipur",https://en.wikipedia.org/wiki/Ramchaura_Mandir,https://en.wikipedia.org/wiki/Ramchaura_Mandir,en.wikipedia.org
"Shitala Mata Temple, Patna","https://en.wikipedia.org/wiki/Shitala_Mata_Temple,_Patna","https://en.wikipedia.org/wiki/Shitala_Mata_Temple,_Patna",en.wikipedia.org
Shri Adinath Akhara,https://en.wikipedia.org/wiki/Shri_Adinath_Akhara,https://en.wikipedia.org/wiki/Shri_Adinath_Akhara,en.wikipedia.org
Sita Kund,https://en.wikipedia.org/wiki/Sita_Kund,https://en.wikipedia.org/wiki/Sita_Kund,en.wikipedia.org
Thawe Mandir,https://en.wikipedia.org/wiki/Thawe_Mandir,https://en.wikipedia.org/wiki/Thawe_Mandir,en.wikipedia.org
"Ugna Mahadev, Bhawanipur","https://en.wikipedia.org/wiki/Ugna_Mahadev,_Bhawanipur","https://en.wikipedia.org/wiki/Ugna_Mahadev,_Bhawanipur",en.wikipedia.org
Viraat Ramayan Mandir,https://en.wikipedia.org/wiki/Viraat_Ramayan_Mandir,https://en.wikipedia.org/wiki/Viraat_Ramayan_Mandir,en.wikipedia.org
Vishnudham Mandir,https://en.wikipedia.org/wiki/Vishnudham_Mandir,https://en.wikipedia.org/wiki/Vishnudham_Mandir,en.wikipedia.org
Vishnupad Temple,https://en.wikipedia.org/wiki/Vishnupad_Temple,https://en.wikipedia.org/wiki/Vishnupad_Temple,en.wikipedia.org
edit,/w/index.php?title=List_of_Hindu_temples_in_India&action=edit&section=5,https://en.wikipedia.org/w/index.php?title=List_of_Hindu_temples_in_India&action=edit&section=5,en.wikipedia.org
Chandi Mandir,https://en.wikipedia.org/wiki/Chandi_Mandir,https://en.wikipedia.org/wiki/Chandi_Mandir,en.wikipedia.org
edit,/w/index.php?title=List_of_Hindu_temples_in_India&action=edit&section=6,https://en.wikipedia.org/w/index.php?title=List_of_Hindu_temples_in_India&action=edit&section=6,en.wikipedia.org
,"https://en.wikipedia.org/wiki/File:Bhoramdeo_Temple,_Kawardha.jpg","https://en.wikipedia.org/wiki/File:Bhoramdeo_Temple,_Kawardha.jpg",en.wikipedia.org
Bhoramdeo Temple,https://en.wikipedia.org/wiki/Bhoramdeo_Temple,https://en.wikipedia.org/wiki/Bhoramdeo_Temple,en.wikipedia.org
,"https://en.wikipedia.org/wiki/File:Laxman_temple_at_sirpur,chhattisgarh,india.JPG","https://en.wikipedia.org/wiki/File:Laxman_temple_at_sirpur,chhattisgarh,india.JPG",en.wikipedia.org
"Laxman Temple, Sirpur",https://en.wikipedia.org/wiki/Sirpur_Group_of_Monuments,https://en.wikipedia.org/wiki/Sirpur_Group_of_Monuments,en.wikipedia.org
Ashtabhuji Temple,https://en.wikipedia.org/wiki/Ashtabhuji_Temple,https://en.wikipedia.org/wiki/Ashtabhuji_Temple,en.wikipedia.org
Bambleshwari Temple,https://en.wikipedia.org/wiki/Bambleshwari_Temple,https://en.wikipedia.org/wiki/Bambleshwari_Temple,en.wikipedia.org
Dongargarh,https://en.wikipedia.org/wiki/Dongargarh,https://en.wikipedia.org/wiki/Dongargarh,en.wikipedia.org
Barfani Dham,https://en.wikipedia.org/wiki/Barfani_Dham,https://en.wikipedia.org/wiki/Barfani_Dham,en.wikipedia.org
Bhoramdeo Temple,https://en.wikipedia.org/wiki/Bhoramdeo_Temple,https://en.wikipedia.org/wiki/Bhoramdeo_Temple,en.wikipedia.org
Danteshwari Temple,https://en.wikipedia.org/wiki/Danteshwari_Temple,https://en.wikipedia.org/wiki/Danteshwari_Temple,en.wikipedia.org
Dantewada,https://en.wikipedia.org/wiki/Dantewada,https://en.wikipedia.org/wiki/Dantewada,en.wikipedia.org
Dudhadhari temple,https://en.wikipedia.org/wiki/Dudhadhari_temple,https://en.wikipedia.org/wiki/Dudhadhari_temple,en.wikipedia.org
Ganga Maiya,https://en.wikipedia.org/wiki/Ganga_Maiya,https://en.wikipedia.org/wiki/Ganga_Maiya,en.wikipedia.org
Maa Bagheshwari Devi Temple,https://en.wikipedia.org/wiki/Kudargarh,https://en.wikipedia.org/wiki/Kudargarh,en.wikipedia.org
Surajpur,"https://en.wikipedia.org/wiki/Surajpur,_Chhattisgarh","https://en.wikipedia.org/wiki/Surajpur,_Chhattisgarh",en.wikipedia.org
"Laxman Temple, Sirpur",https://en.wikipedia.org/wiki/Sirpur_Group_of_Monuments,https://en.wikipedia.org/wiki/Sirpur_Group_of_Monuments,en.wikipedia.org
"Mahadev Temple, Deobaloda","https://en.wikipedia.org/wiki/Mahadev_Temple,_Deobaloda","https://en.wikipedia.org/wiki/Mahadev_Temple,_Deobaloda",en.wikipedia.org
Mahamaya Temple,https://en.wikipedia.org/wiki/Mahamaya_Temple,https://en.wikipedia.org/wiki/Mahamaya_Temple,en.wikipedia.org
Surguja,https://en.wikipedia.org/wiki/Surguja,https://en.wikipedia.org/wiki/Surguja,en.wikipedia.org
Mahamaya Temple,https://en.wikipedia.org/wiki/Mahamaya_Temple,https://en.wikipedia.org/wiki/Mahamaya_Temple,en.wikipedia.org
Bilaspur,"https://en.wikipedia.org/wiki/Bilaspur,_Chhattisgarh","https://en.wikipedia.org/wiki/Bilaspur,_Chhattisgarh",en.wikipedia.org
Mata Kaushalya Temple,https://en.wikipedia.org/wiki/Mata_Kaushalya_Temple,https://en.wikipedia.org/wiki/Mata_Kaushalya_Temple,en.wikipedia.org
Sarvamangla,https://en.wikipedia.org/wiki/Sarvamangla,https://en.wikipedia.org/wiki/Sarvamangla,en.wikipedia.org
edit,/w/index.php?title=List_of_Hindu_temples_in_India&action=edit&section=7,https://en.wikipedia.org/w/index.php?title=List_of_Hindu_temples_in_India&action=edit&section=7,en.wikipedia.org
,https://en.wikipedia.org/wiki/File:Akshardham_Lotus.jpg,https://en.wikipedia.org/wiki/File:Akshardham_Lotus.jpg,en.wikipedia.org
Akshardham,https://en.wikipedia.org/wiki/Akshardham_(Delhi),https://en.wikipedia.org/wiki/Akshardham_(Delhi),en.wikipedia.org
,https://en.wikipedia.org/wiki/File:Laxminarayan_Temple_in_New_Delhi_03-2016.jpg,https://en.wikipedia.org/wiki/File:Laxminarayan_Temple_in_New_Delhi_03-2016.jpg,en.wikipedia.org
Laxminarayan Birla Temple,https://en.wikipedia.org/wiki/Laxminarayan_Temple,https://en.wikipedia.org/wiki/Laxminarayan_Temple,en.wikipedia.org
Chhatarpur Temple,https://en.wikipedia.org/wiki/Chhatarpur_Temple,https://en.wikipedia.org/wiki/Chhatarpur_Temple,en.wikipedia.org
Chittaranjan Park Kali Mandir,https://en.wikipedia.org/wiki/Chittaranjan_Park_Kali_Mandir,https://en.wikipedia.org/wiki/Chittaranjan_Park_Kali_Mandir,en.wikipedia.org
"Hanuman Temple, Connaught Place","https://en.wikipedia.org/wiki/Hanuman_Temple,_Connaught_Place","https://en.wikipedia.org/wiki/Hanuman_Temple,_Connaught_Place",en.wikipedia.org
"ISKCON Temple, Delhi","https://en.wikipedia.org/wiki/ISKCON_Temple,_Delhi","https://en.wikipedia.org/wiki/ISKCON_Temple,_Delhi",en.wikipedia.org
Jhandewalan Temple,https://en.wikipedia.org/wiki/Jhandewalan_Temple,https://en.wikipedia.org/wiki/Jhandewalan_Temple,en.wikipedia.org
Kalkaji Mandir,https://en.wikipedia.org/wiki/Kalkaji_Mandir,https://en.wikipedia.org/wiki/Kalkaji_Mandir,en.wikipedia.org
New Delhi Kali Bari,https://en.wikipedia.org/wiki/New_Delhi_Kali_Bari,https://en.wikipedia.org/wiki/New_Delhi_Kali_Bari,en.wikipedia.org
Nili Chhatri,https://en.wikipedia.org/wiki/Nili_Chhatri,https://en.wikipedia.org/wiki/Nili_Chhatri,en.wikipedia.org
Shani Dham Temple,https://en.wikipedia.org/wiki/Shani_Dham_Temple,https://en.wikipedia.org/wiki/Shani_Dham_Temple,en.wikipedia.org
Swaminarayan Akshardham,https://en.wikipedia.org/wiki/Swaminarayan_Akshardham_(Delhi),https://en.wikipedia.org/wiki/Swaminarayan_Akshardham_(Delhi),en.wikipedia.org
Uttara Guruvayurappan Temple,https://en.wikipedia.org/wiki/Uttara_Guruvayurappan_Temple,https://en.wikipedia.org/wiki/Uttara_Guruvayurappan_Temple,en.wikipedia.org
Uttara Swami Malai Temple,https://en.wikipedia.org/wiki/Uttara_Swami_Malai_Temple,https://en.wikipedia.org/wiki/Uttara_Swami_Malai_Temple,en.wikipedia.org
Yogmaya Temple,"https://en.wikipedia.org/wiki/Yogmaya_Temple,_New_Delhi","https://en.wikipedia.org/wiki/Yogmaya_Temple,_New_Delhi",en.wikipedia.org
edit,/w/index.php?title=List_of_Hindu_temples_in_India&action=edit&section=8,https://en.wikipedia.org/w/index.php?title=List_of_Hindu_temples_in_India&action=edit&section=8,en.wikipedia.org
List of temples in Goa,https://en.wikipedia.org/wiki/List_of_temples_in_Goa,https://en.wikipedia.org/wiki/List_of_temples_in_Goa,en.wikipedia.org
"Mahadev Temple, Tambdi Surla","https://en.wikipedia.org/wiki/Mahadev_Temple,_Tambdi_Surla","https://en.wikipedia.org/wiki/Mahadev_Temple,_Tambdi_Surla",en.wikipedia.org
"Mandodari Temple, Betki","https://en.wikipedia.org/wiki/Mandodari_Temple,_Betki","https://en.wikipedia.org/wiki/Mandodari_Temple,_Betki",en.wikipedia.org
Shri Damodar Temple,"https://en.wikipedia.org/wiki/Shri_Damodar_Sansthaan,_Goa","https://en.wikipedia.org/wiki/Shri_Damodar_Sansthaan,_Goa",en.wikipedia.org
Zambaulim,https://en.wikipedia.org/wiki/Zambaulim,https://en.wikipedia.org/wiki/Zambaulim,en.wikipedia.org
"Mahalasa Narayani Temple, Mardol","https://en.wikipedia.org/wiki/Mahalasa_Narayani_Temple,_Mardol","https://en.wikipedia.org/wiki/Mahalasa_Narayani_Temple,_Mardol",en.wikipedia.org
edit,/w/index.php?title=List_of_Hindu_temples_in_India&action=edit&section=9,https://en.wikipedia.org/w/index.php?title=List_of_Hindu_temples_in_India&action=edit&section=9,en.wikipedia.org
,https://en.wikipedia.org/wiki/File:Dwarkadheesh_temple.jpg,https://en.wikipedia.org/wiki/File:Dwarkadheesh_temple.jpg,en.wikipedia.org
Dwarkadhish Temple,https://en.wikipedia.org/wiki/Dwarkadhish_Temple,https://en.wikipedia.org/wiki/Dwarkadhish_Temple,en.wikipedia.org
,https://en.wikipedia.org/wiki/File:Damodar_Kund_-_Junagadh_-_Gujarat_-_DSC001.jpg,https://en.wikipedia.org/wiki/File:Damodar_Kund_-_Junagadh_-_Gujarat_-_DSC001.jpg,en.wikipedia.org
"Radha Damodar Temple, Junagadh","https://en.wikipedia.org/wiki/Radha_Damodar_Temple,_Junagadh","https://en.wikipedia.org/wiki/Radha_Damodar_Temple,_Junagadh",en.wikipedia.org
,https://en.wikipedia.org/wiki/File:Somnath-current.jpg,https://en.wikipedia.org/wiki/File:Somnath-current.jpg,en.wikipedia.org
Somnath temple,https://en.wikipedia.org/wiki/Somnath_temple,https://en.wikipedia.org/wiki/Somnath_temple,en.wikipedia.org
,"https://en.wikipedia.org/wiki/File:Sun_Temple,_Modhera_06.jpg","https://en.wikipedia.org/wiki/File:Sun_Temple,_Modhera_06.jpg",en.wikipedia.org
"Sun Temple, Modhera","https://en.wikipedia.org/wiki/Sun_Temple,_Modhera","https://en.wikipedia.org/wiki/Sun_Temple,_Modhera",en.wikipedia.org
Ahmedabad Kali Bari,https://en.wikipedia.org/wiki/Ahmedabad_Kali_Bari,https://en.wikipedia.org/wiki/Ahmedabad_Kali_Bari,en.wikipedia.org
Bahuchara Mata,https://en.wikipedia.org/wiki/Bahuchara_Mata,https://en.wikipedia.org/wiki/Bahuchara_Mata,en.wikipedia.org
Becharaji,https://en.wikipedia.org/wiki/Becharaji,https://en.wikipedia.org/wiki/Becharaji,en.wikipedia.org
Bhalka,https://en.wikipedia.org/wiki/Bhalka,https://en.wikipedia.org/wiki/Bhalka,en.wikipedia.org
"Bhavnath Temple, Mau","https://en.wikipedia.org/wiki/Bhavnath_Temple,_Mau","https://en.wikipedia.org/wiki/Bhavnath_Temple,_Mau",en.wikipedia.org
Bhavnath,https://en.wikipedia.org/wiki/Bhavnath,https://en.wikipedia.org/wiki/Bhavnath,en.wikipedia.org
Camp Hanuman Temple,https://en.wikipedia.org/wiki/Camp_Hanuman_Temple,https://en.wikipedia.org/wiki/Camp_Hanuman_Temple,en.wikipedia.org
Chotila,https://en.wikipedia.org/wiki/Chotila,https://en.wikipedia.org/wiki/Chotila,en.wikipedia.org
Dwarkadhish Temple,https://en.wikipedia.org/wiki/Dwarkadhish_Temple,https://en.wikipedia.org/wiki/Dwarkadhish_Temple,en.wikipedia.org
EME Temple,https://en.wikipedia.org/wiki/EME_Temple,https://en.wikipedia.org/wiki/EME_Temple,en.wikipedia.org
Girnar,https://en.wikipedia.org/wiki/Girnar,https://en.wikipedia.org/wiki/Girnar,en.wikipedia.org
Gorthiya Mahadev Temple,https://en.wikipedia.org/wiki/Gorthiya_Mahadev_Temple,https://en.wikipedia.org/wiki/Gorthiya_Mahadev_Temple,en.wikipedia.org
"Hanuman temple, Salangpur","https://en.wikipedia.org/wiki/Hanuman_temple,_Salangpur","https://en.wikipedia.org/wiki/Hanuman_temple,_Salangpur",en.wikipedia.org
"Jagannath Temple, Ahmedabad","https://en.wikipedia.org/wiki/Jagannath_Temple,_Ahmedabad","https://en.wikipedia.org/wiki/Jagannath_Temple,_Ahmedabad",en.wikipedia.org
"Kalika Mata Temple, Pavagadh","https://en.wikipedia.org/wiki/Kalika_Mata_Temple,_Pavagadh","https://en.wikipedia.org/wiki/Kalika_Mata_Temple,_Pavagadh",en.wikipedia.org
Nageshwar Jyotirlinga,https://en.wikipedia.org/wiki/Nageshwar_Jyotirlinga,https://en.wikipedia.org/wiki/Nageshwar_Jyotirlinga,en.wikipedia.org
Navlakha temple,https://en.wikipedia.org/wiki/Navlakha_temple,https://en.wikipedia.org/wiki/Navlakha_temple,en.wikipedia.org
Ghumli,https://en.wikipedia.org/wiki/Ghumli,https://en.wikipedia.org/wiki/Ghumli,en.wikipedia.org
"Neminath Jain Temple, Girnar","https://en.wikipedia.org/wiki/Neminath_Jain_Temple,_Girnar","https://en.wikipedia.org/wiki/Neminath_Jain_Temple,_Girnar",en.wikipedia.org
"New Swaminarayan temple, Bhuj","https://en.wikipedia.org/wiki/New_Swaminarayan_temple,_Bhuj","https://en.wikipedia.org/wiki/New_Swaminarayan_temple,_Bhuj",en.wikipedia.org
"Radha Damodar Temple, Junagadh","https://en.wikipedia.org/wiki/Radha_Damodar_Temple,_Junagadh","https://en.wikipedia.org/wiki/Radha_Damodar_Temple,_Junagadh",en.wikipedia.org
Rudra Mahalaya Temple,https://en.wikipedia.org/wiki/Rudra_Mahalaya_Temple,https://en.wikipedia.org/wiki/Rudra_Mahalaya_Temple,en.wikipedia.org
Rukmini Devi Temple,https://en.wikipedia.org/wiki/Rukmini_Devi_Temple,https://en.wikipedia.org/wiki/Rukmini_Devi_Temple,en.wikipedia.org
Sadhimataji temple,https://en.wikipedia.org/wiki/Sadhimataji_temple,https://en.wikipedia.org/wiki/Sadhimataji_temple,en.wikipedia.org
Santram Mandir,https://en.wikipedia.org/wiki/Santram_Mandir,https://en.wikipedia.org/wiki/Santram_Mandir,en.wikipedia.org
Shamlaji,https://en.wikipedia.org/wiki/Shamlaji,https://en.wikipedia.org/wiki/Shamlaji,en.wikipedia.org
"Shiva temple, Kera","https://en.wikipedia.org/wiki/Shiva_temple,_Kera","https://en.wikipedia.org/wiki/Shiva_temple,_Kera",en.wikipedia.org
"Shri Keshavraiji Temple, Bet Dwarka","https://en.wikipedia.org/wiki/Shri_Keshavraiji_Temple,_Bet_Dwarka","https://en.wikipedia.org/wiki/Shri_Keshavraiji_Temple,_Bet_Dwarka",en.wikipedia.org
Someshwar Mahadev Temple,https://en.wikipedia.org/wiki/Someshwar_Mahadev_Temple,https://en.wikipedia.org/wiki/Someshwar_Mahadev_Temple,en.wikipedia.org
Somnath Temple,https://en.wikipedia.org/wiki/Somnath_Temple,https://en.wikipedia.org/wiki/Somnath_Temple,en.wikipedia.org
"Sun Temple, Modhera","https://en.wikipedia.org/wiki/Sun_Temple,_Modhera","https://en.wikipedia.org/wiki/Sun_Temple,_Modhera",en.wikipedia.org
Swaminarayan Akshardham (Gandhinagar),https://en.wikipedia.org/wiki/Swaminarayan_Akshardham_(Gandhinagar),https://en.wikipedia.org/wiki/Swaminarayan_Akshardham_(Gandhinagar),en.wikipedia.org
"Swaminarayan Mandir, Gadhada","https://en.wikipedia.org/wiki/Swaminarayan_Mandir,_Gadhada","https://en.wikipedia.org/wiki/Swaminarayan_Mandir,_Gadhada",en.wikipedia.org
"Swaminarayan Temple, Ahmedabad","https://en.wikipedia.org/wiki/Swaminarayan_Temple,_Ahmedabad","https://en.wikipedia.org/wiki/Swaminarayan_Temple,_Ahmedabad",en.wikipedia.org
Umiya Mata Temple,https://en.wikipedia.org/wiki/Umiya_Mata_Temple,https://en.wikipedia.org/wiki/Umiya_Mata_Temple,en.wikipedia.org
edit,/w/index.php?title=List_of_Hindu_temples_in_India&action=edit&section=10,https://en.wikipedia.org/w/index.php?title=List_of_Hindu_temples_in_India&action=edit&section=10,en.wikipedia.org
,"https://en.wikipedia.org/wiki/File:A_temple_in_Mansa_Devi_temple_complex,_Panchkula_near_Chandigarh.jpg","https://en.wikipedia.org/wiki/File:A_temple_in_Mansa_Devi_temple_complex,_Panchkula_near_Chandigarh.jpg",en.wikipedia.org
Mansa Devi Mandir,https://en.wikipedia.org/wiki/Mata_Mansa_Devi_Mandir,https://en.wikipedia.org/wiki/Mata_Mansa_Devi_Mandir,en.wikipedia.org
Agroha Dham,https://en.wikipedia.org/wiki/Agroha_Dham,https://en.wikipedia.org/wiki/Agroha_Dham,en.wikipedia.org
Bhuteshwar Temple,https://en.wikipedia.org/wiki/Bhuteshwar_Temple,https://en.wikipedia.org/wiki/Bhuteshwar_Temple,en.wikipedia.org
Brahma Sarovar,https://en.wikipedia.org/wiki/Brahma_Sarovar,https://en.wikipedia.org/wiki/Brahma_Sarovar,en.wikipedia.org
Kurukshetra,https://en.wikipedia.org/wiki/Kurukshetra,https://en.wikipedia.org/wiki/Kurukshetra,en.wikipedia.org
Jyotisar,https://en.wikipedia.org/wiki/Jyotisar,https://en.wikipedia.org/wiki/Jyotisar,en.wikipedia.org
Kurukshetra,https://en.wikipedia.org/wiki/Kurukshetra,https://en.wikipedia.org/wiki/Kurukshetra,en.wikipedia.org
"Kartikeya Temple, Pehowa","https://en.wikipedia.org/wiki/Kartikeya_Temple,_Pehowa","https://en.wikipedia.org/wiki/Kartikeya_Temple,_Pehowa",en.wikipedia.org
Mata Mansa Devi Mandir,https://en.wikipedia.org/wiki/Mata_Mansa_Devi_Mandir,https://en.wikipedia.org/wiki/Mata_Mansa_Devi_Mandir,en.wikipedia.org
Pindara Temple,https://en.wikipedia.org/wiki/Pindara_Temple,https://en.wikipedia.org/wiki/Pindara_Temple,en.wikipedia.org
Sannihit Sarovar,https://en.wikipedia.org/wiki/Sannihit_Sarovar,https://en.wikipedia.org/wiki/Sannihit_Sarovar,en.wikipedia.org
Kurukshetra,https://en.wikipedia.org/wiki/Kurukshetra,https://en.wikipedia.org/wiki/Kurukshetra,en.wikipedia.org
Sthaneshwar Mahadev Temple,https://en.wikipedia.org/wiki/Sthaneshwar_Mahadev_Temple,https://en.wikipedia.org/wiki/Sthaneshwar_Mahadev_Temple,en.wikipedia.org
edit,/w/index.php?title=List_of_Hindu_temples_in_India&action=edit&section=11,https://en.wikipedia.org/w/index.php?title=List_of_Hindu_temples_in_India&action=edit&section=11,en.wikipedia.org
,"https://en.wikipedia.org/wiki/File:Naina_Devi,_Himachal_Pardesh_(10).jpg","https://en.wikipedia.org/wiki/File:Naina_Devi,_Himachal_Pardesh_(10).jpg",en.wikipedia.org
Naina Devi,https://en.wikipedia.org/wiki/Naina_Devi,https://en.wikipedia.org/wiki/Naina_Devi,en.wikipedia.org
Bilsapur,"https://en.wikipedia.org/wiki/Bilaspur_district,_Himachal_Pradesh","https://en.wikipedia.org/wiki/Bilaspur_district,_Himachal_Pradesh",en.wikipedia.org
Shaktipeethas,https://en.wikipedia.org/wiki/Shakta_pithas,https://en.wikipedia.org/wiki/Shakta_pithas,en.wikipedia.org
,https://en.wikipedia.org/wiki/File:Shikari_Devi_Temple.jpg,https://en.wikipedia.org/wiki/File:Shikari_Devi_Temple.jpg,en.wikipedia.org
Shikari Devi Temple,https://en.wikipedia.org/wiki/Shikari_Devi_Temple,https://en.wikipedia.org/wiki/Shikari_Devi_Temple,en.wikipedia.org
Karsog,https://en.wikipedia.org/wiki/Karsog,https://en.wikipedia.org/wiki/Karsog,en.wikipedia.org
Mandi district,https://en.wikipedia.org/wiki/Mandi_district,https://en.wikipedia.org/wiki/Mandi_district,en.wikipedia.org
,https://en.wikipedia.org/wiki/File:Kalibari_Shimla.jpg,https://en.wikipedia.org/wiki/File:Kalibari_Shimla.jpg,en.wikipedia.org
Kali Bari Temple,"https://en.wikipedia.org/wiki/Kali_Bari,_Shimla","https://en.wikipedia.org/wiki/Kali_Bari,_Shimla",en.wikipedia.org
Shimla,https://en.wikipedia.org/wiki/Shimla,https://en.wikipedia.org/wiki/Shimla,en.wikipedia.org
,"https://en.wikipedia.org/wiki/File:Jwalamukhi_temple,kangra,_himachal_pradesh..JPG","https://en.wikipedia.org/wiki/File:Jwalamukhi_temple,kangra,_himachal_pradesh..JPG",en.wikipedia.org
Jwalamukhi Temple,"https://en.wikipedia.org/wiki/Jwalamukhi_temple,_Himachal_Pradesh","https://en.wikipedia.org/wiki/Jwalamukhi_temple,_Himachal_Pradesh",en.wikipedia.org
Kangra,https://en.wikipedia.org/wiki/Kangra_district,https://en.wikipedia.org/wiki/Kangra_district,en.wikipedia.org
Shaktipeethas,https://en.wikipedia.org/wiki/Shakta_pithas,https://en.wikipedia.org/wiki/Shakta_pithas,en.wikipedia.org
,"https://en.wikipedia.org/wiki/File:0051223_Vajreshwari_Devi_Mandir,_Kangra_Himachal_Pradesh_011.jpg","https://en.wikipedia.org/wiki/File:0051223_Vajreshwari_Devi_Mandir,_Kangra_Himachal_Pradesh_011.jpg",en.wikipedia.org
Bajreshwari Temple,"https://en.wikipedia.org/wiki/Bajreshwari_Mata_Temple,_Kangra","https://en.wikipedia.org/wiki/Bajreshwari_Mata_Temple,_Kangra",en.wikipedia.org
Shaktipeethas,https://en.wikipedia.org/wiki/Shakta_pithas,https://en.wikipedia.org/wiki/Shakta_pithas,en.wikipedia.org
,https://en.wikipedia.org/wiki/File:Jakhoo_Mandir_drone_view.jpg,https://en.wikipedia.org/wiki/File:Jakhoo_Mandir_drone_view.jpg,en.wikipedia.org
Jakhu Temple,https://en.wikipedia.org/wiki/Jakhu_Temple,https://en.wikipedia.org/wiki/Jakhu_Temple,en.wikipedia.org
Shimla,https://en.wikipedia.org/wiki/Shimla,https://en.wikipedia.org/wiki/Shimla,en.wikipedia.org
,https://en.wikipedia.org/wiki/File:Hidimba_Devi_Temple_-_North-east_View_-_Manali_2014-05-11_2648-2649.TIF,https://en.wikipedia.org/wiki/File:Hidimba_Devi_Temple_-_North-east_View_-_Manali_2014-05-11_2648-2649.TIF,en.wikipedia.org
Hidimba Devi Temple,https://en.wikipedia.org/wiki/Hidimba_Devi_Temple,https://en.wikipedia.org/wiki/Hidimba_Devi_Temple,en.wikipedia.org
Aadi Himani Chamunda,https://en.wikipedia.org/wiki/Aadi_Himani_Chamunda,https://en.wikipedia.org/wiki/Aadi_Himani_Chamunda,en.wikipedia.org
Kangra,https://en.wikipedia.org/wiki/Kangra_district,https://en.wikipedia.org/wiki/Kangra_district,en.wikipedia.org
Baba Balak Nath,https://en.wikipedia.org/wiki/Baba_Balak_Nath,https://en.wikipedia.org/wiki/Baba_Balak_Nath,en.wikipedia.org
"Baglamukhi Temple, Bankhandi","https://en.wikipedia.org/wiki/Bagalamukhi_Temple,_Bankhandi,_HP","https://en.wikipedia.org/wiki/Bagalamukhi_Temple,_Bankhandi,_HP",en.wikipedia.org
Kangra,https://en.wikipedia.org/wiki/Kangra_district,https://en.wikipedia.org/wiki/Kangra_district,en.wikipedia.org
Baijnath Temple,https://en.wikipedia.org/wiki/Baijnath_Temple,https://en.wikipedia.org/wiki/Baijnath_Temple,en.wikipedia.org
Baijnath,"https://en.wikipedia.org/wiki/Baijnath,_Himachal_Pradesh","https://en.wikipedia.org/wiki/Baijnath,_Himachal_Pradesh",en.wikipedia.org
Bajreshwari Mata Temple,"https://en.wikipedia.org/wiki/Bajreshwari_Mata_Temple,_Kangra","https://en.wikipedia.org/wiki/Bajreshwari_Mata_Temple,_Kangra",en.wikipedia.org
Kangra,https://en.wikipedia.org/wiki/Kangra_district,https://en.wikipedia.org/wiki/Kangra_district,en.wikipedia.org
Himachal Pradesh,https://en.wikipedia.org/wiki/Himachal_Pradesh,https://en.wikipedia.org/wiki/Himachal_Pradesh,en.wikipedia.org
Banni Mata Temple,https://en.wikipedia.org/wiki/Banni_Mata_Temple,https://en.wikipedia.org/wiki/Banni_Mata_Temple,en.wikipedia.org
Chamba,"https://en.wikipedia.org/wiki/Chamba,_Himachal_Pradesh","https://en.wikipedia.org/wiki/Chamba,_Himachal_Pradesh",en.wikipedia.org
Bathu Temples,https://en.wikipedia.org/wiki/Bathu_Temples,https://en.wikipedia.org/wiki/Bathu_Temples,en.wikipedia.org
Kangra,https://en.wikipedia.org/wiki/Kangra_district,https://en.wikipedia.org/wiki/Kangra_district,en.wikipedia.org
Bhalei Mata Temple,https://en.wikipedia.org/wiki/Bhalei_Mata_Temple,https://en.wikipedia.org/wiki/Bhalei_Mata_Temple,en.wikipedia.org
Chamba,"https://en.wikipedia.org/wiki/Chamba,_Himachal_Pradesh","https://en.wikipedia.org/wiki/Chamba,_Himachal_Pradesh",en.wikipedia.org
Bhimakali Mandir,https://en.wikipedia.org/wiki/Bhimakali_Temple,https://en.wikipedia.org/wiki/Bhimakali_Temple,en.wikipedia.org
Sarahan,https://en.wikipedia.org/wiki/Sarahan,https://en.wikipedia.org/wiki/Sarahan,en.wikipedia.org
Shimla,https://en.wikipedia.org/wiki/Shimla_district,https://en.wikipedia.org/wiki/Shimla_district,en.wikipedia.org
Bijli Mahadev,https://en.wikipedia.org/wiki/Bijli_Mahadev,https://en.wikipedia.org/wiki/Bijli_Mahadev,en.wikipedia.org
Kullu,https://en.wikipedia.org/wiki/Kullu,https://en.wikipedia.org/wiki/Kullu,en.wikipedia.org
Himachal Pradesh,https://en.wikipedia.org/wiki/Himachal_Pradesh,https://en.wikipedia.org/wiki/Himachal_Pradesh,en.wikipedia.org
Chaurasi Temple,https://en.wikipedia.org/wiki/Chaurasi_Temple_Bharmour,https://en.wikipedia.org/wiki/Chaurasi_Temple_Bharmour,en.wikipedia.org
Bharmour,https://en.wikipedia.org/wiki/Bharmour,https://en.wikipedia.org/wiki/Bharmour,en.wikipedia.org
Chamba,https://en.wikipedia.org/wiki/Chamba_district,https://en.wikipedia.org/wiki/Chamba_district,en.wikipedia.org
Chaturbhuja Temple,https://en.wikipedia.org/wiki/Joginder_Nagar_Valley#Chaturbhuja_Temple_(25km),https://en.wikipedia.org/wiki/Joginder_Nagar_Valley#Chaturbhuja_Temple_(25km),en.wikipedia.org
"Joginder Nagar, Mandi",https://en.wikipedia.org/wiki/Jogindernagar,https://en.wikipedia.org/wiki/Jogindernagar,en.wikipedia.org
Chintpurni Mandir,https://en.wikipedia.org/wiki/Chintpurni,https://en.wikipedia.org/wiki/Chintpurni,en.wikipedia.org
Una,https://en.wikipedia.org/wiki/Una_district,https://en.wikipedia.org/wiki/Una_district,en.wikipedia.org
Dhingu Mata Temple,https://en.wikipedia.org/wiki/Dhingu_Mata_Temple,https://en.wikipedia.org/wiki/Dhingu_Mata_Temple,en.wikipedia.org
Shimla,https://en.wikipedia.org/wiki/Shimla,https://en.wikipedia.org/wiki/Shimla,en.wikipedia.org
Hatkoti Mandir,https://en.wikipedia.org/wiki/Hatkoti,https://en.wikipedia.org/wiki/Hatkoti,en.wikipedia.org
Rohru,https://en.wikipedia.org/wiki/Rohru,https://en.wikipedia.org/wiki/Rohru,en.wikipedia.org
Shimla,https://en.wikipedia.org/wiki/Shimla_district,https://en.wikipedia.org/wiki/Shimla_district,en.wikipedia.org
Hidimba Devi Temple,https://en.wikipedia.org/wiki/Hidimba_Devi_Temple,https://en.wikipedia.org/wiki/Hidimba_Devi_Temple,en.wikipedia.org
Manali,"https://en.wikipedia.org/wiki/Manali,_Himachal_Pradesh","https://en.wikipedia.org/wiki/Manali,_Himachal_Pradesh",en.wikipedia.org
Jakhu Temple,https://en.wikipedia.org/wiki/Jakhu_Temple,https://en.wikipedia.org/wiki/Jakhu_Temple,en.wikipedia.org
Shimla,https://en.wikipedia.org/wiki/Shimla,https://en.wikipedia.org/wiki/Shimla,en.wikipedia.org
Jwala Ji,"https://en.wikipedia.org/wiki/Jwalamukhi_temple,_Himachal_Pradesh","https://en.wikipedia.org/wiki/Jwalamukhi_temple,_Himachal_Pradesh",en.wikipedia.org
Kangra,https://en.wikipedia.org/wiki/Kangra_district,https://en.wikipedia.org/wiki/Kangra_district,en.wikipedia.org
Kali Bari,"https://en.wikipedia.org/wiki/Kali_Bari,_Shimla","https://en.wikipedia.org/wiki/Kali_Bari,_Shimla",en.wikipedia.org
Shimla,https://en.wikipedia.org/wiki/Shimla,https://en.wikipedia.org/wiki/Shimla,en.wikipedia.org
Kamna Devi Temple,https://en.wikipedia.org/wiki/Kamna_Devi_Temple,https://en.wikipedia.org/wiki/Kamna_Devi_Temple,en.wikipedia.org
Shimla,https://en.wikipedia.org/wiki/Shimla,https://en.wikipedia.org/wiki/Shimla,en.wikipedia.org
Kamaksha Temple,https://en.wikipedia.org/wiki/Kamaksha_Temple,https://en.wikipedia.org/wiki/Kamaksha_Temple,en.wikipedia.org
Jaidevi,https://en.wikipedia.org/wiki/Jaidevi,https://en.wikipedia.org/wiki/Jaidevi,en.wikipedia.org
Mandi,https://en.wikipedia.org/wiki/Mandi_district,https://en.wikipedia.org/wiki/Mandi_district,en.wikipedia.org
Lakshna Devi Temple,"https://en.wikipedia.org/wiki/Lakshana_Devi_Temple,_Bharmour","https://en.wikipedia.org/wiki/Lakshana_Devi_Temple,_Bharmour",en.wikipedia.org
Bharmour,https://en.wikipedia.org/wiki/Bharmour,https://en.wikipedia.org/wiki/Bharmour,en.wikipedia.org
Chamba,https://en.wikipedia.org/wiki/Chamba_district,https://en.wikipedia.org/wiki/Chamba_district,en.wikipedia.org
Maa Bhangayani Temple,"https://en.wikipedia.org/wiki/Maa_Bhangayani_Temple,_Haripurdhar","https://en.wikipedia.org/wiki/Maa_Bhangayani_Temple,_Haripurdhar",en.wikipedia.org
Haripurdhar,https://en.wikipedia.org/wiki/Haripurdhar,https://en.wikipedia.org/wiki/Haripurdhar,en.wikipedia.org
Sirmaur,https://en.wikipedia.org/wiki/Sirmaur_district,https://en.wikipedia.org/wiki/Sirmaur_district,en.wikipedia.org
Maa Simsa Temple,https://en.wikipedia.org/wiki/Maa_Simsa_Temple,https://en.wikipedia.org/wiki/Maa_Simsa_Temple,en.wikipedia.org
"Ladbharol, Mandi",https://en.wikipedia.org/wiki/Mandi_district,https://en.wikipedia.org/wiki/Mandi_district,en.wikipedia.org
Machindernath Temple,https://en.wikipedia.org/wiki/Macchial_Lake,https://en.wikipedia.org/wiki/Macchial_Lake,en.wikipedia.org
"Joginder Nagar, Mandi",https://en.wikipedia.org/wiki/Jogindernagar,https://en.wikipedia.org/wiki/Jogindernagar,en.wikipedia.org
Mamleshwar Mahadev,https://en.wikipedia.org/wiki/Mamaleshwar_Mahadev,https://en.wikipedia.org/wiki/Mamaleshwar_Mahadev,en.wikipedia.org
Karsog,https://en.wikipedia.org/wiki/Karsog,https://en.wikipedia.org/wiki/Karsog,en.wikipedia.org
Mandi,https://en.wikipedia.org/wiki/Mandi_district,https://en.wikipedia.org/wiki/Mandi_district,en.wikipedia.org
Manikaran,https://en.wikipedia.org/wiki/Manikaran,https://en.wikipedia.org/wiki/Manikaran,en.wikipedia.org
Kullu,https://en.wikipedia.org/wiki/Kullu_district,https://en.wikipedia.org/wiki/Kullu_district,en.wikipedia.org
Manimahesh Kailash Peak,https://en.wikipedia.org/wiki/Manimahesh_Kailash_Peak,https://en.wikipedia.org/wiki/Manimahesh_Kailash_Peak,en.wikipedia.org
"Chamba, Himachal Pradesh",https://en.wikipedia.org/wiki/Chamba_District,https://en.wikipedia.org/wiki/Chamba_District,en.wikipedia.org
Masrur Temples,https://en.wikipedia.org/wiki/Masrur_Temples,https://en.wikipedia.org/wiki/Masrur_Temples,en.wikipedia.org
Kangra,"https://en.wikipedia.org/wiki/Kangra,_Himachal_Pradesh","https://en.wikipedia.org/wiki/Kangra,_Himachal_Pradesh",en.wikipedia.org
Mata Kuan Rani Temple,https://en.wikipedia.org/wiki/Mata_Kuan_Rani_Temple,https://en.wikipedia.org/wiki/Mata_Kuan_Rani_Temple,en.wikipedia.org
Mandi,"https://en.wikipedia.org/wiki/Mandi,_Himachal_Pradesh","https://en.wikipedia.org/wiki/Mandi,_Himachal_Pradesh",en.wikipedia.org
Mindhal Mata Temple,https://en.wikipedia.org/wiki/Mindhal_Mata_Temple,https://en.wikipedia.org/wiki/Mindhal_Mata_Temple,en.wikipedia.org
Pangi valley,https://en.wikipedia.org/wiki/Pangi_Valley,https://en.wikipedia.org/wiki/Pangi_Valley,en.wikipedia.org
Chamba,https://en.wikipedia.org/wiki/Chamba_district,https://en.wikipedia.org/wiki/Chamba_district,en.wikipedia.org
Naina Devi,https://en.wikipedia.org/wiki/Naina_Devi,https://en.wikipedia.org/wiki/Naina_Devi,en.wikipedia.org
Bilaspur,"https://en.wikipedia.org/wiki/Bilaspur_district,_Himachal_Pradesh","https://en.wikipedia.org/wiki/Bilaspur_district,_Himachal_Pradesh",en.wikipedia.org
Pohlani Mata Temple,https://en.wikipedia.org/wiki/Pohlani_Mata_Temple,https://en.wikipedia.org/wiki/Pohlani_Mata_Temple,en.wikipedia.org
Dalhousie,"https://en.wikipedia.org/wiki/Dalhousie,_India","https://en.wikipedia.org/wiki/Dalhousie,_India",en.wikipedia.org
Chamba,https://en.wikipedia.org/wiki/Chamba_district,https://en.wikipedia.org/wiki/Chamba_district,en.wikipedia.org
Raghunath Temple,https://en.wikipedia.org/wiki/Raghunath_Temple,https://en.wikipedia.org/wiki/Raghunath_Temple,en.wikipedia.org
Kullu,https://en.wikipedia.org/wiki/Kullu,https://en.wikipedia.org/wiki/Kullu,en.wikipedia.org
Renuka Ji,https://en.wikipedia.org/wiki/Renuka_Ji,https://en.wikipedia.org/wiki/Renuka_Ji,en.wikipedia.org
Sirmaur,https://en.wikipedia.org/wiki/Sirmaur_district,https://en.wikipedia.org/wiki/Sirmaur_district,en.wikipedia.org
Sankat Mochan Temple,"https://en.wikipedia.org/wiki/Sankat_Mochan_Temple,_Shimla","https://en.wikipedia.org/wiki/Sankat_Mochan_Temple,_Shimla",en.wikipedia.org
Shimla,https://en.wikipedia.org/wiki/Shimla,https://en.wikipedia.org/wiki/Shimla,en.wikipedia.org
Shali Mata Temple,https://en.wikipedia.org/wiki/Shali_Mata_Temple,https://en.wikipedia.org/wiki/Shali_Mata_Temple,en.wikipedia.org
Shimla,https://en.wikipedia.org/wiki/Shimla_district,https://en.wikipedia.org/wiki/Shimla_district,en.wikipedia.org
Shandilya Rishi Mandir,https://en.wikipedia.org/wiki/Shandilya_Rishi_Mandir,https://en.wikipedia.org/wiki/Shandilya_Rishi_Mandir,en.wikipedia.org
Shikari Devi Temple,https://en.wikipedia.org/wiki/Shikari_Devi_Temple,https://en.wikipedia.org/wiki/Shikari_Devi_Temple,en.wikipedia.org
Karsog,https://en.wikipedia.org/wiki/Karsog,https://en.wikipedia.org/wiki/Karsog,en.wikipedia.org
Mandi,https://en.wikipedia.org/wiki/Mandi_district,https://en.wikipedia.org/wiki/Mandi_district,en.wikipedia.org
Shoolini Devi,https://en.wikipedia.org/wiki/Maa_Shoolini,https://en.wikipedia.org/wiki/Maa_Shoolini,en.wikipedia.org
Solan,https://en.wikipedia.org/wiki/Solan,https://en.wikipedia.org/wiki/Solan,en.wikipedia.org
Shri Chamunda Devi Mandir,https://en.wikipedia.org/wiki/Shri_Chamunda_Devi_Mandir,https://en.wikipedia.org/wiki/Shri_Chamunda_Devi_Mandir,en.wikipedia.org
Kangra,https://en.wikipedia.org/wiki/Kangra_district,https://en.wikipedia.org/wiki/Kangra_district,en.wikipedia.org
Shri Mahaveer Hanuman Mandir Khushala,https://en.wikipedia.org/wiki/Shri_Mahaveer_Hanuman_Mandir_Khushala,https://en.wikipedia.org/wiki/Shri_Mahaveer_Hanuman_Mandir_Khushala,en.wikipedia.org
Shimla,https://en.wikipedia.org/wiki/Shimla,https://en.wikipedia.org/wiki/Shimla,en.wikipedia.org
Tara Devi Temple,https://en.wikipedia.org/wiki/Tara_Devi_Temple,https://en.wikipedia.org/wiki/Tara_Devi_Temple,en.wikipedia.org
Shimla,https://en.wikipedia.org/wiki/Shimla,https://en.wikipedia.org/wiki/Shimla,en.wikipedia.org
Triloknath Temple,https://en.wikipedia.org/wiki/Trilokinath_Temple_at_Tunde,https://en.wikipedia.org/wiki/Trilokinath_Temple_at_Tunde,en.wikipedia.org
Lahaul and Spiti,https://en.wikipedia.org/wiki/Lahaul_and_Spiti_district,https://en.wikipedia.org/wiki/Lahaul_and_Spiti_district,en.wikipedia.org
Triloknath Temple,"https://en.wikipedia.org/wiki/Trilokinath_Temple,_Mandi","https://en.wikipedia.org/wiki/Trilokinath_Temple,_Mandi",en.wikipedia.org
Mandi,"https://en.wikipedia.org/wiki/Mandi,_Himachal_Pradesh","https://en.wikipedia.org/wiki/Mandi,_Himachal_Pradesh",en.wikipedia.org
Trilokpur Temple,https://en.wikipedia.org/wiki/Trilokpur_Temple,https://en.wikipedia.org/wiki/Trilokpur_Temple,en.wikipedia.org
edit,/w/index.php?title=List_of_Hindu_temples_in_India&action=edit&section=12,https://en.wikipedia.org/w/index.php?title=List_of_Hindu_temples_in_India&action=edit&section=12,en.wikipedia.org
,https://en.wikipedia.org/wiki/File:Lord_Amarnath.jpg,https://en.wikipedia.org/wiki/File:Lord_Amarnath.jpg,en.wikipedia.org
Amarnath Cave,https://en.wikipedia.org/wiki/Amarnath_Temple,https://en.wikipedia.org/wiki/Amarnath_Temple,en.wikipedia.org
,"https://en.wikipedia.org/wiki/File:Mata_Vaishno_Devi_Bhawan,_Jammu._India.jpg","https://en.wikipedia.org/wiki/File:Mata_Vaishno_Devi_Bhawan,_Jammu._India.jpg",en.wikipedia.org
Vaishno Devi Temple,https://en.wikipedia.org/wiki/Vaishno_Devi_Temple,https://en.wikipedia.org/wiki/Vaishno_Devi_Temple,en.wikipedia.org
edit,/w/index.php?title=List_of_Hindu_temples_in_India&action=edit&section=13,https://en.wikipedia.org/w/index.php?title=List_of_Hindu_temples_in_India&action=edit&section=13,en.wikipedia.org
Raghunath Mandir,https://en.wikipedia.org/wiki/Raghunath_Temple,https://en.wikipedia.org/wiki/Raghunath_Temple,en.wikipedia.org
Jammu,https://en.wikipedia.org/wiki/Jammu,https://en.wikipedia.org/wiki/Jammu,en.wikipedia.org
Vaishno Devi Temple,https://en.wikipedia.org/wiki/Vaishno_Devi_Temple,https://en.wikipedia.org/wiki/Vaishno_Devi_Temple,en.wikipedia.org
Katra,"https://en.wikipedia.org/wiki/Katra,_Jammu_and_Kashmir","https://en.wikipedia.org/wiki/Katra,_Jammu_and_Kashmir",en.wikipedia.org
edit,/w/index.php?title=List_of_Hindu_temples_in_India&action=edit&section=14,https://en.wikipedia.org/w/index.php?title=List_of_Hindu_temples_in_India&action=edit&section=14,en.wikipedia.org
Amarnath Cave Temple,https://en.wikipedia.org/wiki/Amarnath_Temple,https://en.wikipedia.org/wiki/Amarnath_Temple,en.wikipedia.org
Anantnag,https://en.wikipedia.org/wiki/Anantnag,https://en.wikipedia.org/wiki/Anantnag,en.wikipedia.org
Hari Parbat,https://en.wikipedia.org/wiki/Hari_Parbat,https://en.wikipedia.org/wiki/Hari_Parbat,en.wikipedia.org
Srinagar,https://en.wikipedia.org/wiki/Srinagar,https://en.wikipedia.org/wiki/Srinagar,en.wikipedia.org
Kheer Bhawani Temple,https://en.wikipedia.org/wiki/Kheer_Bhawani_Temple,https://en.wikipedia.org/wiki/Kheer_Bhawani_Temple,en.wikipedia.org
Ganderbal,https://en.wikipedia.org/wiki/Ganderbal,https://en.wikipedia.org/wiki/Ganderbal,en.wikipedia.org
Khrew,https://en.wikipedia.org/wiki/Khrew,https://en.wikipedia.org/wiki/Khrew,en.wikipedia.org
Pulwama,https://en.wikipedia.org/wiki/Pulwama,https://en.wikipedia.org/wiki/Pulwama,en.wikipedia.org
Martand Sun Temple,https://en.wikipedia.org/wiki/Martand_Sun_Temple,https://en.wikipedia.org/wiki/Martand_Sun_Temple,en.wikipedia.org
Anantnag,https://en.wikipedia.org/wiki/Anantnag,https://en.wikipedia.org/wiki/Anantnag,en.wikipedia.org
Shankaracharya Temple,https://en.wikipedia.org/wiki/Shankaracharya_Temple,https://en.wikipedia.org/wiki/Shankaracharya_Temple,en.wikipedia.org
Srinagar,https://en.wikipedia.org/wiki/Srinagar,https://en.wikipedia.org/wiki/Srinagar,en.wikipedia.org
edit,/w/index.php?title=List_of_Hindu_temples_in_India&action=edit&section=15,https://en.wikipedia.org/w/index.php?title=List_of_Hindu_temples_in_India&action=edit&section=15,en.wikipedia.org
,https://en.wikipedia.org/wiki/File:Baba_Dham.jpg,https://en.wikipedia.org/wiki/File:Baba_Dham.jpg,en.wikipedia.org
Baidyanath Temple,https://en.wikipedia.org/wiki/Baidyanath_Temple,https://en.wikipedia.org/wiki/Baidyanath_Temple,en.wikipedia.org
,https://en.wikipedia.org/wiki/File:Maa_Dewri_Mandir.jpg,https://en.wikipedia.org/wiki/File:Maa_Dewri_Mandir.jpg,en.wikipedia.org
Maa Dewri Temple,https://en.wikipedia.org/wiki/Maa_Dewri_Temple,https://en.wikipedia.org/wiki/Maa_Dewri_Temple,en.wikipedia.org
,"https://en.wikipedia.org/wiki/File:Jaganath_Temple,_Ranchi.jpg","https://en.wikipedia.org/wiki/File:Jaganath_Temple,_Ranchi.jpg",en.wikipedia.org
Jagannath hill Temple,"https://en.wikipedia.org/wiki/Jagannath_Temple,_Ranchi","https://en.wikipedia.org/wiki/Jagannath_Temple,_Ranchi",en.wikipedia.org
Baidyanath Temple,https://en.wikipedia.org/wiki/Baidyanath_Temple,https://en.wikipedia.org/wiki/Baidyanath_Temple,en.wikipedia.org
Deoghar,https://en.wikipedia.org/wiki/Deoghar,https://en.wikipedia.org/wiki/Deoghar,en.wikipedia.org
"Basukinath Temple, Dumka",https://en.wikipedia.org/wiki/Basukinath_Temple,https://en.wikipedia.org/wiki/Basukinath_Temple,en.wikipedia.org
Bindudham,https://en.wikipedia.org/wiki/Bindudham,https://en.wikipedia.org/wiki/Bindudham,en.wikipedia.org
"Chhinnamasta Temple, Rajrappa","https://en.wikipedia.org/wiki/Chhinnamasta_Temple,_Rajrappa","https://en.wikipedia.org/wiki/Chhinnamasta_Temple,_Rajrappa",en.wikipedia.org
Gayatri Gyan Temple,"https://en.wikipedia.org/wiki/Gayatri_Gyan_Mandir,_Mahuda","https://en.wikipedia.org/wiki/Gayatri_Gyan_Mandir,_Mahuda",en.wikipedia.org
Harihar Dham,https://en.wikipedia.org/wiki/Harihar_Dham,https://en.wikipedia.org/wiki/Harihar_Dham,en.wikipedia.org
Jagannath Temple,"https://en.wikipedia.org/wiki/Jagannath_Temple,_Ranchi","https://en.wikipedia.org/wiki/Jagannath_Temple,_Ranchi",en.wikipedia.org
Karneshwar Dham,https://en.wikipedia.org/wiki/Karneshwar_Dham,https://en.wikipedia.org/wiki/Karneshwar_Dham,en.wikipedia.org
Maa Dewri Temple,https://en.wikipedia.org/wiki/Maa_Dewri_Temple,https://en.wikipedia.org/wiki/Maa_Dewri_Temple,en.wikipedia.org
Maluti temples,https://en.wikipedia.org/wiki/Maluti_temples,https://en.wikipedia.org/wiki/Maluti_temples,en.wikipedia.org
Shree Banshidhar Radhika Ji Mandir,https://en.wikipedia.org/wiki/Nagar_Untari,https://en.wikipedia.org/wiki/Nagar_Untari,en.wikipedia.org
Sri Sri Kalika Maharani Temple,https://en.wikipedia.org/wiki/Sri_Sri_Kalika_Maharani_Temple,https://en.wikipedia.org/wiki/Sri_Sri_Kalika_Maharani_Temple,en.wikipedia.org
edit,/w/index.php?title=List_of_Hindu_temples_in_India&action=edit&section=16,https://en.wikipedia.org/w/index.php?title=List_of_Hindu_temples_in_India&action=edit&section=16,en.wikipedia.org
,https://en.wikipedia.org/wiki/File:Shiva_Statue_Murdeshwara_Temple.jpg,https://en.wikipedia.org/wiki/File:Shiva_Statue_Murdeshwara_Temple.jpg,en.wikipedia.org
Shiva,https://en.wikipedia.org/wiki/Shiva,https://en.wikipedia.org/wiki/Shiva,en.wikipedia.org
Murudeshwara,https://en.wikipedia.org/wiki/Murudeshwara,https://en.wikipedia.org/wiki/Murudeshwara,en.wikipedia.org
,https://en.wikipedia.org/wiki/File:Durga_Temple.jpg,https://en.wikipedia.org/wiki/File:Durga_Temple.jpg,en.wikipedia.org
Durga temple,"https://en.wikipedia.org/wiki/Durga_temple,_Aihole","https://en.wikipedia.org/wiki/Durga_temple,_Aihole",en.wikipedia.org
Aihole,https://en.wikipedia.org/wiki/Aihole,https://en.wikipedia.org/wiki/Aihole,en.wikipedia.org
,https://en.wikipedia.org/wiki/File:ISKCON_Banglaore_Temple.jpg,https://en.wikipedia.org/wiki/File:ISKCON_Banglaore_Temple.jpg,en.wikipedia.org
"ISKCON Temple, Bengaluru","https://en.wikipedia.org/wiki/ISKCON_Temple,_Bengaluru","https://en.wikipedia.org/wiki/ISKCON_Temple,_Bengaluru",en.wikipedia.org
,https://en.wikipedia.org/wiki/File:Hampi_Virupaksha_temple.JPG,https://en.wikipedia.org/wiki/File:Hampi_Virupaksha_temple.JPG,en.wikipedia.org
Virupaksha temple,"https://en.wikipedia.org/wiki/Virupaksha_Temple,_Hampi","https://en.wikipedia.org/wiki/Virupaksha_Temple,_Hampi",en.wikipedia.org
Aihole,https://en.wikipedia.org/wiki/Aihole,https://en.wikipedia.org/wiki/Aihole,en.wikipedia.org
"Amrutesvara Temple, Amruthapura","https://en.wikipedia.org/wiki/Amrutesvara_Temple,_Amruthapura","https://en.wikipedia.org/wiki/Amrutesvara_Temple,_Amruthapura",en.wikipedia.org
Chikmagalur,https://en.wikipedia.org/wiki/Chikmagalur,https://en.wikipedia.org/wiki/Chikmagalur,en.wikipedia.org
Annapoorneshwari Temple,https://en.wikipedia.org/wiki/Annapoorneshwari_Temple,https://en.wikipedia.org/wiki/Annapoorneshwari_Temple,en.wikipedia.org
Horanadu,https://en.wikipedia.org/wiki/Horanadu,https://en.wikipedia.org/wiki/Horanadu,en.wikipedia.org
Badami cave temples,https://en.wikipedia.org/wiki/Badami_cave_temples,https://en.wikipedia.org/wiki/Badami_cave_temples,en.wikipedia.org
Badami,https://en.wikipedia.org/wiki/Badami,https://en.wikipedia.org/wiki/Badami,en.wikipedia.org
Bhoganandishwara Temple,https://en.wikipedia.org/wiki/Bhoganandishwara_Temple,https://en.wikipedia.org/wiki/Bhoganandishwara_Temple,en.wikipedia.org
"Bhutanatha group of temples, Badami","https://en.wikipedia.org/wiki/Bhutanatha_group_of_temples,_Badami","https://en.wikipedia.org/wiki/Bhutanatha_group_of_temples,_Badami",en.wikipedia.org
Chamundeshwari Temple,https://en.wikipedia.org/wiki/Chamundeshwari_Temple,https://en.wikipedia.org/wiki/Chamundeshwari_Temple,en.wikipedia.org
Mysore,https://en.wikipedia.org/wiki/Mysore,https://en.wikipedia.org/wiki/Mysore,en.wikipedia.org
Cheluvanarayana Swamy Temple,https://en.wikipedia.org/wiki/Cheluvanarayana_Swamy_Temple,https://en.wikipedia.org/wiki/Cheluvanarayana_Swamy_Temple,en.wikipedia.org
Melukote,https://en.wikipedia.org/wiki/Melukote,https://en.wikipedia.org/wiki/Melukote,en.wikipedia.org
"Chennakeshava Temple, Belur","https://en.wikipedia.org/wiki/Chennakeshava_Temple,_Belur","https://en.wikipedia.org/wiki/Chennakeshava_Temple,_Belur",en.wikipedia.org
"Chennakeshava Temple, Somanathapura","https://en.wikipedia.org/wiki/Chennakeshava_Temple,_Somanathapura","https://en.wikipedia.org/wiki/Chennakeshava_Temple,_Somanathapura",en.wikipedia.org
Devarayanadurga,https://en.wikipedia.org/wiki/Devarayanadurga,https://en.wikipedia.org/wiki/Devarayanadurga,en.wikipedia.org
Dharmaraya Swamy Temple,https://en.wikipedia.org/wiki/Dharmaraya_Swamy_Temple,https://en.wikipedia.org/wiki/Dharmaraya_Swamy_Temple,en.wikipedia.org
Bangalore,https://en.wikipedia.org/wiki/Bangalore,https://en.wikipedia.org/wiki/Bangalore,en.wikipedia.org
Dharmasthala Temple,https://en.wikipedia.org/wiki/Dharmasthala_Temple,https://en.wikipedia.org/wiki/Dharmasthala_Temple,en.wikipedia.org
Dharmasthala,https://en.wikipedia.org/wiki/Dharmasthala,https://en.wikipedia.org/wiki/Dharmasthala,en.wikipedia.org
Dodda Basavana Gudi,https://en.wikipedia.org/wiki/Dodda_Basavana_Gudi,https://en.wikipedia.org/wiki/Dodda_Basavana_Gudi,en.wikipedia.org
Doddabasappa Temple,https://en.wikipedia.org/wiki/Doddabasappa_Temple,https://en.wikipedia.org/wiki/Doddabasappa_Temple,en.wikipedia.org
Dambal,https://en.wikipedia.org/wiki/Dambal,https://en.wikipedia.org/wiki/Dambal,en.wikipedia.org
Domlur Chokkanathaswamy temple,https://en.wikipedia.org/wiki/Domlur_Chokkanathaswamy_temple,https://en.wikipedia.org/wiki/Domlur_Chokkanathaswamy_temple,en.wikipedia.org
Gavi Gangadhareshwara Temple,https://en.wikipedia.org/wiki/Gavi_Gangadhareshwara_Temple,https://en.wikipedia.org/wiki/Gavi_Gangadhareshwara_Temple,en.wikipedia.org
Ghati Subramanya,https://en.wikipedia.org/wiki/Ghati_Subramanya,https://en.wikipedia.org/wiki/Ghati_Subramanya,en.wikipedia.org
Doddaballapur,https://en.wikipedia.org/wiki/Doddaballapur,https://en.wikipedia.org/wiki/Doddaballapur,en.wikipedia.org
Gokarna,"https://en.wikipedia.org/wiki/Gokarna,_Karnataka","https://en.wikipedia.org/wiki/Gokarna,_Karnataka",en.wikipedia.org
Halebidu,https://en.wikipedia.org/wiki/Halebidu,https://en.wikipedia.org/wiki/Halebidu,en.wikipedia.org
Hampi,https://en.wikipedia.org/wiki/Hampi,https://en.wikipedia.org/wiki/Hampi,en.wikipedia.org
Hoysaleswara Temple,https://en.wikipedia.org/wiki/Hoysaleswara_Temple,https://en.wikipedia.org/wiki/Hoysaleswara_Temple,en.wikipedia.org
"ISKCON Temple, Bengaluru","https://en.wikipedia.org/wiki/ISKCON_Temple,_Bengaluru","https://en.wikipedia.org/wiki/ISKCON_Temple,_Bengaluru",en.wikipedia.org
Jnanakshi Rajarajeshwari Temple,https://en.wikipedia.org/wiki/Jnanakshi_Rajarajeshwari_Temple,https://en.wikipedia.org/wiki/Jnanakshi_Rajarajeshwari_Temple,en.wikipedia.org
Bengaluru,https://en.wikipedia.org/wiki/Bengaluru,https://en.wikipedia.org/wiki/Bengaluru,en.wikipedia.org
Kadri Manjunath Temple,https://en.wikipedia.org/wiki/Kadri_Manjunath_Temple,https://en.wikipedia.org/wiki/Kadri_Manjunath_Temple,en.wikipedia.org
Kateel,https://en.wikipedia.org/wiki/Kateel,https://en.wikipedia.org/wiki/Kateel,en.wikipedia.org
Kukke Subramanya Temple,https://en.wikipedia.org/wiki/Kukke_Subramanya_Temple,https://en.wikipedia.org/wiki/Kukke_Subramanya_Temple,en.wikipedia.org
"Lakshmi Narasimha Temple, Bhadravati","https://en.wikipedia.org/wiki/Lakshmi_Narasimha_Temple,_Bhadravati","https://en.wikipedia.org/wiki/Lakshmi_Narasimha_Temple,_Bhadravati",en.wikipedia.org
Mahadeshwara Temple,https://en.wikipedia.org/wiki/Male_Mahadeshwara_Hills,https://en.wikipedia.org/wiki/Male_Mahadeshwara_Hills,en.wikipedia.org
Male Mahadeshwara Hills,https://en.wikipedia.org/wiki/Male_Mahadeshwara_Hills,https://en.wikipedia.org/wiki/Male_Mahadeshwara_Hills,en.wikipedia.org
Mookambika temple,https://en.wikipedia.org/wiki/Mookambika,https://en.wikipedia.org/wiki/Mookambika,en.wikipedia.org
Kollur,"https://en.wikipedia.org/wiki/Kollur,_Udupi_district","https://en.wikipedia.org/wiki/Kollur,_Udupi_district",en.wikipedia.org
Nellitheertha Cave Temple,https://en.wikipedia.org/wiki/Nellitheertha_Cave_Temple,https://en.wikipedia.org/wiki/Nellitheertha_Cave_Temple,en.wikipedia.org
Pattadakal,https://en.wikipedia.org/wiki/Pattadakal,https://en.wikipedia.org/wiki/Pattadakal,en.wikipedia.org
Polali Rajarajeshwari Temple,https://en.wikipedia.org/wiki/Polali_Rajarajeshwari_Temple,https://en.wikipedia.org/wiki/Polali_Rajarajeshwari_Temple,en.wikipedia.org
Ragigudda Anjaneya Temple,https://en.wikipedia.org/wiki/Ragigudda_Anjaneya_Temple,https://en.wikipedia.org/wiki/Ragigudda_Anjaneya_Temple,en.wikipedia.org
"Ranganathaswamy Temple, Srirangapatna","https://en.wikipedia.org/wiki/Ranganathaswamy_Temple,_Srirangapatna","https://en.wikipedia.org/wiki/Ranganathaswamy_Temple,_Srirangapatna",en.wikipedia.org
Shree Vishnumurthy Temple,https://en.wikipedia.org/wiki/Shree_Vishnumurthy_Temple,https://en.wikipedia.org/wiki/Shree_Vishnumurthy_Temple,en.wikipedia.org
Sirsi Marikamba Temple,https://en.wikipedia.org/wiki/Sirsi_Marikamba_Temple,https://en.wikipedia.org/wiki/Sirsi_Marikamba_Temple,en.wikipedia.org
Sri Sai Mandir (Belagavi),https://en.wikipedia.org/wiki/Sri_Sai_Mandir_(Belagavi),https://en.wikipedia.org/wiki/Sri_Sai_Mandir_(Belagavi),en.wikipedia.org
"Sri Venkataramana Temple, Karkala","https://en.wikipedia.org/wiki/Sri_Venkataramana_Temple,_Karkala","https://en.wikipedia.org/wiki/Sri_Venkataramana_Temple,_Karkala",en.wikipedia.org
"Srikanteshwara Temple, Nanjangud","https://en.wikipedia.org/wiki/Srikanteshwara_Temple,_Nanjangud","https://en.wikipedia.org/wiki/Srikanteshwara_Temple,_Nanjangud",en.wikipedia.org
"Sharadamba Temple, Sringeri",https://en.wikipedia.org/wiki/Sringeri#Sharadamba_Temple,https://en.wikipedia.org/wiki/Sringeri#Sharadamba_Temple,en.wikipedia.org
Udupi Sri Krishna Matha,https://en.wikipedia.org/wiki/Udupi_Sri_Krishna_Matha,https://en.wikipedia.org/wiki/Udupi_Sri_Krishna_Matha,en.wikipedia.org
Udupi,https://en.wikipedia.org/wiki/Udupi,https://en.wikipedia.org/wiki/Udupi,en.wikipedia.org
Virupaksha Temple,"https://en.wikipedia.org/wiki/Virupaksha_Temple,_Hampi","https://en.wikipedia.org/wiki/Virupaksha_Temple,_Hampi",en.wikipedia.org
edit,/w/index.php?title=List_of_Hindu_temples_in_India&action=edit&section=17,https://en.wikipedia.org/w/index.php?title=List_of_Hindu_temples_in_India&action=edit&section=17,en.wikipedia.org
List of Hindu temples in Kerala,https://en.wikipedia.org/wiki/List_of_Hindu_temples_in_Kerala,https://en.wikipedia.org/wiki/List_of_Hindu_temples_in_Kerala,en.wikipedia.org
,https://en.wikipedia.org/wiki/File:Ananthapuram_Lak_Temple.JPG,https://en.wikipedia.org/wiki/File:Ananthapuram_Lak_Temple.JPG,en.wikipedia.org
Ananthapura Lake Temple,https://en.wikipedia.org/wiki/Ananthapura_Lake_Temple,https://en.wikipedia.org/wiki/Ananthapura_Lake_Temple,en.wikipedia.org
,https://en.wikipedia.org/wiki/File:Poornathrayisa_back_side.JPG,https://en.wikipedia.org/wiki/File:Poornathrayisa_back_side.JPG,en.wikipedia.org
Sree Poornathrayeesa Temple,https://en.wikipedia.org/wiki/Sree_Poornathrayeesa_Temple,https://en.wikipedia.org/wiki/Sree_Poornathrayeesa_Temple,en.wikipedia.org
,https://en.wikipedia.org/wiki/File:Vadakkunnathan_Temple_west_nada_-_0204.JPG,https://en.wikipedia.org/wiki/File:Vadakkunnathan_Temple_west_nada_-_0204.JPG,en.wikipedia.org
Vadakkumnathan Temple,https://en.wikipedia.org/wiki/Vadakkumnathan_Temple,https://en.wikipedia.org/wiki/Vadakkumnathan_Temple,en.wikipedia.org
,https://en.wikipedia.org/wiki/File:Sabarimala_sannidhanam.jpg,https://en.wikipedia.org/wiki/File:Sabarimala_sannidhanam.jpg,en.wikipedia.org
Sabarimala temple,https://en.wikipedia.org/wiki/Sabarimala_temple,https://en.wikipedia.org/wiki/Sabarimala_temple,en.wikipedia.org
,https://en.wikipedia.org/wiki/File:Vazhappally_Temple.jpg,https://en.wikipedia.org/wiki/File:Vazhappally_Temple.jpg,en.wikipedia.org
Vazhappally Temple,https://en.wikipedia.org/wiki/Vazhappally_Maha_Siva_Temple,https://en.wikipedia.org/wiki/Vazhappally_Maha_Siva_Temple,en.wikipedia.org
Ambalappuzha Sri Krishna Temple,https://en.wikipedia.org/wiki/Ambalappuzha_Sri_Krishna_Temple,https://en.wikipedia.org/wiki/Ambalappuzha_Sri_Krishna_Temple,en.wikipedia.org
Ananthapura Lake Temple,https://en.wikipedia.org/wiki/Ananthapura_Lake_Temple,https://en.wikipedia.org/wiki/Ananthapura_Lake_Temple,en.wikipedia.org
Aranmula Parthasarathy Temple,https://en.wikipedia.org/wiki/Aranmula_Parthasarathy_Temple,https://en.wikipedia.org/wiki/Aranmula_Parthasarathy_Temple,en.wikipedia.org
Arattupuzha Temple,https://en.wikipedia.org/wiki/Arattupuzha_Temple,https://en.wikipedia.org/wiki/Arattupuzha_Temple,en.wikipedia.org
Attukal Temple,https://en.wikipedia.org/wiki/Attukal_Temple,https://en.wikipedia.org/wiki/Attukal_Temple,en.wikipedia.org
Chakkulathukavu Temple,https://en.wikipedia.org/wiki/Chakkulathukavu_Temple,https://en.wikipedia.org/wiki/Chakkulathukavu_Temple,en.wikipedia.org
Chettikulangara Devi Temple,https://en.wikipedia.org/wiki/Chettikulangara_Devi_Temple,https://en.wikipedia.org/wiki/Chettikulangara_Devi_Temple,en.wikipedia.org
Chottanikkara Temple,https://en.wikipedia.org/wiki/Chottanikkara_Temple,https://en.wikipedia.org/wiki/Chottanikkara_Temple,en.wikipedia.org
Ettumanoor Mahadevar Temple,https://en.wikipedia.org/wiki/Ettumanoor_Mahadevar_Temple,https://en.wikipedia.org/wiki/Ettumanoor_Mahadevar_Temple,en.wikipedia.org
Ernakulam Shiva Temple,https://en.wikipedia.org/wiki/Ernakulam_Shiva_Temple,https://en.wikipedia.org/wiki/Ernakulam_Shiva_Temple,en.wikipedia.org
Guruvayur Temple,https://en.wikipedia.org/wiki/Guruvayur_Temple,https://en.wikipedia.org/wiki/Guruvayur_Temple,en.wikipedia.org
Kadampuzha Devi Temple,https://en.wikipedia.org/wiki/Kadampuzha_Devi_Temple,https://en.wikipedia.org/wiki/Kadampuzha_Devi_Temple,en.wikipedia.org
Kanadikavu Shree Vishnumaya Kuttichathan Swamy temple,https://en.wikipedia.org/wiki/Kanadikavu_Shree_Vishnumaya_Kuttichathan_Swamy_temple,https://en.wikipedia.org/wiki/Kanadikavu_Shree_Vishnumaya_Kuttichathan_Swamy_temple,en.wikipedia.org
Kodungallur Bhagavathy Temple,https://en.wikipedia.org/wiki/Kodungallur_Bhagavathy_Temple,https://en.wikipedia.org/wiki/Kodungallur_Bhagavathy_Temple,en.wikipedia.org
Koodalmanikyam Temple,https://en.wikipedia.org/wiki/Koodalmanikyam_Temple,https://en.wikipedia.org/wiki/Koodalmanikyam_Temple,en.wikipedia.org
Kottiyoor Temple,https://en.wikipedia.org/wiki/Kottiyoor_Temple,https://en.wikipedia.org/wiki/Kottiyoor_Temple,en.wikipedia.org
Lokanarkavu Temple,https://en.wikipedia.org/wiki/Lokanarkavu_Temple,https://en.wikipedia.org/wiki/Lokanarkavu_Temple,en.wikipedia.org
Mannarasala Snake Temple,https://en.wikipedia.org/wiki/Mannarasala_Temple,https://en.wikipedia.org/wiki/Mannarasala_Temple,en.wikipedia.org
Muthappan Temple,https://en.wikipedia.org/wiki/Muthappan_Temple,https://en.wikipedia.org/wiki/Muthappan_Temple,en.wikipedia.org
Oachira Temple,https://en.wikipedia.org/wiki/Oachira_Temple,https://en.wikipedia.org/wiki/Oachira_Temple,en.wikipedia.org
Padmanabhaswamy Temple,https://en.wikipedia.org/wiki/Padmanabhaswamy_Temple,https://en.wikipedia.org/wiki/Padmanabhaswamy_Temple,en.wikipedia.org
Parumala Valiya Panayannarkavu Devi Temple,https://en.wikipedia.org/wiki/Parumala_Valiya_Panayannarkavu_Devi_Temple,https://en.wikipedia.org/wiki/Parumala_Valiya_Panayannarkavu_Devi_Temple,en.wikipedia.org
Payammal Shatrughna Temple,https://en.wikipedia.org/wiki/Payammal_Shatrughna_Temple,https://en.wikipedia.org/wiki/Payammal_Shatrughna_Temple,en.wikipedia.org
Pazhavangadi Ganapathy Temple,https://en.wikipedia.org/wiki/Pazhavangadi_Ganapathy_Temple,https://en.wikipedia.org/wiki/Pazhavangadi_Ganapathy_Temple,en.wikipedia.org
Peruvanam Mahadeva Temple,https://en.wikipedia.org/wiki/Peruvanam_Mahadeva_Temple,https://en.wikipedia.org/wiki/Peruvanam_Mahadeva_Temple,en.wikipedia.org
Pisharikavu Temple,https://en.wikipedia.org/wiki/Pisharikavu_Temple,https://en.wikipedia.org/wiki/Pisharikavu_Temple,en.wikipedia.org
Koyilandy,https://en.wikipedia.org/wiki/Koyilandy,https://en.wikipedia.org/wiki/Koyilandy,en.wikipedia.org
Rajarajeshwara Temple,https://en.wikipedia.org/wiki/Rajarajeshwara_Temple,https://en.wikipedia.org/wiki/Rajarajeshwara_Temple,en.wikipedia.org
Sabarimala Temple,https://en.wikipedia.org/wiki/Sabarimala_Temple,https://en.wikipedia.org/wiki/Sabarimala_Temple,en.wikipedia.org
Sree Poornathrayeesa Temple,https://en.wikipedia.org/wiki/Sree_Poornathrayeesa_Temple,https://en.wikipedia.org/wiki/Sree_Poornathrayeesa_Temple,en.wikipedia.org
Sreenarayanapuram Temple,https://en.wikipedia.org/wiki/Sreenarayanapuram_Temple,https://en.wikipedia.org/wiki/Sreenarayanapuram_Temple,en.wikipedia.org
Tali Shiva Temple,https://en.wikipedia.org/wiki/Tali_Shiva_Temple,https://en.wikipedia.org/wiki/Tali_Shiva_Temple,en.wikipedia.org
Thirumoozhikkulam Lakshmana Perumal Temple,https://en.wikipedia.org/wiki/Thirumoozhikkulam_Lakshmana_Perumal_Temple,https://en.wikipedia.org/wiki/Thirumoozhikkulam_Lakshmana_Perumal_Temple,en.wikipedia.org
Thirunakkara Mahadevar Temple,"https://en.wikipedia.org/wiki/Thirunakkara_Sree_Mahadevar_Temple,_Kottayam","https://en.wikipedia.org/wiki/Thirunakkara_Sree_Mahadevar_Temple,_Kottayam",en.wikipedia.org
Thrikodithanam Mahavishnu Temple,https://en.wikipedia.org/wiki/Thrikodithanam_Mahavishnu_Temple,https://en.wikipedia.org/wiki/Thrikodithanam_Mahavishnu_Temple,en.wikipedia.org
Thirumandhamkunnu Temple,https://en.wikipedia.org/wiki/Thirumandhamkunnu_Temple,https://en.wikipedia.org/wiki/Thirumandhamkunnu_Temple,en.wikipedia.org
Thirunelli Temple,https://en.wikipedia.org/wiki/Thirunelli_Temple,https://en.wikipedia.org/wiki/Thirunelli_Temple,en.wikipedia.org
Thiruvanchikulam Temple,https://en.wikipedia.org/wiki/Thiruvanchikulam_Temple,https://en.wikipedia.org/wiki/Thiruvanchikulam_Temple,en.wikipedia.org
Thriprayar Temple,https://en.wikipedia.org/wiki/Thriprayar_Temple,https://en.wikipedia.org/wiki/Thriprayar_Temple,en.wikipedia.org
Tirunavaya Temple,https://en.wikipedia.org/wiki/Tirunavaya_Temple,https://en.wikipedia.org/wiki/Tirunavaya_Temple,en.wikipedia.org
Vadakkunnathan Temple,https://en.wikipedia.org/wiki/Vadakkunnathan_Temple,https://en.wikipedia.org/wiki/Vadakkunnathan_Temple,en.wikipedia.org
Vaikom Mahadevar Temple,https://en.wikipedia.org/wiki/Vaikom_Temple,https://en.wikipedia.org/wiki/Vaikom_Temple,en.wikipedia.org
Valayanad Devi Temple,https://en.wikipedia.org/wiki/Valayanad_Devi_Temple,https://en.wikipedia.org/wiki/Valayanad_Devi_Temple,en.wikipedia.org
Vazhappally Maha Siva Temple,https://en.wikipedia.org/wiki/Vazhappally_Maha_Siva_Temple,https://en.wikipedia.org/wiki/Vazhappally_Maha_Siva_Temple,en.wikipedia.org
edit,/w/index.php?title=List_of_Hindu_temples_in_India&action=edit&section=18,https://en.wikipedia.org/w/index.php?title=List_of_Hindu_temples_in_India&action=edit&section=18,en.wikipedia.org
,https://en.wikipedia.org/wiki/File:Mahakal_Temple_Ujjain.JPG,https://en.wikipedia.org/wiki/File:Mahakal_Temple_Ujjain.JPG,en.wikipedia.org
Mahakaleshwar Jyotirlinga,https://en.wikipedia.org/wiki/Mahakaleshwar_Jyotirlinga,https://en.wikipedia.org/wiki/Mahakaleshwar_Jyotirlinga,en.wikipedia.org
,https://en.wikipedia.org/wiki/File:Khajuraho.KandariyaMahadeva.jpg,https://en.wikipedia.org/wiki/File:Khajuraho.KandariyaMahadeva.jpg,en.wikipedia.org
Kandariya Mahadeva Temple,https://en.wikipedia.org/wiki/Kandariya_Mahadeva_Temple,https://en.wikipedia.org/wiki/Kandariya_Mahadeva_Temple,en.wikipedia.org
Khajuraho,https://en.wikipedia.org/wiki/Khajuraho,https://en.wikipedia.org/wiki/Khajuraho,en.wikipedia.org
,https://en.wikipedia.org/wiki/File:Sas_Bahu_Temple.jpg,https://en.wikipedia.org/wiki/File:Sas_Bahu_Temple.jpg,en.wikipedia.org
Sas-Bahu Temple,https://en.wikipedia.org/wiki/Sas-Bahu_Temple,https://en.wikipedia.org/wiki/Sas-Bahu_Temple,en.wikipedia.org
Gwalior,https://en.wikipedia.org/wiki/Gwalior,https://en.wikipedia.org/wiki/Gwalior,en.wikipedia.org
"Baba Baijnath Temple, Agar","https://en.wikipedia.org/wiki/Baba_Baijnath_Temple,_Agar","https://en.wikipedia.org/wiki/Baba_Baijnath_Temple,_Agar",en.wikipedia.org
"Bagalamukhi Temple, Nalkheda","https://en.wikipedia.org/wiki/Bagalamukhi_Temple,_Nalkheda","https://en.wikipedia.org/wiki/Bagalamukhi_Temple,_Nalkheda",en.wikipedia.org
Bhojeshwar Temple,https://en.wikipedia.org/wiki/Bhojeshwar_Temple,https://en.wikipedia.org/wiki/Bhojeshwar_Temple,en.wikipedia.org
Bijasan Mata Temple,https://en.wikipedia.org/wiki/Bijasan_Mata_Temple_Indore,https://en.wikipedia.org/wiki/Bijasan_Mata_Temple_Indore,en.wikipedia.org
Indore,https://en.wikipedia.org/wiki/Indore,https://en.wikipedia.org/wiki/Indore,en.wikipedia.org
Chaturbhuj Temple (Orchha),https://en.wikipedia.org/wiki/Chaturbhuj_Temple_(Orchha),https://en.wikipedia.org/wiki/Chaturbhuj_Temple_(Orchha),en.wikipedia.org
Orchha,https://en.wikipedia.org/wiki/Orchha,https://en.wikipedia.org/wiki/Orchha,en.wikipedia.org
"Chintaman Ganesh Temple, Ujjain","https://en.wikipedia.org/wiki/Chintaman_Ganesh_Temple,_Ujjain","https://en.wikipedia.org/wiki/Chintaman_Ganesh_Temple,_Ujjain",en.wikipedia.org
Dada Darbar,https://en.wikipedia.org/wiki/Dada_Darbar_(Khandwa),https://en.wikipedia.org/wiki/Dada_Darbar_(Khandwa),en.wikipedia.org
Khandwa,https://en.wikipedia.org/wiki/Khandwa,https://en.wikipedia.org/wiki/Khandwa,en.wikipedia.org
Devi Jagadambi Temple,https://en.wikipedia.org/wiki/Devi_Jagadambi_Temple,https://en.wikipedia.org/wiki/Devi_Jagadambi_Temple,en.wikipedia.org
Khajuraho,https://en.wikipedia.org/wiki/Khajuraho_Group_of_Monuments,https://en.wikipedia.org/wiki/Khajuraho_Group_of_Monuments,en.wikipedia.org
Devi Vaishini Temple,https://en.wikipedia.org/wiki/Dewas,https://en.wikipedia.org/wiki/Dewas,en.wikipedia.org
Dewas,https://en.wikipedia.org/wiki/Dewas,https://en.wikipedia.org/wiki/Dewas,en.wikipedia.org
Gajanan Maharaj Temple,"https://en.wikipedia.org/wiki/Gajanan_Maharaj_Temple,_Indore","https://en.wikipedia.org/wiki/Gajanan_Maharaj_Temple,_Indore",en.wikipedia.org
Indore,https://en.wikipedia.org/wiki/Indore,https://en.wikipedia.org/wiki/Indore,en.wikipedia.org
Jatashankar,https://en.wikipedia.org/wiki/Jatashankar,https://en.wikipedia.org/wiki/Jatashankar,en.wikipedia.org
Pachmarhi,https://en.wikipedia.org/wiki/Pachmarhi,https://en.wikipedia.org/wiki/Pachmarhi,en.wikipedia.org
"Kal Bhairav Temple, Ujjain","https://en.wikipedia.org/wiki/Kal_Bhairav_Temple,_Ujjain","https://en.wikipedia.org/wiki/Kal_Bhairav_Temple,_Ujjain",en.wikipedia.org
Kandariya Mahadeva Temple,https://en.wikipedia.org/wiki/Kandariya_Mahadeva_Temple,https://en.wikipedia.org/wiki/Kandariya_Mahadeva_Temple,en.wikipedia.org
Khajrana Ganesh Temple,https://en.wikipedia.org/wiki/Khajrana_Ganesh_Temple,https://en.wikipedia.org/wiki/Khajrana_Ganesh_Temple,en.wikipedia.org
Indore,https://en.wikipedia.org/wiki/Indore,https://en.wikipedia.org/wiki/Indore,en.wikipedia.org
Khajuraho Group of Monuments,https://en.wikipedia.org/wiki/Khajuraho_Group_of_Monuments,https://en.wikipedia.org/wiki/Khajuraho_Group_of_Monuments,en.wikipedia.org
"Lakshmi Narayan Temple, Bhopal","https://en.wikipedia.org/wiki/Lakshmi_Narayan_Temple,_Bhopal","https://en.wikipedia.org/wiki/Lakshmi_Narayan_Temple,_Bhopal",en.wikipedia.org
Mahakaleshwar Jyotirlinga Ujjain,https://en.wikipedia.org/wiki/Mahakaleshwar_Jyotirlinga,https://en.wikipedia.org/wiki/Mahakaleshwar_Jyotirlinga,en.wikipedia.org
Sharda Devi Temple Maihar satna,https://en.wikipedia.org/wiki/Maihar#Sharda_Devi_Temple,https://en.wikipedia.org/wiki/Maihar#Sharda_Devi_Temple,en.wikipedia.org
Mohas Hanuman Mandir,https://en.wikipedia.org/wiki/Mohas_Hanuman_Mandir,https://en.wikipedia.org/wiki/Mohas_Hanuman_Mandir,en.wikipedia.org
Omkareshwar Temple,https://en.wikipedia.org/wiki/Omkareshwar_Temple,https://en.wikipedia.org/wiki/Omkareshwar_Temple,en.wikipedia.org
"Pashupatinath Temple, Mandsaur","https://en.wikipedia.org/wiki/Pashupatinath_Temple,_Mandsaur","https://en.wikipedia.org/wiki/Pashupatinath_Temple,_Mandsaur",en.wikipedia.org
Pitambara Peeth,https://en.wikipedia.org/wiki/Pitambara_Peeth,https://en.wikipedia.org/wiki/Pitambara_Peeth,en.wikipedia.org
Datia,https://en.wikipedia.org/wiki/Datia,https://en.wikipedia.org/wiki/Datia,en.wikipedia.org
Ram Raja Temple,https://en.wikipedia.org/wiki/Ram_Raja_Temple,https://en.wikipedia.org/wiki/Ram_Raja_Temple,en.wikipedia.org
Orchha,https://en.wikipedia.org/wiki/Orchha,https://en.wikipedia.org/wiki/Orchha,en.wikipedia.org
Jhansi,https://en.wikipedia.org/wiki/Jhansi,https://en.wikipedia.org/wiki/Jhansi,en.wikipedia.org
"Sasbahu Temple, Gwalior","https://en.wikipedia.org/wiki/Sasbahu_Temple,_Gwalior","https://en.wikipedia.org/wiki/Sasbahu_Temple,_Gwalior",en.wikipedia.org
Shri Kala Bhairava Nath Swami Temple,https://en.wikipedia.org/wiki/Shri_Kala_Bhairava_Nath_Swami_Temple,https://en.wikipedia.org/wiki/Shri_Kala_Bhairava_Nath_Swami_Temple,en.wikipedia.org
Adegaon,https://en.wikipedia.org/wiki/Adegaon,https://en.wikipedia.org/wiki/Adegaon,en.wikipedia.org
Shyam Kaka Temple,https://en.wikipedia.org/wiki/Shyam_Kaka_Temple,https://en.wikipedia.org/wiki/Shyam_Kaka_Temple,en.wikipedia.org
Rajgarh district,https://en.wikipedia.org/wiki/Rajgarh_district,https://en.wikipedia.org/wiki/Rajgarh_district,en.wikipedia.org
Siddhwat Temple,https://en.wikipedia.org/wiki/Siddhwat_Temple,https://en.wikipedia.org/wiki/Siddhwat_Temple,en.wikipedia.org
Kankali Devi temple,https://en.wikipedia.org/wiki/Tigawa,https://en.wikipedia.org/wiki/Tigawa,en.wikipedia.org
Tigawa,https://en.wikipedia.org/wiki/Tigawa,https://en.wikipedia.org/wiki/Tigawa,en.wikipedia.org
Tulsi Peeth,https://en.wikipedia.org/wiki/Tulsi_Peeth,https://en.wikipedia.org/wiki/Tulsi_Peeth,en.wikipedia.org
Chitrakoot,"https://en.wikipedia.org/wiki/Chitrakoot,_Madhya_Pradesh","https://en.wikipedia.org/wiki/Chitrakoot,_Madhya_Pradesh",en.wikipedia.org
edit,/w/index.php?title=List_of_Hindu_temples_in_India&action=edit&section=19,https://en.wikipedia.org/w/index.php?title=List_of_Hindu_temples_in_India&action=edit&section=19,en.wikipedia.org
,https://en.wikipedia.org/wiki/File:Siddhivinayak_temple.jpg,https://en.wikipedia.org/wiki/File:Siddhivinayak_temple.jpg,en.wikipedia.org
Siddhivinayak Temple,"https://en.wikipedia.org/wiki/Siddhivinayak_Temple,_Mumbai","https://en.wikipedia.org/wiki/Siddhivinayak_Temple,_Mumbai",en.wikipedia.org
,"https://en.wikipedia.org/wiki/File:Sri_Sai_Baba_Temple_,_Shirdi.jpg","https://en.wikipedia.org/wiki/File:Sri_Sai_Baba_Temple_,_Shirdi.jpg",en.wikipedia.org
"Shri Sai Baba Temple, Shirdi","https://en.wikipedia.org/wiki/Shri_Sai_Baba_Temple,_Shirdi","https://en.wikipedia.org/wiki/Shri_Sai_Baba_Temple,_Shirdi",en.wikipedia.org
,https://en.wikipedia.org/wiki/File:Trimbakeshwar_nj.jpg,https://en.wikipedia.org/wiki/File:Trimbakeshwar_nj.jpg,en.wikipedia.org
Trimbakeshwar Shiva Temple,https://en.wikipedia.org/wiki/Trimbakeshwar_Shiva_Temple,https://en.wikipedia.org/wiki/Trimbakeshwar_Shiva_Temple,en.wikipedia.org
,https://en.wikipedia.org/wiki/File:Elephanta_Caves_Trimurti.jpg,https://en.wikipedia.org/wiki/File:Elephanta_Caves_Trimurti.jpg,en.wikipedia.org
Elephanta Caves,https://en.wikipedia.org/wiki/Elephanta_Caves,https://en.wikipedia.org/wiki/Elephanta_Caves,en.wikipedia.org
,https://en.wikipedia.org/wiki/File:Kailasha_temple_at_ellora.JPG,https://en.wikipedia.org/wiki/File:Kailasha_temple_at_ellora.JPG,en.wikipedia.org
Kailasa temple,"https://en.wikipedia.org/wiki/Kailasa_temple,_Ellora","https://en.wikipedia.org/wiki/Kailasa_temple,_Ellora",en.wikipedia.org
Ellora Caves,https://en.wikipedia.org/wiki/Ellora_Caves,https://en.wikipedia.org/wiki/Ellora_Caves,en.wikipedia.org
Akkalkot Swami Samarth,https://en.wikipedia.org/wiki/Akkalkot_Maharaj,https://en.wikipedia.org/wiki/Akkalkot_Maharaj,en.wikipedia.org
Ambreshwar Temple,https://en.wikipedia.org/wiki/Ambarnath,https://en.wikipedia.org/wiki/Ambarnath,en.wikipedia.org
Ambarnath,https://en.wikipedia.org/wiki/Ambarnath,https://en.wikipedia.org/wiki/Ambarnath,en.wikipedia.org
Hiranyakeshi temple,"https://en.wikipedia.org/wiki/Amboli,_Sindhudurg","https://en.wikipedia.org/wiki/Amboli,_Sindhudurg",en.wikipedia.org
"Amboli, Sindhudurg","https://en.wikipedia.org/wiki/Amboli,_Sindhudurg","https://en.wikipedia.org/wiki/Amboli,_Sindhudurg",en.wikipedia.org
Amruteshwar Temple,https://en.wikipedia.org/wiki/Amruteshwar_Temple,https://en.wikipedia.org/wiki/Amruteshwar_Temple,en.wikipedia.org
Ratanwadi,https://en.wikipedia.org/wiki/Ratanwadi,https://en.wikipedia.org/wiki/Ratanwadi,en.wikipedia.org
Aundha Nagnath Temple,https://en.wikipedia.org/wiki/Aundha_Nagnath_Temple,https://en.wikipedia.org/wiki/Aundha_Nagnath_Temple,en.wikipedia.org
Hingoli,https://en.wikipedia.org/wiki/Hingoli,https://en.wikipedia.org/wiki/Hingoli,en.wikipedia.org
"Babulnath Temple, Mumbai",https://en.wikipedia.org/wiki/Babulnath_Temple,https://en.wikipedia.org/wiki/Babulnath_Temple,en.wikipedia.org
Ballaleshwar Pali,https://en.wikipedia.org/wiki/Ballaleshwar_Pali,https://en.wikipedia.org/wiki/Ballaleshwar_Pali,en.wikipedia.org
"Bhagwant Temple, Barshi",https://en.wikipedia.org/wiki/Barshi,https://en.wikipedia.org/wiki/Barshi,en.wikipedia.org
Bhimashankar Temple,https://en.wikipedia.org/wiki/Bhimashankar_Temple,https://en.wikipedia.org/wiki/Bhimashankar_Temple,en.wikipedia.org
Bhuleshwar Temple,https://en.wikipedia.org/wiki/Bhuleshwar_Temple,https://en.wikipedia.org/wiki/Bhuleshwar_Temple,en.wikipedia.org
"Birla Mandir, Shahad","https://en.wikipedia.org/wiki/Birla_Mandir,_Shahad","https://en.wikipedia.org/wiki/Birla_Mandir,_Shahad",en.wikipedia.org
BAPS Shri Swaminarayan,https://en.wikipedia.org/wiki/Bochasanwasi_Akshar_Purushottam_Swaminarayan_Sanstha,https://en.wikipedia.org/wiki/Bochasanwasi_Akshar_Purushottam_Swaminarayan_Sanstha,en.wikipedia.org
Ambegaon,https://en.wikipedia.org/wiki/Ambegaon,https://en.wikipedia.org/wiki/Ambegaon,en.wikipedia.org
Red Jogeshwari Temple,"https://en.wikipedia.org/wiki/Budhwar_Peth,_Pune","https://en.wikipedia.org/wiki/Budhwar_Peth,_Pune",en.wikipedia.org
Pune,https://en.wikipedia.org/wiki/Pune,https://en.wikipedia.org/wiki/Pune,en.wikipedia.org
Chakreshwar Mahadev Mandir,https://en.wikipedia.org/wiki/Chakreshwar_Mahadev_Mandir,https://en.wikipedia.org/wiki/Chakreshwar_Mahadev_Mandir,en.wikipedia.org
Nalasopara,https://en.wikipedia.org/wiki/Nalasopara,https://en.wikipedia.org/wiki/Nalasopara,en.wikipedia.org
"Chandika Devi Temple, Juchandra","https://en.wikipedia.org/wiki/Chandika_Devi_Temple,_Juchandra","https://en.wikipedia.org/wiki/Chandika_Devi_Temple,_Juchandra",en.wikipedia.org
Chaturshringi Temple,https://en.wikipedia.org/wiki/Chaturshringi_Temple,https://en.wikipedia.org/wiki/Chaturshringi_Temple,en.wikipedia.org
Pune,https://en.wikipedia.org/wiki/Pune,https://en.wikipedia.org/wiki/Pune,en.wikipedia.org
"Chintamani Temple, Theur","https://en.wikipedia.org/wiki/Chintamani_Temple,_Theur","https://en.wikipedia.org/wiki/Chintamani_Temple,_Theur",en.wikipedia.org
Dagadusheth Halwai Ganapati Temple,https://en.wikipedia.org/wiki/Dagadusheth_Halwai_Ganapati_Temple,https://en.wikipedia.org/wiki/Dagadusheth_Halwai_Ganapati_Temple,en.wikipedia.org
Pune,https://en.wikipedia.org/wiki/Pune,https://en.wikipedia.org/wiki/Pune,en.wikipedia.org
Dashabhuja Temple,https://en.wikipedia.org/wiki/Dashabhuja_Temple,https://en.wikipedia.org/wiki/Dashabhuja_Temple,en.wikipedia.org
Pune,https://en.wikipedia.org/wiki/Pune,https://en.wikipedia.org/wiki/Pune,en.wikipedia.org
Durgadi Fort,https://en.wikipedia.org/wiki/Durgadi_Fort,https://en.wikipedia.org/wiki/Durgadi_Fort,en.wikipedia.org
Kalyan,https://en.wikipedia.org/wiki/Kalyan,https://en.wikipedia.org/wiki/Kalyan,en.wikipedia.org
Ekvira Mata Mandir,https://en.wikipedia.org/wiki/Ekvira_Mata_Mandir,https://en.wikipedia.org/wiki/Ekvira_Mata_Mandir,en.wikipedia.org
Lonavala,https://en.wikipedia.org/wiki/Lonavala,https://en.wikipedia.org/wiki/Lonavala,en.wikipedia.org
Elephanta Caves,https://en.wikipedia.org/wiki/Elephanta_Caves,https://en.wikipedia.org/wiki/Elephanta_Caves,en.wikipedia.org
Elephanta Island,https://en.wikipedia.org/wiki/Elephanta_Island,https://en.wikipedia.org/wiki/Elephanta_Island,en.wikipedia.org
Mumbai,https://en.wikipedia.org/wiki/Mumbai,https://en.wikipedia.org/wiki/Mumbai,en.wikipedia.org
Kailash Temple,https://en.wikipedia.org/wiki/Ellora_Kailasanathar_Temple,https://en.wikipedia.org/wiki/Ellora_Kailasanathar_Temple,en.wikipedia.org
Ellora,https://en.wikipedia.org/wiki/Ellora,https://en.wikipedia.org/wiki/Ellora,en.wikipedia.org
"Ganapati Temple, Redi","https://en.wikipedia.org/wiki/Ganapati_Temple,_Redi","https://en.wikipedia.org/wiki/Ganapati_Temple,_Redi",en.wikipedia.org
"Moreshwar Temple, Morgaon","https://en.wikipedia.org/wiki/Ganesha_Temple,_Morgaon","https://en.wikipedia.org/wiki/Ganesha_Temple,_Morgaon",en.wikipedia.org
"Ganpati Temple, Tasgaon","https://en.wikipedia.org/wiki/Ganpati_Temple,_Tasgaon","https://en.wikipedia.org/wiki/Ganpati_Temple,_Tasgaon",en.wikipedia.org
Ganpatipule,https://en.wikipedia.org/wiki/Ganpatipule,https://en.wikipedia.org/wiki/Ganpatipule,en.wikipedia.org
Ratnagiri,https://en.wikipedia.org/wiki/Ratnagiri,https://en.wikipedia.org/wiki/Ratnagiri,en.wikipedia.org
Girijatmaj Temple of Lenyadri,https://en.wikipedia.org/wiki/Girijatmaj,https://en.wikipedia.org/wiki/Girijatmaj,en.wikipedia.org
"Gondeshwar Temple, Sinnar","https://en.wikipedia.org/wiki/Gondeshwar_Temple,_Sinnar","https://en.wikipedia.org/wiki/Gondeshwar_Temple,_Sinnar",en.wikipedia.org
"Nagra Temple, Gondia",https://en.wikipedia.org/wiki/Gondia,https://en.wikipedia.org/wiki/Gondia,en.wikipedia.org
Grishneshwar temple,https://en.wikipedia.org/wiki/Grishneshwar_temple,https://en.wikipedia.org/wiki/Grishneshwar_temple,en.wikipedia.org
Ellora,https://en.wikipedia.org/wiki/Ellora,https://en.wikipedia.org/wiki/Ellora,en.wikipedia.org
Harihareshwara Temple,https://en.wikipedia.org/wiki/Harihareshwar,https://en.wikipedia.org/wiki/Harihareshwar,en.wikipedia.org
Harishchandragad,https://en.wikipedia.org/wiki/Harishchandragad,https://en.wikipedia.org/wiki/Harishchandragad,en.wikipedia.org
Ahmednagar district,https://en.wikipedia.org/wiki/Ahmednagar_district,https://en.wikipedia.org/wiki/Ahmednagar_district,en.wikipedia.org
"Palasnath Temple, Indapur",https://en.wikipedia.org/wiki/Indapur,https://en.wikipedia.org/wiki/Indapur,en.wikipedia.org
"ISKCON Temple, Pune","https://en.wikipedia.org/wiki/ISKCON_Temple,_Pune","https://en.wikipedia.org/wiki/ISKCON_Temple,_Pune",en.wikipedia.org
Jivdani Mata Temple,https://en.wikipedia.org/wiki/Jivdani_Mata,https://en.wikipedia.org/wiki/Jivdani_Mata,en.wikipedia.org
Virar,https://en.wikipedia.org/wiki/Virar,https://en.wikipedia.org/wiki/Virar,en.wikipedia.org
Jogeshwari,https://en.wikipedia.org/wiki/Jogeshwari,https://en.wikipedia.org/wiki/Jogeshwari,en.wikipedia.org
Jyotiba Temple at Wadi,https://en.wikipedia.org/wiki/Jyotiba_Temple,https://en.wikipedia.org/wiki/Jyotiba_Temple,en.wikipedia.org
Kala Ram Temple,https://en.wikipedia.org/wiki/Kala_Ram_Temple,https://en.wikipedia.org/wiki/Kala_Ram_Temple,en.wikipedia.org
Nashik,https://en.wikipedia.org/wiki/Nashik,https://en.wikipedia.org/wiki/Nashik,en.wikipedia.org
Kasba Ganapati,https://en.wikipedia.org/wiki/Kasba_Ganapati,https://en.wikipedia.org/wiki/Kasba_Ganapati,en.wikipedia.org
Pune,https://en.wikipedia.org/wiki/Pune,https://en.wikipedia.org/wiki/Pune,en.wikipedia.org
Khandoba Mandir,https://en.wikipedia.org/wiki/Khandoba_Mandir,https://en.wikipedia.org/wiki/Khandoba_Mandir,en.wikipedia.org
Beed,https://en.wikipedia.org/wiki/Beed,https://en.wikipedia.org/wiki/Beed,en.wikipedia.org
"Khandoba Temple, Jejuri","https://en.wikipedia.org/wiki/Khandoba_Temple,_Jejuri","https://en.wikipedia.org/wiki/Khandoba_Temple,_Jejuri",en.wikipedia.org
Khidkaleshwar Mandir,https://en.wikipedia.org/wiki/Khidkaleshwar_Mandir,https://en.wikipedia.org/wiki/Khidkaleshwar_Mandir,en.wikipedia.org
Dombivli,https://en.wikipedia.org/wiki/Dombivli,https://en.wikipedia.org/wiki/Dombivli,en.wikipedia.org
"Kopineshwar Mandir, Thane","https://en.wikipedia.org/wiki/Kopineshwar_Mandir,_Thane","https://en.wikipedia.org/wiki/Kopineshwar_Mandir,_Thane",en.wikipedia.org
Kukdeshwar Temple,https://en.wikipedia.org/wiki/Kukdeshwar_Temple,https://en.wikipedia.org/wiki/Kukdeshwar_Temple,en.wikipedia.org
"Mahalakshmi Temple, Dahanu","https://en.wikipedia.org/wiki/Mahalakshmi_Temple,_Dahanu","https://en.wikipedia.org/wiki/Mahalakshmi_Temple,_Dahanu",en.wikipedia.org
"Mahalakshmi Temple, Kolhapur","https://en.wikipedia.org/wiki/Mahalakshmi_Temple,_Kolhapur","https://en.wikipedia.org/wiki/Mahalakshmi_Temple,_Kolhapur",en.wikipedia.org
"Mahalakshmi Temple, Mahalakshmi, Mumbai","https://en.wikipedia.org/wiki/Mahalakshmi_Temple,_Mumbai","https://en.wikipedia.org/wiki/Mahalakshmi_Temple,_Mumbai",en.wikipedia.org
Mahur,"https://en.wikipedia.org/wiki/Mahur,_Maharashtra","https://en.wikipedia.org/wiki/Mahur,_Maharashtra",en.wikipedia.org
Renuka,https://en.wikipedia.org/wiki/Renuka,https://en.wikipedia.org/wiki/Renuka,en.wikipedia.org
Mandher Devi Temple in Mandhradevi,https://en.wikipedia.org/wiki/Mandher_Devi_Temple_in_Mandhradevi,https://en.wikipedia.org/wiki/Mandher_Devi_Temple_in_Mandhradevi,en.wikipedia.org
"Mankeshwar temple, Zodage","https://en.wikipedia.org/wiki/Mankeshwar_temple,_Zodage","https://en.wikipedia.org/wiki/Mankeshwar_temple,_Zodage",en.wikipedia.org
"Markanda Mahadev, Chamorshi","https://en.wikipedia.org/wiki/Markanda_Mahadev,_Chamorshi","https://en.wikipedia.org/wiki/Markanda_Mahadev,_Chamorshi",en.wikipedia.org
Morya Gosavi,https://en.wikipedia.org/wiki/Morya_Gosavi,https://en.wikipedia.org/wiki/Morya_Gosavi,en.wikipedia.org
Chinchwad,https://en.wikipedia.org/wiki/Chinchwad,https://en.wikipedia.org/wiki/Chinchwad,en.wikipedia.org
Mumba Devi Mandir,https://en.wikipedia.org/wiki/Mumba_Devi_Mandir,https://en.wikipedia.org/wiki/Mumba_Devi_Mandir,en.wikipedia.org
Mumbai,https://en.wikipedia.org/wiki/Mumbai,https://en.wikipedia.org/wiki/Mumbai,en.wikipedia.org
Mumbra Devi Temple,https://en.wikipedia.org/wiki/Mumbra_Devi_Temple,https://en.wikipedia.org/wiki/Mumbra_Devi_Temple,en.wikipedia.org
Mumbra,https://en.wikipedia.org/wiki/Mumbra,https://en.wikipedia.org/wiki/Mumbra,en.wikipedia.org
Narsobawadi,https://en.wikipedia.org/wiki/Narsobawadi,https://en.wikipedia.org/wiki/Narsobawadi,en.wikipedia.org
Padmalaya,https://en.wikipedia.org/wiki/Padmalaya,https://en.wikipedia.org/wiki/Padmalaya,en.wikipedia.org
Parshuram Temple,https://en.wikipedia.org/wiki/Parshuram_Temple,https://en.wikipedia.org/wiki/Parshuram_Temple,en.wikipedia.org
Chiplun,https://en.wikipedia.org/wiki/Chiplun,https://en.wikipedia.org/wiki/Chiplun,en.wikipedia.org
Parvati Hill,https://en.wikipedia.org/wiki/Parvati_Hill,https://en.wikipedia.org/wiki/Parvati_Hill,en.wikipedia.org
Pune,https://en.wikipedia.org/wiki/Pune,https://en.wikipedia.org/wiki/Pune,en.wikipedia.org
"Pataleshwar Caves, Pune","https://en.wikipedia.org/wiki/Pataleshwar_Caves,_Pune","https://en.wikipedia.org/wiki/Pataleshwar_Caves,_Pune",en.wikipedia.org
Prabhadevi Temple,https://en.wikipedia.org/wiki/Prabhadevi_Temple,https://en.wikipedia.org/wiki/Prabhadevi_Temple,en.wikipedia.org
Prabhadevi,https://en.wikipedia.org/wiki/Prabhadevi,https://en.wikipedia.org/wiki/Prabhadevi,en.wikipedia.org
Mumbai,https://en.wikipedia.org/wiki/Mumbai,https://en.wikipedia.org/wiki/Mumbai,en.wikipedia.org
"Ram Mandir, Mumbai",https://en.wikipedia.org/wiki/Ram_Mandir_railway_station,https://en.wikipedia.org/wiki/Ram_Mandir_railway_station,en.wikipedia.org
Mahaganpati Temple of Ranjangaon,https://en.wikipedia.org/wiki/Ranjangaon_Ganpati,https://en.wikipedia.org/wiki/Ranjangaon_Ganpati,en.wikipedia.org
Saptashrungi,https://en.wikipedia.org/wiki/Saptashrungi,https://en.wikipedia.org/wiki/Saptashrungi,en.wikipedia.org
Sarasbaug Ganpati,https://en.wikipedia.org/wiki/Sarasbaug_Ganpati,https://en.wikipedia.org/wiki/Sarasbaug_Ganpati,en.wikipedia.org
"Satpuda Manudevi Temple, Adgaon","https://en.wikipedia.org/wiki/Satpuda_Manudevi_Temple,_Adgaon","https://en.wikipedia.org/wiki/Satpuda_Manudevi_Temple,_Adgaon",en.wikipedia.org
Shani Shingnapur,https://en.wikipedia.org/wiki/Shani_Shingnapur,https://en.wikipedia.org/wiki/Shani_Shingnapur,en.wikipedia.org
"Shri Sai Baba Temple, Shirdi","https://en.wikipedia.org/wiki/Shri_Sai_Baba_Temple,_Shirdi","https://en.wikipedia.org/wiki/Shri_Sai_Baba_Temple,_Shirdi",en.wikipedia.org
Shirdi,https://en.wikipedia.org/wiki/Shirdi,https://en.wikipedia.org/wiki/Shirdi,en.wikipedia.org
"Shiv Mandir, Maharashtra","https://en.wikipedia.org/wiki/Shiv_Mandir,_Maharashtra","https://en.wikipedia.org/wiki/Shiv_Mandir,_Maharashtra",en.wikipedia.org
Shree Swaminarayan Temple Mumbai,https://en.wikipedia.org/wiki/Shree_Swaminarayan_Temple_Mumbai,https://en.wikipedia.org/wiki/Shree_Swaminarayan_Temple_Mumbai,en.wikipedia.org
Shri BrahmaChaitanya Gondavalekar Maharaj,https://en.wikipedia.org/wiki/Shri_BrahmaChaitanya,https://en.wikipedia.org/wiki/Shri_BrahmaChaitanya,en.wikipedia.org
Shri Dev Rameshwar Mandir,https://en.wikipedia.org/wiki/Shri_Dev_Rameshwar_Temple,https://en.wikipedia.org/wiki/Shri_Dev_Rameshwar_Temple,en.wikipedia.org
Shri Laxmi Narsimha Temple,https://en.wikipedia.org/wiki/Shri_Laxmi_Narsimha_Temple,https://en.wikipedia.org/wiki/Shri_Laxmi_Narsimha_Temple,en.wikipedia.org
Nira Narsingpur,https://en.wikipedia.org/wiki/Nira_Narsingpur,https://en.wikipedia.org/wiki/Nira_Narsingpur,en.wikipedia.org
Shri Laxmi Narsimha Temple,https://en.wikipedia.org/wiki/Shri_Laxmi_Narsimha_Temple,https://en.wikipedia.org/wiki/Shri_Laxmi_Narsimha_Temple,en.wikipedia.org
Nira Narsingpur,https://en.wikipedia.org/wiki/Nira_Narsingpur,https://en.wikipedia.org/wiki/Nira_Narsingpur,en.wikipedia.org
Pune,https://en.wikipedia.org/wiki/Pune,https://en.wikipedia.org/wiki/Pune,en.wikipedia.org
"Shri Swaminarayan Mandir, Mumbai","https://en.wikipedia.org/wiki/Shri_Swaminarayan_Mandir,_Mumbai","https://en.wikipedia.org/wiki/Shri_Swaminarayan_Mandir,_Mumbai",en.wikipedia.org
Siddheshwar & Ratneshwar Temple,https://en.wikipedia.org/wiki/Siddheshwar_&_Ratneshwar_Temple,https://en.wikipedia.org/wiki/Siddheshwar_&_Ratneshwar_Temple,en.wikipedia.org
Siddhivinayak Mahaganapati Temple,https://en.wikipedia.org/wiki/Siddhivinayak_Mahaganapati_Temple,https://en.wikipedia.org/wiki/Siddhivinayak_Mahaganapati_Temple,en.wikipedia.org
Siddhivinayak Temple,https://en.wikipedia.org/wiki/Siddhivinayak_temple_(Mumbai),https://en.wikipedia.org/wiki/Siddhivinayak_temple_(Mumbai),en.wikipedia.org
Mumbai,https://en.wikipedia.org/wiki/Mumbai,https://en.wikipedia.org/wiki/Mumbai,en.wikipedia.org
"Siddhivinayak Temple, Siddhatek","https://en.wikipedia.org/wiki/Siddhivinayak_Temple,_Siddhatek","https://en.wikipedia.org/wiki/Siddhivinayak_Temple,_Siddhatek",en.wikipedia.org
"Tryamboli Temple Temblaiwadi, Kolhapur",https://en.wikipedia.org/wiki/Temblai,https://en.wikipedia.org/wiki/Temblai,en.wikipedia.org
Trimbakeshwar Shiva Temple,https://en.wikipedia.org/wiki/Trimbakeshwar_Shiva_Temple,https://en.wikipedia.org/wiki/Trimbakeshwar_Shiva_Temple,en.wikipedia.org
Trimbakeshwar,https://en.wikipedia.org/wiki/Trimbakeshwar,https://en.wikipedia.org/wiki/Trimbakeshwar,en.wikipedia.org
Tulja Bhavani Temple,https://en.wikipedia.org/wiki/Tulja_Bhavani_Temple,https://en.wikipedia.org/wiki/Tulja_Bhavani_Temple,en.wikipedia.org
Tuljapur,https://en.wikipedia.org/wiki/Tuljapur,https://en.wikipedia.org/wiki/Tuljapur,en.wikipedia.org
Tulshibaug,https://en.wikipedia.org/wiki/Tulshibaug,https://en.wikipedia.org/wiki/Tulshibaug,en.wikipedia.org
Pune,https://en.wikipedia.org/wiki/Pune,https://en.wikipedia.org/wiki/Pune,en.wikipedia.org
"Vajreshwari Temple, Vajreshwari",https://en.wikipedia.org/wiki/Vajreshwari_Temple,https://en.wikipedia.org/wiki/Vajreshwari_Temple,en.wikipedia.org
Varadvinayak,https://en.wikipedia.org/wiki/Varadvinayak,https://en.wikipedia.org/wiki/Varadvinayak,en.wikipedia.org
"Vigneshwara Temple, Ozar","https://en.wikipedia.org/wiki/Vigneshwara_Temple,_Ozar","https://en.wikipedia.org/wiki/Vigneshwara_Temple,_Ozar",en.wikipedia.org
Vithoba Temple,https://en.wikipedia.org/wiki/Vithoba_Temple,https://en.wikipedia.org/wiki/Vithoba_Temple,en.wikipedia.org
Pandharpur,https://en.wikipedia.org/wiki/Pandharpur,https://en.wikipedia.org/wiki/Pandharpur,en.wikipedia.org
edit,/w/index.php?title=List_of_Hindu_temples_in_India&action=edit&section=20,https://en.wikipedia.org/w/index.php?title=List_of_Hindu_temples_in_India&action=edit&section=20,en.wikipedia.org
Ningthoukhong Gopinath Mandir,https://en.wikipedia.org/wiki/Ningthoukhong_Gopinath_Mandir,https://en.wikipedia.org/wiki/Ningthoukhong_Gopinath_Mandir,en.wikipedia.org
Shree Govindajee Temple,https://en.wikipedia.org/wiki/Shree_Govindajee_Temple,https://en.wikipedia.org/wiki/Shree_Govindajee_Temple,en.wikipedia.org
Imphal,https://en.wikipedia.org/wiki/Imphal,https://en.wikipedia.org/wiki/Imphal,en.wikipedia.org
Shri Radha Raman Temple of Kanchipur,https://en.wikipedia.org/wiki/Shri_Radha_Raman_Temple_of_Kanchipur,https://en.wikipedia.org/wiki/Shri_Radha_Raman_Temple_of_Kanchipur,en.wikipedia.org
Kanchipur,"https://en.wikipedia.org/wiki/Kanchipur,_Manipur","https://en.wikipedia.org/wiki/Kanchipur,_Manipur",en.wikipedia.org
edit,/w/index.php?title=List_of_Hindu_temples_in_India&action=edit&section=21,https://en.wikipedia.org/w/index.php?title=List_of_Hindu_temples_in_India&action=edit&section=21,en.wikipedia.org
Nartiang Durga Temple,https://en.wikipedia.org/wiki/Nartiang_Durga_Temple,https://en.wikipedia.org/wiki/Nartiang_Durga_Temple,en.wikipedia.org
edit,/w/index.php?title=List_of_Hindu_temples_in_India&action=edit&section=22,https://en.wikipedia.org/w/index.php?title=List_of_Hindu_temples_in_India&action=edit&section=22,en.wikipedia.org
List of temples in Bhubaneswar,https://en.wikipedia.org/wiki/List_of_temples_in_Bhubaneswar,https://en.wikipedia.org/wiki/List_of_temples_in_Bhubaneswar,en.wikipedia.org
,https://en.wikipedia.org/wiki/File:Konark_Sun_Temple_Front_view.jpg,https://en.wikipedia.org/wiki/File:Konark_Sun_Temple_Front_view.jpg,en.wikipedia.org
Konark Sun Temple,https://en.wikipedia.org/wiki/Konark_Sun_Temple,https://en.wikipedia.org/wiki/Konark_Sun_Temple,en.wikipedia.org
,https://en.wikipedia.org/wiki/File:Muktesvara_deula.jpg,https://en.wikipedia.org/wiki/File:Muktesvara_deula.jpg,en.wikipedia.org
Muktesvara deula,https://en.wikipedia.org/wiki/Muktesvara_deula,https://en.wikipedia.org/wiki/Muktesvara_deula,en.wikipedia.org
Orissa,"https://en.wikipedia.org/wiki/Orissa,_India","https://en.wikipedia.org/wiki/Orissa,_India",en.wikipedia.org
,https://en.wikipedia.org/wiki/File:Temple-Jagannath.jpg,https://en.wikipedia.org/wiki/File:Temple-Jagannath.jpg,en.wikipedia.org
"Jagannath Temple, Puri","https://en.wikipedia.org/wiki/Jagannath_Temple,_Puri","https://en.wikipedia.org/wiki/Jagannath_Temple,_Puri",en.wikipedia.org
Orissa,"https://en.wikipedia.org/wiki/Orissa,_India","https://en.wikipedia.org/wiki/Orissa,_India",en.wikipedia.org
,https://en.wikipedia.org/wiki/File:Lingaraj_temple_Bhubaneswar_11007.jpg,https://en.wikipedia.org/wiki/File:Lingaraj_temple_Bhubaneswar_11007.jpg,en.wikipedia.org
Lingaraja Temple,https://en.wikipedia.org/wiki/Lingaraja_Temple,https://en.wikipedia.org/wiki/Lingaraja_Temple,en.wikipedia.org
Orissa,"https://en.wikipedia.org/wiki/Orissa,_India","https://en.wikipedia.org/wiki/Orissa,_India",en.wikipedia.org
,https://en.wikipedia.org/wiki/File:Vaitala_Mandira.jpg,https://en.wikipedia.org/wiki/File:Vaitala_Mandira.jpg,en.wikipedia.org
Baitala deula,https://en.wikipedia.org/wiki/Baitala_deula,https://en.wikipedia.org/wiki/Baitala_deula,en.wikipedia.org
Orissa,"https://en.wikipedia.org/wiki/Orissa,_India","https://en.wikipedia.org/wiki/Orissa,_India",en.wikipedia.org
,https://en.wikipedia.org/wiki/File:Rajarani_Temple_2.jpg,https://en.wikipedia.org/wiki/File:Rajarani_Temple_2.jpg,en.wikipedia.org
Rajarani Temple,https://en.wikipedia.org/wiki/Rajarani_Temple,https://en.wikipedia.org/wiki/Rajarani_Temple,en.wikipedia.org
Orissa,"https://en.wikipedia.org/wiki/Orissa,_India","https://en.wikipedia.org/wiki/Orissa,_India",en.wikipedia.org
,https://en.wikipedia.org/wiki/File:Ratnagiri_Jajpur_district_Odisha.jpg,https://en.wikipedia.org/wiki/File:Ratnagiri_Jajpur_district_Odisha.jpg,en.wikipedia.org
Puspagiri Mahavihara,https://en.wikipedia.org/wiki/Puspagiri_Mahavihara,https://en.wikipedia.org/wiki/Puspagiri_Mahavihara,en.wikipedia.org
Orissa,"https://en.wikipedia.org/wiki/Orissa,_India","https://en.wikipedia.org/wiki/Orissa,_India",en.wikipedia.org
,https://en.wikipedia.org/wiki/File:Ananta_Vasudeva_Temple.jpg,https://en.wikipedia.org/wiki/File:Ananta_Vasudeva_Temple.jpg,en.wikipedia.org
Ananta Vasudeva Temple,https://en.wikipedia.org/wiki/Ananta_Vasudeva_Temple,https://en.wikipedia.org/wiki/Ananta_Vasudeva_Temple,en.wikipedia.org
Orissa,"https://en.wikipedia.org/wiki/Orissa,_India","https://en.wikipedia.org/wiki/Orissa,_India",en.wikipedia.org
,https://en.wikipedia.org/wiki/File:Gate_of_Nrusinghanath_Temple1.JPG,https://en.wikipedia.org/wiki/File:Gate_of_Nrusinghanath_Temple1.JPG,en.wikipedia.org
Nrusinghanath Temple,https://en.wikipedia.org/wiki/Nrusinghanath_Temple,https://en.wikipedia.org/wiki/Nrusinghanath_Temple,en.wikipedia.org
Orissa,"https://en.wikipedia.org/wiki/Orissa,_India","https://en.wikipedia.org/wiki/Orissa,_India",en.wikipedia.org
,https://en.wikipedia.org/wiki/File:Taratarini_maa.jpg,https://en.wikipedia.org/wiki/File:Taratarini_maa.jpg,en.wikipedia.org
Taratarini Temple,https://en.wikipedia.org/wiki/Taratarini_Temple,https://en.wikipedia.org/wiki/Taratarini_Temple,en.wikipedia.org
Orissa,"https://en.wikipedia.org/wiki/Orissa,_India","https://en.wikipedia.org/wiki/Orissa,_India",en.wikipedia.org
,"https://en.wikipedia.org/wiki/File:Brahmeswara_Temple,_Bhubaneswar.JPG","https://en.wikipedia.org/wiki/File:Brahmeswara_Temple,_Bhubaneswar.JPG",en.wikipedia.org
Brahmeswara Temple,https://en.wikipedia.org/wiki/Brahmeswara_Temple,https://en.wikipedia.org/wiki/Brahmeswara_Temple,en.wikipedia.org
Ajaikapada Bhairava Temple,https://en.wikipedia.org/wiki/Ajaikapada_Bhairava_Temple,https://en.wikipedia.org/wiki/Ajaikapada_Bhairava_Temple,en.wikipedia.org
Ananta Shayana,https://en.wikipedia.org/wiki/Ananta_Shayana,https://en.wikipedia.org/wiki/Ananta_Shayana,en.wikipedia.org
Ananta Vasudeva Temple,https://en.wikipedia.org/wiki/Ananta_Vasudeva_Temple,https://en.wikipedia.org/wiki/Ananta_Vasudeva_Temple,en.wikipedia.org
Annakoteshvara Temple,https://en.wikipedia.org/wiki/Annakoteshvara_Temple,https://en.wikipedia.org/wiki/Annakoteshvara_Temple,en.wikipedia.org
Astasambhu Siva Temples,https://en.wikipedia.org/wiki/Astasambhu_Siva_Temples,https://en.wikipedia.org/wiki/Astasambhu_Siva_Temples,en.wikipedia.org
Baitala Deula,https://en.wikipedia.org/wiki/Baitala_Deula,https://en.wikipedia.org/wiki/Baitala_Deula,en.wikipedia.org
Baladevjew Temple,https://en.wikipedia.org/wiki/Baladevjew_Temple,https://en.wikipedia.org/wiki/Baladevjew_Temple,en.wikipedia.org
"Bhagabati Temple, Banapur","https://en.wikipedia.org/wiki/Bhagabati_Temple,_Banapur","https://en.wikipedia.org/wiki/Bhagabati_Temple,_Banapur",en.wikipedia.org
Bharati Matha,https://en.wikipedia.org/wiki/Bharati_Matha,https://en.wikipedia.org/wiki/Bharati_Matha,en.wikipedia.org
Bhattarika Temple,https://en.wikipedia.org/wiki/Bhattarika_Temple,https://en.wikipedia.org/wiki/Bhattarika_Temple,en.wikipedia.org
Bhringesvara Siva Temple,https://en.wikipedia.org/wiki/Bhringesvara_Siva_Temple,https://en.wikipedia.org/wiki/Bhringesvara_Siva_Temple,en.wikipedia.org
Biraja Temple,https://en.wikipedia.org/wiki/Biraja_Temple,https://en.wikipedia.org/wiki/Biraja_Temple,en.wikipedia.org
Jajpur,https://en.wikipedia.org/wiki/Jajpur,https://en.wikipedia.org/wiki/Jajpur,en.wikipedia.org
"Brahma Temple, Bindusagar","https://en.wikipedia.org/wiki/Brahma_Temple,_Bindusagar","https://en.wikipedia.org/wiki/Brahma_Temple,_Bindusagar",en.wikipedia.org
Brahmeswara Temple,https://en.wikipedia.org/wiki/Brahmeswara_Temple,https://en.wikipedia.org/wiki/Brahmeswara_Temple,en.wikipedia.org
Budha Deula,https://en.wikipedia.org/wiki/Budha_Deula,https://en.wikipedia.org/wiki/Budha_Deula,en.wikipedia.org
Byamokesvara temple,https://en.wikipedia.org/wiki/Byamokesvara_temple,https://en.wikipedia.org/wiki/Byamokesvara_temple,en.wikipedia.org
Chakreshvari Siva Temple,https://en.wikipedia.org/wiki/Chakreshvari_Siva_Temple,https://en.wikipedia.org/wiki/Chakreshvari_Siva_Temple,en.wikipedia.org
Chakresvara Tank,https://en.wikipedia.org/wiki/Chakresvara_Tank,https://en.wikipedia.org/wiki/Chakresvara_Tank,en.wikipedia.org
Charchika Temple,https://en.wikipedia.org/wiki/Charchika_Temple,https://en.wikipedia.org/wiki/Charchika_Temple,en.wikipedia.org
Chateshwar Temple,https://en.wikipedia.org/wiki/Chateshwar_Temple,https://en.wikipedia.org/wiki/Chateshwar_Temple,en.wikipedia.org
Cuttack Chandi Temple,https://en.wikipedia.org/wiki/Cuttack_Chandi_Temple,https://en.wikipedia.org/wiki/Cuttack_Chandi_Temple,en.wikipedia.org
Dhabaleswar,https://en.wikipedia.org/wiki/Dhabaleswar,https://en.wikipedia.org/wiki/Dhabaleswar,en.wikipedia.org
Dharakote,https://en.wikipedia.org/wiki/Dharakote,https://en.wikipedia.org/wiki/Dharakote,en.wikipedia.org
Dishisvara Siva Temple,https://en.wikipedia.org/wiki/Dishisvara_Siva_Temple,https://en.wikipedia.org/wiki/Dishisvara_Siva_Temple,en.wikipedia.org
"Durga Temple, Motia","https://en.wikipedia.org/wiki/Durga_Temple,_Motia","https://en.wikipedia.org/wiki/Durga_Temple,_Motia",en.wikipedia.org
Gupteswar Cave,https://en.wikipedia.org/wiki/Gupteswar_Cave,https://en.wikipedia.org/wiki/Gupteswar_Cave,en.wikipedia.org
Harihara Deula,https://en.wikipedia.org/wiki/Harihara_Deula,https://en.wikipedia.org/wiki/Harihara_Deula,en.wikipedia.org
Boudh,https://en.wikipedia.org/wiki/Boudh,https://en.wikipedia.org/wiki/Boudh,en.wikipedia.org
Harishankar Temple,https://en.wikipedia.org/wiki/Harishankar_Temple,https://en.wikipedia.org/wiki/Harishankar_Temple,en.wikipedia.org
"Jagannath Temple, Baripada","https://en.wikipedia.org/wiki/Jagannath_Temple,_Baripada","https://en.wikipedia.org/wiki/Jagannath_Temple,_Baripada",en.wikipedia.org
Mayurbhanj,https://en.wikipedia.org/wiki/Mayurbhanj,https://en.wikipedia.org/wiki/Mayurbhanj,en.wikipedia.org
"Jagannath Temple, Koraput","https://en.wikipedia.org/wiki/Jagannath_Temple,_Koraput","https://en.wikipedia.org/wiki/Jagannath_Temple,_Koraput",en.wikipedia.org
Koraput,https://en.wikipedia.org/wiki/Koraput,https://en.wikipedia.org/wiki/Koraput,en.wikipedia.org
"Jagannath Temple, Nayagarh","https://en.wikipedia.org/wiki/Jagannath_Temple,_Nayagarh","https://en.wikipedia.org/wiki/Jagannath_Temple,_Nayagarh",en.wikipedia.org
Nayagarh,https://en.wikipedia.org/wiki/Nayagarh,https://en.wikipedia.org/wiki/Nayagarh,en.wikipedia.org
Jagannath Temple,https://en.wikipedia.org/wiki/Jagannath_Temple,https://en.wikipedia.org/wiki/Jagannath_Temple,en.wikipedia.org
Puri,https://en.wikipedia.org/wiki/Puri_(city),https://en.wikipedia.org/wiki/Puri_(city),en.wikipedia.org
Jaleswar Siva Temple Precinct,https://en.wikipedia.org/wiki/Jaleswar_Siva_Temple_Precinct,https://en.wikipedia.org/wiki/Jaleswar_Siva_Temple_Precinct,en.wikipedia.org
Kakatpur Mangala Temple,https://en.wikipedia.org/wiki/Kakatpur_Mangala_Temple,https://en.wikipedia.org/wiki/Kakatpur_Mangala_Temple,en.wikipedia.org
Kalabhairavi Temple,https://en.wikipedia.org/wiki/Kalabhairavi_Temple,https://en.wikipedia.org/wiki/Kalabhairavi_Temple,en.wikipedia.org
Kalikadevi Temple,https://en.wikipedia.org/wiki/Kalikadevi_Temple,https://en.wikipedia.org/wiki/Kalikadevi_Temple,en.wikipedia.org
Kapilash Temple,https://en.wikipedia.org/wiki/Kapilash_Temple,https://en.wikipedia.org/wiki/Kapilash_Temple,en.wikipedia.org
Kapilesvara Siva Temple,https://en.wikipedia.org/wiki/Kapilesvara_Siva_Temple,https://en.wikipedia.org/wiki/Kapilesvara_Siva_Temple,en.wikipedia.org
Kedareswar Temple,https://en.wikipedia.org/wiki/Kedareswar_Temple,https://en.wikipedia.org/wiki/Kedareswar_Temple,en.wikipedia.org
Khiching,https://en.wikipedia.org/wiki/Khiching,https://en.wikipedia.org/wiki/Khiching,en.wikipedia.org
Khirachora Gopinatha Temple,https://en.wikipedia.org/wiki/Khirachora_Gopinatha_Temple,https://en.wikipedia.org/wiki/Khirachora_Gopinatha_Temple,en.wikipedia.org
Remuna,https://en.wikipedia.org/wiki/Remuna,https://en.wikipedia.org/wiki/Remuna,en.wikipedia.org
Balasore,https://en.wikipedia.org/wiki/Balasore,https://en.wikipedia.org/wiki/Balasore,en.wikipedia.org
Kichakeshwari Temple,https://en.wikipedia.org/wiki/Kichakeshwari_Temple,https://en.wikipedia.org/wiki/Kichakeshwari_Temple,en.wikipedia.org
Konark Sun Temple,https://en.wikipedia.org/wiki/Konark_Sun_Temple,https://en.wikipedia.org/wiki/Konark_Sun_Temple,en.wikipedia.org
Konark,https://en.wikipedia.org/wiki/Konark,https://en.wikipedia.org/wiki/Konark,en.wikipedia.org
Lankeswari Temple,https://en.wikipedia.org/wiki/Lankeswari_Temple,https://en.wikipedia.org/wiki/Lankeswari_Temple,en.wikipedia.org
Sonepur,"https://en.wikipedia.org/wiki/Sonepur,_Orissa","https://en.wikipedia.org/wiki/Sonepur,_Orissa",en.wikipedia.org
Lingaraj Temple,https://en.wikipedia.org/wiki/Lingaraj_Temple,https://en.wikipedia.org/wiki/Lingaraj_Temple,en.wikipedia.org
Lokanatha Temple,https://en.wikipedia.org/wiki/Lokanatha_Temple,https://en.wikipedia.org/wiki/Lokanatha_Temple,en.wikipedia.org
Maa Taratarini Temple,https://en.wikipedia.org/wiki/Maa_Taratarini_Temple,https://en.wikipedia.org/wiki/Maa_Taratarini_Temple,en.wikipedia.org
Adi Shakti,https://en.wikipedia.org/wiki/Adi_Shakti,https://en.wikipedia.org/wiki/Adi_Shakti,en.wikipedia.org
Maa Tarini Temple,https://en.wikipedia.org/wiki/Maa_Tarini,https://en.wikipedia.org/wiki/Maa_Tarini,en.wikipedia.org
Ghatgaon,https://en.wikipedia.org/wiki/Ghatgaon,https://en.wikipedia.org/wiki/Ghatgaon,en.wikipedia.org
Kendujhar,https://en.wikipedia.org/wiki/Kendujhar,https://en.wikipedia.org/wiki/Kendujhar,en.wikipedia.org
Maa Ugra Tara,https://en.wikipedia.org/wiki/Maa_Ugra_Tara,https://en.wikipedia.org/wiki/Maa_Ugra_Tara,en.wikipedia.org
Madneswar Siva Temple,https://en.wikipedia.org/wiki/Madneswar_Siva_Temple,https://en.wikipedia.org/wiki/Madneswar_Siva_Temple,en.wikipedia.org
Mahabhoi Sasana Tank,https://en.wikipedia.org/wiki/Mahabhoi_Sasana_Tank,https://en.wikipedia.org/wiki/Mahabhoi_Sasana_Tank,en.wikipedia.org
Mahakala-Mahakali Temple,https://en.wikipedia.org/wiki/Mahakala-Mahakali_Temple,https://en.wikipedia.org/wiki/Mahakala-Mahakali_Temple,en.wikipedia.org
Mahavinayak Temple,https://en.wikipedia.org/wiki/Mahavinayak_Temple,https://en.wikipedia.org/wiki/Mahavinayak_Temple,en.wikipedia.org
"Mahendragiri, Orissa","https://en.wikipedia.org/wiki/Mahendragiri,_Orissa","https://en.wikipedia.org/wiki/Mahendragiri,_Orissa",en.wikipedia.org
Mangalesvara Siva Temple,https://en.wikipedia.org/wiki/Mangalesvara_Siva_Temple,https://en.wikipedia.org/wiki/Mangalesvara_Siva_Temple,en.wikipedia.org
Manibhadresvara Siva Temple – I,https://en.wikipedia.org/wiki/Manibhadresvara_Siva_Temple_–_I,https://en.wikipedia.org/wiki/Manibhadresvara_Siva_Temple_–_I,en.wikipedia.org
Manibhadresvara Temple – II,https://en.wikipedia.org/wiki/Manibhadresvara_Temple_–_II,https://en.wikipedia.org/wiki/Manibhadresvara_Temple_–_II,en.wikipedia.org
Manikeshwari Temple,https://en.wikipedia.org/wiki/Manikeshwari_Temple,https://en.wikipedia.org/wiki/Manikeshwari_Temple,en.wikipedia.org
Manikeshwari Temple,https://en.wikipedia.org/wiki/Manikeshwari_Temple,https://en.wikipedia.org/wiki/Manikeshwari_Temple,en.wikipedia.org
Bhawanipatna,https://en.wikipedia.org/wiki/Bhawanipatna,https://en.wikipedia.org/wiki/Bhawanipatna,en.wikipedia.org
Kalahandi,https://en.wikipedia.org/wiki/Kalahandi,https://en.wikipedia.org/wiki/Kalahandi,en.wikipedia.org
Markandeshwar Temple,https://en.wikipedia.org/wiki/Markandeshwar_Temple,https://en.wikipedia.org/wiki/Markandeshwar_Temple,en.wikipedia.org
Markandeshwar Temple,https://en.wikipedia.org/wiki/Markandeshwar_Temple,https://en.wikipedia.org/wiki/Markandeshwar_Temple,en.wikipedia.org
Mausimaa Temple,https://en.wikipedia.org/wiki/Mausimaa_Temple,https://en.wikipedia.org/wiki/Mausimaa_Temple,en.wikipedia.org
"Mukteshvara Temple, Bhubaneswar","https://en.wikipedia.org/wiki/Mukteshvara_Temple,_Bhubaneswar","https://en.wikipedia.org/wiki/Mukteshvara_Temple,_Bhubaneswar",en.wikipedia.org
"Nagesvara Temple, Bhubaneswar","https://en.wikipedia.org/wiki/Nagesvara_Temple,_Bhubaneswar","https://en.wikipedia.org/wiki/Nagesvara_Temple,_Bhubaneswar",en.wikipedia.org
Narayana Gosain Temple,https://en.wikipedia.org/wiki/Narayana_Gosain_Temple,https://en.wikipedia.org/wiki/Narayana_Gosain_Temple,en.wikipedia.org
Narayani Temple,https://en.wikipedia.org/wiki/Narayani_Temple,https://en.wikipedia.org/wiki/Narayani_Temple,en.wikipedia.org
Nilamadhav Temple,https://en.wikipedia.org/wiki/Nilamadhav_Temple,https://en.wikipedia.org/wiki/Nilamadhav_Temple,en.wikipedia.org
Nilkantheswar Shiva temple,https://en.wikipedia.org/wiki/Nilkantheswar_Shiva_temple,https://en.wikipedia.org/wiki/Nilkantheswar_Shiva_temple,en.wikipedia.org
Nrusinghanath Temple,https://en.wikipedia.org/wiki/Nrusinghanath_Temple,https://en.wikipedia.org/wiki/Nrusinghanath_Temple,en.wikipedia.org
Pabaneswara temple,https://en.wikipedia.org/wiki/Pabaneswara_temple,https://en.wikipedia.org/wiki/Pabaneswara_temple,en.wikipedia.org
Panchalingeshwar,https://en.wikipedia.org/wiki/Panchalingeshwar,https://en.wikipedia.org/wiki/Panchalingeshwar,en.wikipedia.org
Papanasini Siva Temple,https://en.wikipedia.org/wiki/Papanasini_Siva_Temple,https://en.wikipedia.org/wiki/Papanasini_Siva_Temple,en.wikipedia.org
Parsurameswar Temple,https://en.wikipedia.org/wiki/Parsurameswar_Temple,https://en.wikipedia.org/wiki/Parsurameswar_Temple,en.wikipedia.org
Parvati Temple,"https://en.wikipedia.org/wiki/Parvati_Temple,_Odisha","https://en.wikipedia.org/wiki/Parvati_Temple,_Odisha",en.wikipedia.org
Paschimesvara Siva Temple,https://en.wikipedia.org/wiki/Paschimesvara_Siva_Temple,https://en.wikipedia.org/wiki/Paschimesvara_Siva_Temple,en.wikipedia.org
Patalesvara Siva Temple – I,https://en.wikipedia.org/wiki/Patalesvara_Siva_Temple_–_I,https://en.wikipedia.org/wiki/Patalesvara_Siva_Temple_–_I,en.wikipedia.org
Patalesvara Siva Temple – II,https://en.wikipedia.org/wiki/Patalesvara_Siva_Temple_–_II,https://en.wikipedia.org/wiki/Patalesvara_Siva_Temple_–_II,en.wikipedia.org
Patalesvara Siva Temple – III,https://en.wikipedia.org/wiki/Patalesvara_Siva_Temple_–_III,https://en.wikipedia.org/wiki/Patalesvara_Siva_Temple_–_III,en.wikipedia.org
Patali Srikhetra,https://en.wikipedia.org/wiki/Patali_Srikhetra,https://en.wikipedia.org/wiki/Patali_Srikhetra,en.wikipedia.org
Subarnapur,"https://en.wikipedia.org/wiki/Sonepur,_Orissa","https://en.wikipedia.org/wiki/Sonepur,_Orissa",en.wikipedia.org
Raghunath Temple,https://en.wikipedia.org/wiki/Raghunath_Temple,https://en.wikipedia.org/wiki/Raghunath_Temple,en.wikipedia.org
Rajarani Temple,https://en.wikipedia.org/wiki/Rajarani_Temple,https://en.wikipedia.org/wiki/Rajarani_Temple,en.wikipedia.org
"Ram Mandir, Janpath","https://en.wikipedia.org/wiki/Ram_Mandir,_Janpath","https://en.wikipedia.org/wiki/Ram_Mandir,_Janpath",en.wikipedia.org
Ramachandi Temple,https://en.wikipedia.org/wiki/Ramachandi_Temple,https://en.wikipedia.org/wiki/Ramachandi_Temple,en.wikipedia.org
Rameshwar Deula,https://en.wikipedia.org/wiki/Rameshwar_Deula,https://en.wikipedia.org/wiki/Rameshwar_Deula,en.wikipedia.org
Sakshigopal Temple,https://en.wikipedia.org/wiki/Sakshigopal_Temple,https://en.wikipedia.org/wiki/Sakshigopal_Temple,en.wikipedia.org
Samaleswari Temple,https://en.wikipedia.org/wiki/Samaleswari_Temple,https://en.wikipedia.org/wiki/Samaleswari_Temple,en.wikipedia.org
Sanisvara Siva Temple,https://en.wikipedia.org/wiki/Sanisvara_Siva_Temple,https://en.wikipedia.org/wiki/Sanisvara_Siva_Temple,en.wikipedia.org
Saptamatruka Temple,https://en.wikipedia.org/wiki/Saptamatruka_Temple,https://en.wikipedia.org/wiki/Saptamatruka_Temple,en.wikipedia.org
Sarala Temple,https://en.wikipedia.org/wiki/Sarala_Temple,https://en.wikipedia.org/wiki/Sarala_Temple,en.wikipedia.org
Simhanath Temple,https://en.wikipedia.org/wiki/Simhanath_Temple,https://en.wikipedia.org/wiki/Simhanath_Temple,en.wikipedia.org
"Sivatirtha Matha, Old Town","https://en.wikipedia.org/wiki/Sivatirtha_Matha,_Old_Town","https://en.wikipedia.org/wiki/Sivatirtha_Matha,_Old_Town",en.wikipedia.org
Subarnameru Temple,https://en.wikipedia.org/wiki/Subarnameru_Temple,https://en.wikipedia.org/wiki/Subarnameru_Temple,en.wikipedia.org
Subarnesvara Siva Temple,https://en.wikipedia.org/wiki/Subarnesvara_Siva_Temple,https://en.wikipedia.org/wiki/Subarnesvara_Siva_Temple,en.wikipedia.org
Suka Temple,https://en.wikipedia.org/wiki/Suka_Temple,https://en.wikipedia.org/wiki/Suka_Temple,en.wikipedia.org
Sukutesvara Temple,https://en.wikipedia.org/wiki/Sukutesvara_Temple,https://en.wikipedia.org/wiki/Sukutesvara_Temple,en.wikipedia.org
Sundaresvara Siva Temple,https://en.wikipedia.org/wiki/Sundaresvara_Siva_Temple,https://en.wikipedia.org/wiki/Sundaresvara_Siva_Temple,en.wikipedia.org
Sureswari temple,https://en.wikipedia.org/wiki/Sureswari_temple,https://en.wikipedia.org/wiki/Sureswari_temple,en.wikipedia.org
Svapnesvara Siva Temple,https://en.wikipedia.org/wiki/Svapnesvara_Siva_Temple,https://en.wikipedia.org/wiki/Svapnesvara_Siva_Temple,en.wikipedia.org
Swarnadhisvara Siva Temple,https://en.wikipedia.org/wiki/Swarnadhisvara_Siva_Temple,https://en.wikipedia.org/wiki/Swarnadhisvara_Siva_Temple,en.wikipedia.org
Talesavara Siva Temple – II,https://en.wikipedia.org/wiki/Talesavara_Siva_Temple_–_II,https://en.wikipedia.org/wiki/Talesavara_Siva_Temple_–_II,en.wikipedia.org
Talesvara Siva Temple,https://en.wikipedia.org/wiki/Talesvara_Siva_Temple,https://en.wikipedia.org/wiki/Talesvara_Siva_Temple,en.wikipedia.org
The Leaning Temple of Huma,https://en.wikipedia.org/wiki/The_Leaning_Temple_of_Huma,https://en.wikipedia.org/wiki/The_Leaning_Temple_of_Huma,en.wikipedia.org
Tirthesvara Siva temple,https://en.wikipedia.org/wiki/Tirthesvara_Siva_temple,https://en.wikipedia.org/wiki/Tirthesvara_Siva_temple,en.wikipedia.org
Upper Bagh Devi Temple,https://en.wikipedia.org/wiki/Upper_Bagh_Devi_Temple,https://en.wikipedia.org/wiki/Upper_Bagh_Devi_Temple,en.wikipedia.org
Uttaresvara Siva Temple,https://en.wikipedia.org/wiki/Uttaresvara_Siva_Temple,https://en.wikipedia.org/wiki/Uttaresvara_Siva_Temple,en.wikipedia.org
"Varahi Deula, Chaurasi","https://en.wikipedia.org/wiki/Varahi_Deula,_Chaurasi","https://en.wikipedia.org/wiki/Varahi_Deula,_Chaurasi",en.wikipedia.org
"Vishnu Temple, Bhubaneswar","https://en.wikipedia.org/wiki/Vishnu_Temple,_Bhubaneswar","https://en.wikipedia.org/wiki/Vishnu_Temple,_Bhubaneswar",en.wikipedia.org
"Visvanatha Shiva Temple, Bhubaneswar","https://en.wikipedia.org/wiki/Visvanatha_Shiva_Temple,_Bhubaneswar","https://en.wikipedia.org/wiki/Visvanatha_Shiva_Temple,_Bhubaneswar",en.wikipedia.org
Yajna Nrisimha Temple,https://en.wikipedia.org/wiki/Yajna_Nrisimha_Temple,https://en.wikipedia.org/wiki/Yajna_Nrisimha_Temple,en.wikipedia.org
Yameshwar Temple,https://en.wikipedia.org/wiki/Yameshwar_Temple,https://en.wikipedia.org/wiki/Yameshwar_Temple,en.wikipedia.org
Yamesvara Tank (Nala Kunda),https://en.wikipedia.org/wiki/Yamesvara_Tank_(Nala_Kunda),https://en.wikipedia.org/wiki/Yamesvara_Tank_(Nala_Kunda),en.wikipedia.org
edit,/w/index.php?title=List_of_Hindu_temples_in_India&action=edit&section=23,https://en.wikipedia.org/w/index.php?title=List_of_Hindu_temples_in_India&action=edit&section=23,en.wikipedia.org
,https://en.wikipedia.org/wiki/File:Many_of_the_locals_we_had_spoken_to_were_delighted_that_the_Govt_has_sanctioned_funds_for_renovation_of_this_temple_(38049489065).jpg,https://en.wikipedia.org/wiki/File:Many_of_the_locals_we_had_spoken_to_were_delighted_that_the_Govt_has_sanctioned_funds_for_renovation_of_this_temple_(38049489065).jpg,en.wikipedia.org
Shri Durgiana Mandir,https://en.wikipedia.org/wiki/Durgiana_Temple,https://en.wikipedia.org/wiki/Durgiana_Temple,en.wikipedia.org
Devi Talab Mandir,https://en.wikipedia.org/wiki/Devi_Talab_Mandir,https://en.wikipedia.org/wiki/Devi_Talab_Mandir,en.wikipedia.org
Jalandhar,https://en.wikipedia.org/wiki/Jalandhar,https://en.wikipedia.org/wiki/Jalandhar,en.wikipedia.org
Durgiana Temple,https://en.wikipedia.org/wiki/Durgiana_Temple,https://en.wikipedia.org/wiki/Durgiana_Temple,en.wikipedia.org
Amritsar,https://en.wikipedia.org/wiki/Amritsar,https://en.wikipedia.org/wiki/Amritsar,en.wikipedia.org
Jayanti Devi Temple,https://en.wikipedia.org/wiki/Jayanti_Devi_Temple,https://en.wikipedia.org/wiki/Jayanti_Devi_Temple,en.wikipedia.org
Mohali,https://en.wikipedia.org/wiki/Mohali,https://en.wikipedia.org/wiki/Mohali,en.wikipedia.org
Julfa Mata Temple,https://en.wikipedia.org/wiki/Julfa_Mata_Temple,https://en.wikipedia.org/wiki/Julfa_Mata_Temple,en.wikipedia.org
Nangal,https://en.wikipedia.org/wiki/Nangal,https://en.wikipedia.org/wiki/Nangal,en.wikipedia.org
Maiser Khana,https://en.wikipedia.org/wiki/Maiser_Khana,https://en.wikipedia.org/wiki/Maiser_Khana,en.wikipedia.org
Bathinda,https://en.wikipedia.org/wiki/Bathinda,https://en.wikipedia.org/wiki/Bathinda,en.wikipedia.org
Mukteshwar Mahadev Temple,https://en.wikipedia.org/wiki/Mukteshwar_Mahadev_Temple,https://en.wikipedia.org/wiki/Mukteshwar_Mahadev_Temple,en.wikipedia.org
Pathankot,https://en.wikipedia.org/wiki/Pathankot,https://en.wikipedia.org/wiki/Pathankot,en.wikipedia.org
Shanaleshwara Swayambhu Temple,https://en.wikipedia.org/wiki/Shanaleshwara_Swayambhu_Temple,https://en.wikipedia.org/wiki/Shanaleshwara_Swayambhu_Temple,en.wikipedia.org
Rajpura,https://en.wikipedia.org/wiki/Rajpura,https://en.wikipedia.org/wiki/Rajpura,en.wikipedia.org
"Shri Kali Devi Temple, Patiala","https://en.wikipedia.org/wiki/Shri_Kali_Devi_Temple,_Patiala","https://en.wikipedia.org/wiki/Shri_Kali_Devi_Temple,_Patiala",en.wikipedia.org
Suraj Kund Temple,https://en.wikipedia.org/wiki/Suraj_Kund_Sunam,https://en.wikipedia.org/wiki/Suraj_Kund_Sunam,en.wikipedia.org
Sunam,https://en.wikipedia.org/wiki/Sunam,https://en.wikipedia.org/wiki/Sunam,en.wikipedia.org
Thakurdwara Bhagwan Narainji,https://en.wikipedia.org/wiki/Thakurdwara_Bhagwan_Narainji,https://en.wikipedia.org/wiki/Thakurdwara_Bhagwan_Narainji,en.wikipedia.org
Gurdaspur,https://en.wikipedia.org/wiki/Gurdaspur_district,https://en.wikipedia.org/wiki/Gurdaspur_district,en.wikipedia.org
[2],#cite_note-2,https://en.wikipedia.org/wiki/List_of_Hindu_temples_in_India#cite_note-2,en.wikipedia.org
edit,/w/index.php?title=List_of_Hindu_temples_in_India&action=edit&section=24,https://en.wikipedia.org/w/index.php?title=List_of_Hindu_temples_in_India&action=edit&section=24,en.wikipedia.org
,https://en.wikipedia.org/wiki/File:Birla_Temple_in_Jaipur.jpg,https://en.wikipedia.org/wiki/File:Birla_Temple_in_Jaipur.jpg,en.wikipedia.org
"Birla Mandir, Jaipur","https://en.wikipedia.org/wiki/Birla_Mandir,_Jaipur","https://en.wikipedia.org/wiki/Birla_Mandir,_Jaipur",en.wikipedia.org
,https://en.wikipedia.org/wiki/File:Govind_dev_ji.jpg,https://en.wikipedia.org/wiki/File:Govind_dev_ji.jpg,en.wikipedia.org
Radha Govind Dev ji Temple,https://en.wikipedia.org/wiki/Govind_Dev_Ji_Temple,https://en.wikipedia.org/wiki/Govind_Dev_Ji_Temple,en.wikipedia.org
,https://en.wikipedia.org/wiki/File:Madanmohan-ji.jpg,https://en.wikipedia.org/wiki/File:Madanmohan-ji.jpg,en.wikipedia.org
"Radha Madan Mohan Temple, Karauli","https://en.wikipedia.org/wiki/Madan_Mohan_Temple,_Karauli","https://en.wikipedia.org/wiki/Madan_Mohan_Temple,_Karauli",en.wikipedia.org
Aapeshwar Mahadev Temple,https://en.wikipedia.org/wiki/Aapeshwar_Mahadev_temple,https://en.wikipedia.org/wiki/Aapeshwar_Mahadev_temple,en.wikipedia.org
Ambika Mata Temple,https://en.wikipedia.org/wiki/Ambika_Mata_Temple,https://en.wikipedia.org/wiki/Ambika_Mata_Temple,en.wikipedia.org
Baba Mohan Rama,https://en.wikipedia.org/wiki/Baba_Mohan_Rama,https://en.wikipedia.org/wiki/Baba_Mohan_Rama,en.wikipedia.org
"Birla Mandir, Jaipur","https://en.wikipedia.org/wiki/Birla_Mandir,_Jaipur","https://en.wikipedia.org/wiki/Birla_Mandir,_Jaipur",en.wikipedia.org
Bohra Ganesh temple,https://en.wikipedia.org/wiki/Udaipur#Bohara_Ganesh_JI,https://en.wikipedia.org/wiki/Udaipur#Bohara_Ganesh_JI,en.wikipedia.org
"Brahma Temple, Pushkar","https://en.wikipedia.org/wiki/Brahma_Temple,_Pushkar","https://en.wikipedia.org/wiki/Brahma_Temple,_Pushkar",en.wikipedia.org
Shri Charbhuja temple,https://en.wikipedia.org/wiki/Charbhuja,https://en.wikipedia.org/wiki/Charbhuja,en.wikipedia.org
Rajsamand District,https://en.wikipedia.org/wiki/Rajsamand_District,https://en.wikipedia.org/wiki/Rajsamand_District,en.wikipedia.org
Charbhuja Nath Temple,https://en.wikipedia.org/wiki/Charbhuja_Nath_Temple,https://en.wikipedia.org/wiki/Charbhuja_Nath_Temple,en.wikipedia.org
Eklingji Mahadev Temple,https://en.wikipedia.org/wiki/Eklingji,https://en.wikipedia.org/wiki/Eklingji,en.wikipedia.org
Govind Dev Ji Temple,https://en.wikipedia.org/wiki/Govind_Dev_Ji_Temple,https://en.wikipedia.org/wiki/Govind_Dev_Ji_Temple,en.wikipedia.org
Jaipur,https://en.wikipedia.org/wiki/Jaipur,https://en.wikipedia.org/wiki/Jaipur,en.wikipedia.org
Jagdish temple,https://en.wikipedia.org/wiki/Udaipur#Jagdish_Temple,https://en.wikipedia.org/wiki/Udaipur#Jagdish_Temple,en.wikipedia.org
Jeen Mata Temple,https://en.wikipedia.org/wiki/Jeen_Mata,https://en.wikipedia.org/wiki/Jeen_Mata,en.wikipedia.org
Kaila Devi Temple,https://en.wikipedia.org/wiki/Kaila_Devi_Temple,https://en.wikipedia.org/wiki/Kaila_Devi_Temple,en.wikipedia.org
Kaila devi,https://en.wikipedia.org/wiki/Kaila_devi,https://en.wikipedia.org/wiki/Kaila_devi,en.wikipedia.org
Karauli,https://en.wikipedia.org/wiki/Karauli,https://en.wikipedia.org/wiki/Karauli,en.wikipedia.org
"Kalika Mata Temple, Chittorgarh Fort","https://en.wikipedia.org/wiki/Kalika_Mata_Temple,_Chittorgarh_Fort","https://en.wikipedia.org/wiki/Kalika_Mata_Temple,_Chittorgarh_Fort",en.wikipedia.org
Karni Mata Temple,https://en.wikipedia.org/wiki/Karni_Mata_Temple,https://en.wikipedia.org/wiki/Karni_Mata_Temple,en.wikipedia.org
Deshnoke,https://en.wikipedia.org/wiki/Deshnoke,https://en.wikipedia.org/wiki/Deshnoke,en.wikipedia.org
Khatu Shyam Temple,https://en.wikipedia.org/wiki/Khatu_Shyam_Temple,https://en.wikipedia.org/wiki/Khatu_Shyam_Temple,en.wikipedia.org
khatu,https://en.wikipedia.org/wiki/Khatu,https://en.wikipedia.org/wiki/Khatu,en.wikipedia.org
Khatushyamji,"https://en.wikipedia.org/wiki/Khatushyamji,_Rajasthan","https://en.wikipedia.org/wiki/Khatushyamji,_Rajasthan",en.wikipedia.org
Madan Mohan Temple,"https://en.wikipedia.org/wiki/Madan_Mohan_Temple,_Karauli","https://en.wikipedia.org/wiki/Madan_Mohan_Temple,_Karauli",en.wikipedia.org
Karauli,https://en.wikipedia.org/wiki/Karauli,https://en.wikipedia.org/wiki/Karauli,en.wikipedia.org
Mehandipur Balaji Temple,https://en.wikipedia.org/wiki/Mehandipur_Balaji_Temple,https://en.wikipedia.org/wiki/Mehandipur_Balaji_Temple,en.wikipedia.org
Todabhim,https://en.wikipedia.org/wiki/Todabhim,https://en.wikipedia.org/wiki/Todabhim,en.wikipedia.org
Moti Dungari Temple,https://en.wikipedia.org/wiki/Moti_Dungri,https://en.wikipedia.org/wiki/Moti_Dungri,en.wikipedia.org
Jaipur,https://en.wikipedia.org/wiki/Jaipur,https://en.wikipedia.org/wiki/Jaipur,en.wikipedia.org
Neemach Mata Temple,https://en.wikipedia.org/wiki/Neemach_Mata_Temple,https://en.wikipedia.org/wiki/Neemach_Mata_Temple,en.wikipedia.org
"Osian, Jodhpur","https://en.wikipedia.org/wiki/Osian,_Jodhpur","https://en.wikipedia.org/wiki/Osian,_Jodhpur",en.wikipedia.org
Rani Sati Temple Jhunjhunu,https://en.wikipedia.org/wiki/Rani_Sati_Temple_Jhunjhunu,https://en.wikipedia.org/wiki/Rani_Sati_Temple_Jhunjhunu,en.wikipedia.org
Salasar Balaji Temple,https://en.wikipedia.org/wiki/Salasar_Balaji_Temple,https://en.wikipedia.org/wiki/Salasar_Balaji_Temple,en.wikipedia.org
Sanwaliaji temple,https://en.wikipedia.org/wiki/Sanwaliaji_temple,https://en.wikipedia.org/wiki/Sanwaliaji_temple,en.wikipedia.org
Sitaleshwar Temple,https://en.wikipedia.org/wiki/Sitaleshwar_Temple,https://en.wikipedia.org/wiki/Sitaleshwar_Temple,en.wikipedia.org
Sundha Mata Temple,https://en.wikipedia.org/wiki/Sundha_Mata_Temple,https://en.wikipedia.org/wiki/Sundha_Mata_Temple,en.wikipedia.org
Tanot Mata Temple,https://en.wikipedia.org/wiki/Tanot_Mata,https://en.wikipedia.org/wiki/Tanot_Mata,en.wikipedia.org
edit,/w/index.php?title=List_of_Hindu_temples_in_India&action=edit&section=25,https://en.wikipedia.org/w/index.php?title=List_of_Hindu_temples_in_India&action=edit&section=25,en.wikipedia.org
Hanuman Tok,https://en.wikipedia.org/wiki/Hanuman_Tok,https://en.wikipedia.org/wiki/Hanuman_Tok,en.wikipedia.org
Kirateshwar Mahadev Temple,https://en.wikipedia.org/wiki/Kirateshwar_Mahadev_Temple,https://en.wikipedia.org/wiki/Kirateshwar_Mahadev_Temple,en.wikipedia.org
Legship,https://en.wikipedia.org/wiki/Legship,https://en.wikipedia.org/wiki/Legship,en.wikipedia.org
"Thakurbari Temple, Gangtok","https://en.wikipedia.org/wiki/Thakurbari_Temple,_Gangtok","https://en.wikipedia.org/wiki/Thakurbari_Temple,_Gangtok",en.wikipedia.org
edit,/w/index.php?title=List_of_Hindu_temples_in_India&action=edit&section=26,https://en.wikipedia.org/w/index.php?title=List_of_Hindu_temples_in_India&action=edit&section=26,en.wikipedia.org
List of temples in Tamil Nadu,https://en.wikipedia.org/wiki/List_of_temples_in_Tamil_Nadu,https://en.wikipedia.org/wiki/List_of_temples_in_Tamil_Nadu,en.wikipedia.org
citation needed,https://en.wikipedia.org/wiki/Wikipedia:Citation_needed,https://en.wikipedia.org/wiki/Wikipedia:Citation_needed,en.wikipedia.org
,https://en.wikipedia.org/wiki/File:Mamallapuram_(167).jpg,https://en.wikipedia.org/wiki/File:Mamallapuram_(167).jpg,en.wikipedia.org
Shore Temple,https://en.wikipedia.org/wiki/Shore_Temple,https://en.wikipedia.org/wiki/Shore_Temple,en.wikipedia.org
,https://en.wikipedia.org/wiki/File:Varagunamangai2.jpg,https://en.wikipedia.org/wiki/File:Varagunamangai2.jpg,en.wikipedia.org
Thiruvaragunamangai Perumal Temple,https://en.wikipedia.org/wiki/Thiruvaragunamangai_Perumal_Temple,https://en.wikipedia.org/wiki/Thiruvaragunamangai_Perumal_Temple,en.wikipedia.org
,https://en.wikipedia.org/wiki/File:Kamakshi_Amman_Temple_Night.jpg,https://en.wikipedia.org/wiki/File:Kamakshi_Amman_Temple_Night.jpg,en.wikipedia.org
Kamakshi Amman Temple,https://en.wikipedia.org/wiki/Kamakshi_Amman_Temple,https://en.wikipedia.org/wiki/Kamakshi_Amman_Temple,en.wikipedia.org
,https://en.wikipedia.org/wiki/File:Thirunagai8.JPG,https://en.wikipedia.org/wiki/File:Thirunagai8.JPG,en.wikipedia.org
"Soundararajaperumal temple, Nagapattinam","https://en.wikipedia.org/wiki/Soundararajaperumal_temple,_Nagapattinam","https://en.wikipedia.org/wiki/Soundararajaperumal_temple,_Nagapattinam",en.wikipedia.org
,https://en.wikipedia.org/wiki/File:Gangaikonda_Gopuram_5-10a.jpg,https://en.wikipedia.org/wiki/File:Gangaikonda_Gopuram_5-10a.jpg,en.wikipedia.org
Gangaikonda Cholapuram,https://en.wikipedia.org/wiki/Gangaikonda_Cholapuram,https://en.wikipedia.org/wiki/Gangaikonda_Cholapuram,en.wikipedia.org
,https://en.wikipedia.org/wiki/File:PERUR_PATTEESHWARAR_TEMPLE.jpg,https://en.wikipedia.org/wiki/File:PERUR_PATTEESHWARAR_TEMPLE.jpg,en.wikipedia.org
Perur Pateeswarar Temple,https://en.wikipedia.org/wiki/Perur_Pateeswarar_Temple,https://en.wikipedia.org/wiki/Perur_Pateeswarar_Temple,en.wikipedia.org
Adhirangam Ranganathaswamy temple,https://en.wikipedia.org/wiki/Adhirangam_Ranganathaswamy_temple,https://en.wikipedia.org/wiki/Adhirangam_Ranganathaswamy_temple,en.wikipedia.org
Adi Jagannatha Perumal Temple,https://en.wikipedia.org/wiki/Adi_Jagannatha_Perumal_Temple,https://en.wikipedia.org/wiki/Adi_Jagannatha_Perumal_Temple,en.wikipedia.org
Adi Srinivasa perumal temple,https://en.wikipedia.org/wiki/Adi_Srinivasa_perumal_temple,https://en.wikipedia.org/wiki/Adi_Srinivasa_perumal_temple,en.wikipedia.org
"Adikesava Perumal Temple, Kanyakumari","https://en.wikipedia.org/wiki/Adikesava_Perumal_Temple,_Kanyakumari","https://en.wikipedia.org/wiki/Adikesava_Perumal_Temple,_Kanyakumari",en.wikipedia.org
"Adikesava Perumal temple, Mylapore","https://en.wikipedia.org/wiki/Adikesava_Perumal_temple,_Mylapore","https://en.wikipedia.org/wiki/Adikesava_Perumal_temple,_Mylapore",en.wikipedia.org
"Adikesava Perumal temple, Sriperumpudur","https://en.wikipedia.org/wiki/Adikesava_Perumal_temple,_Sriperumpudur","https://en.wikipedia.org/wiki/Adikesava_Perumal_temple,_Sriperumpudur",en.wikipedia.org
Airavatesvara Temple,https://en.wikipedia.org/wiki/Airavatesvara_Temple,https://en.wikipedia.org/wiki/Airavatesvara_Temple,en.wikipedia.org
Amritaghateswarar-Abirami Temple,https://en.wikipedia.org/wiki/Amritaghateswarar-Abirami_Temple,https://en.wikipedia.org/wiki/Amritaghateswarar-Abirami_Temple,en.wikipedia.org
Mayiladuthurai,https://en.wikipedia.org/wiki/Mayiladuthurai,https://en.wikipedia.org/wiki/Mayiladuthurai,en.wikipedia.org
"Anjaneya Temple, Nanganallur","https://en.wikipedia.org/wiki/Anjaneya_Temple,_Nanganallur","https://en.wikipedia.org/wiki/Anjaneya_Temple,_Nanganallur",en.wikipedia.org
Annamalaiyar Temple,https://en.wikipedia.org/wiki/Annamalaiyar_Temple,https://en.wikipedia.org/wiki/Annamalaiyar_Temple,en.wikipedia.org
"Ardhanareeswarar temple, Tiruchengode, Namakkal","https://en.wikipedia.org/wiki/Ardhanareeswarar_temple,_Tiruchengode","https://en.wikipedia.org/wiki/Ardhanareeswarar_temple,_Tiruchengode",en.wikipedia.org
"Arulmigu Manneaswarar Temple, Annur","https://en.wikipedia.org/wiki/Arulmigu_Manneaswarar_Temple,_Annur","https://en.wikipedia.org/wiki/Arulmigu_Manneaswarar_Temple,_Annur",en.wikipedia.org
Arulmigu Munthi Vinayagar Temple,https://en.wikipedia.org/wiki/Arulmigu_Munthi_Vinayagar_Temple,https://en.wikipedia.org/wiki/Arulmigu_Munthi_Vinayagar_Temple,en.wikipedia.org
Arulmigu Prasanna Venkatesa Perumal Temple,https://en.wikipedia.org/wiki/Arulmigu_Prasanna_Venkatesa_Perumal_Temple,https://en.wikipedia.org/wiki/Arulmigu_Prasanna_Venkatesa_Perumal_Temple,en.wikipedia.org
Bannari Amman Temple,https://en.wikipedia.org/wiki/Bannari_Amman_Temple,https://en.wikipedia.org/wiki/Bannari_Amman_Temple,en.wikipedia.org
Bhaktha Anjaneyar,https://en.wikipedia.org/wiki/Bhaktha_Anjaneyar,https://en.wikipedia.org/wiki/Bhaktha_Anjaneyar,en.wikipedia.org
Bhu Varaha Swamy temple,https://en.wikipedia.org/wiki/Bhu_Varaha_Swamy_temple,https://en.wikipedia.org/wiki/Bhu_Varaha_Swamy_temple,en.wikipedia.org
Brahmapureeswarar Temple,https://en.wikipedia.org/wiki/Brahmapureeswarar_Temple,https://en.wikipedia.org/wiki/Brahmapureeswarar_Temple,en.wikipedia.org
Brihadeeswarar Temple,https://en.wikipedia.org/wiki/Brihadeeswarar_Temple,https://en.wikipedia.org/wiki/Brihadeeswarar_Temple,en.wikipedia.org
Thanjavur,https://en.wikipedia.org/wiki/Thanjavur,https://en.wikipedia.org/wiki/Thanjavur,en.wikipedia.org
Ekambaranathar Temple,https://en.wikipedia.org/wiki/Ekambareswarar_Temple_(Kanchipuram),https://en.wikipedia.org/wiki/Ekambareswarar_Temple_(Kanchipuram),en.wikipedia.org
Eri-Katha Ramar Temple,https://en.wikipedia.org/wiki/Eri-Katha_Ramar_Temple,https://en.wikipedia.org/wiki/Eri-Katha_Ramar_Temple,en.wikipedia.org
Gangaikonda Cholapuram Temple,https://en.wikipedia.org/wiki/Gangaikonda_Cholapuram,https://en.wikipedia.org/wiki/Gangaikonda_Cholapuram,en.wikipedia.org
Gingee Venkataramana Temple,https://en.wikipedia.org/wiki/Gingee_Venkataramana_Temple,https://en.wikipedia.org/wiki/Gingee_Venkataramana_Temple,en.wikipedia.org
Gomathi Amman,https://en.wikipedia.org/wiki/Gomathi_Amman,https://en.wikipedia.org/wiki/Gomathi_Amman,en.wikipedia.org
"Iskcon Temple, Chennai","https://en.wikipedia.org/wiki/ISKCON_Temple,_Chennai","https://en.wikipedia.org/wiki/ISKCON_Temple,_Chennai",en.wikipedia.org
Jagannatha Perumal temple,https://en.wikipedia.org/wiki/Jagannatha_Perumal_temple,https://en.wikipedia.org/wiki/Jagannatha_Perumal_temple,en.wikipedia.org
"Jakath Rakshaka Perumal temple, Thirukkoodaloor","https://en.wikipedia.org/wiki/Jakath_Rakshaka_Perumal_temple,_Thirukkoodaloor","https://en.wikipedia.org/wiki/Jakath_Rakshaka_Perumal_temple,_Thirukkoodaloor",en.wikipedia.org
"Jalakandeswarar Temple, Vellore","https://en.wikipedia.org/wiki/Jalakandeswarar_Temple,_Vellore","https://en.wikipedia.org/wiki/Jalakandeswarar_Temple,_Vellore",en.wikipedia.org
"Jambukeswarar Temple, Thiruvanaikaval","https://en.wikipedia.org/wiki/Jambukeswarar_Temple,_Thiruvanaikaval","https://en.wikipedia.org/wiki/Jambukeswarar_Temple,_Thiruvanaikaval",en.wikipedia.org
Kaliyuga Varadaraja Perumal Temple,https://en.wikipedia.org/wiki/Kaliyuga_Varadaraja_Perumal_Temple,https://en.wikipedia.org/wiki/Kaliyuga_Varadaraja_Perumal_Temple,en.wikipedia.org
Kapaleeshwarar Temple,https://en.wikipedia.org/wiki/Kapaleeshwarar_Temple,https://en.wikipedia.org/wiki/Kapaleeshwarar_Temple,en.wikipedia.org
Karpaka Vinayakar Temple,https://en.wikipedia.org/wiki/Karpaka_Vinayakar_Temple,https://en.wikipedia.org/wiki/Karpaka_Vinayakar_Temple,en.wikipedia.org
Kazheesirama Vinnagaram,https://en.wikipedia.org/wiki/Kazheesirama_Vinnagaram,https://en.wikipedia.org/wiki/Kazheesirama_Vinnagaram,en.wikipedia.org
"Koniamman Temple, Coimbatore","https://en.wikipedia.org/wiki/Koniamman_Temple,_Coimbatore","https://en.wikipedia.org/wiki/Koniamman_Temple,_Coimbatore",en.wikipedia.org
Koodal Azhagar temple,https://en.wikipedia.org/wiki/Koodal_Azhagar_temple,https://en.wikipedia.org/wiki/Koodal_Azhagar_temple,en.wikipedia.org
Manakula Vinayagar Temple,https://en.wikipedia.org/wiki/Manakula_Vinayagar_Temple,https://en.wikipedia.org/wiki/Manakula_Vinayagar_Temple,en.wikipedia.org
"Marudhamalai Subramanya Swami Temple, Coimbatore",https://en.wikipedia.org/wiki/Marudhamalai_(temple),https://en.wikipedia.org/wiki/Marudhamalai_(temple),en.wikipedia.org
Mayuranathaswami Temple,"https://en.wikipedia.org/wiki/Mayuranathaswami_Temple,_Mayiladuthurai","https://en.wikipedia.org/wiki/Mayuranathaswami_Temple,_Mayiladuthurai",en.wikipedia.org
Mayiladuthurai,https://en.wikipedia.org/wiki/Mayiladuthurai,https://en.wikipedia.org/wiki/Mayiladuthurai,en.wikipedia.org
Meenakshi Amman Temple,https://en.wikipedia.org/wiki/Meenakshi_Amman_Temple,https://en.wikipedia.org/wiki/Meenakshi_Amman_Temple,en.wikipedia.org
Mondaicaud Bhagavathi Temple,https://en.wikipedia.org/wiki/Mondaicaud_Bhagavathi_Temple,https://en.wikipedia.org/wiki/Mondaicaud_Bhagavathi_Temple,en.wikipedia.org
Mudikondan Kothandaramar Temple,https://en.wikipedia.org/wiki/Mudikondan_Kothandaramar_Temple,https://en.wikipedia.org/wiki/Mudikondan_Kothandaramar_Temple,en.wikipedia.org
"Nagaraja Temple, Nagercoil","https://en.wikipedia.org/wiki/Nagaraja_Temple,_Nagercoil","https://en.wikipedia.org/wiki/Nagaraja_Temple,_Nagercoil",en.wikipedia.org
"Nageswaraswamy Temple, Kumbakonam","https://en.wikipedia.org/wiki/Nageswaraswamy_Temple,_Kumbakonam","https://en.wikipedia.org/wiki/Nageswaraswamy_Temple,_Kumbakonam",en.wikipedia.org
Namakkal Anjaneyar Temple,https://en.wikipedia.org/wiki/Namakkal_Anjaneyar_Temple,https://en.wikipedia.org/wiki/Namakkal_Anjaneyar_Temple,en.wikipedia.org
"Narasimhaswamy Temple, Namakkal","https://en.wikipedia.org/wiki/Narasimhaswamy_Temple,_Namakkal","https://en.wikipedia.org/wiki/Narasimhaswamy_Temple,_Namakkal",en.wikipedia.org
Natadreeswarar Temple,https://en.wikipedia.org/wiki/Natadreeswarar_Temple,https://en.wikipedia.org/wiki/Natadreeswarar_Temple,en.wikipedia.org
Nellaiappar Temple,https://en.wikipedia.org/wiki/Nellaiappar_Temple,https://en.wikipedia.org/wiki/Nellaiappar_Temple,en.wikipedia.org
Tirunelveli,https://en.wikipedia.org/wiki/Tirunelveli,https://en.wikipedia.org/wiki/Tirunelveli,en.wikipedia.org
Oppliyappan Temple,https://en.wikipedia.org/wiki/Oppliyappan_Temple,https://en.wikipedia.org/wiki/Oppliyappan_Temple,en.wikipedia.org
Pachaimalai Subramanya Swamy Temple,https://en.wikipedia.org/wiki/Pachaimalai_Subramanya_Swamy_Temple,https://en.wikipedia.org/wiki/Pachaimalai_Subramanya_Swamy_Temple,en.wikipedia.org
Padalathri Narasimhar Temple,https://en.wikipedia.org/wiki/Padalathri_Narasimhar_Temple,https://en.wikipedia.org/wiki/Padalathri_Narasimhar_Temple,en.wikipedia.org
Palani Murugan Temple,https://en.wikipedia.org/wiki/Palani_Murugan_Temple,https://en.wikipedia.org/wiki/Palani_Murugan_Temple,en.wikipedia.org
"Parthasarathy Temple, Chennai","https://en.wikipedia.org/wiki/Parthasarathy_Temple,_Chennai","https://en.wikipedia.org/wiki/Parthasarathy_Temple,_Chennai",en.wikipedia.org
Pazhamudhircholai Temple,https://en.wikipedia.org/wiki/Pazhamudircholai,https://en.wikipedia.org/wiki/Pazhamudircholai,en.wikipedia.org
"Perur Pateeswarar Temple, Coimbatore","https://en.wikipedia.org/wiki/Perur_Pateeswarar_Temple,_Coimbatore","https://en.wikipedia.org/wiki/Perur_Pateeswarar_Temple,_Coimbatore",en.wikipedia.org
Pundarikakshan Perumal Temple,https://en.wikipedia.org/wiki/Pundarikakshan_Perumal_Temple,https://en.wikipedia.org/wiki/Pundarikakshan_Perumal_Temple,en.wikipedia.org
Punnainallur Kothandaramar Temple,https://en.wikipedia.org/wiki/Punnainallur_Kothandaramar_Temple,https://en.wikipedia.org/wiki/Punnainallur_Kothandaramar_Temple,en.wikipedia.org
PunnaiNallur Mariamman,https://en.wikipedia.org/wiki/PunnaiNallur_Mariamman,https://en.wikipedia.org/wiki/PunnaiNallur_Mariamman,en.wikipedia.org
"Rajagopalaswamy Temple, Mannargudi","https://en.wikipedia.org/wiki/Rajagopalaswamy_Temple,_Mannargudi","https://en.wikipedia.org/wiki/Rajagopalaswamy_Temple,_Mannargudi",en.wikipedia.org
Ramanathaswamy Temple,https://en.wikipedia.org/wiki/Ramanathaswamy_Temple,https://en.wikipedia.org/wiki/Ramanathaswamy_Temple,en.wikipedia.org
"Ranganathaswamy Temple, Srirangam","https://en.wikipedia.org/wiki/Ranganathaswamy_Temple,_Srirangam","https://en.wikipedia.org/wiki/Ranganathaswamy_Temple,_Srirangam",en.wikipedia.org
Samayapuram Mariamman Temple,https://en.wikipedia.org/wiki/Samayapuram_Mariamman_Temple,https://en.wikipedia.org/wiki/Samayapuram_Mariamman_Temple,en.wikipedia.org
Sampathgiri Lakshmi Narasimhaswamy Temple,https://en.wikipedia.org/wiki/Sampathgiri,https://en.wikipedia.org/wiki/Sampathgiri,en.wikipedia.org
Sangameswarar Temple,https://en.wikipedia.org/wiki/Sangameswarar_Temple,https://en.wikipedia.org/wiki/Sangameswarar_Temple,en.wikipedia.org
Sankaranaraya swamy temple,https://en.wikipedia.org/wiki/Sankaranayinarkoil,https://en.wikipedia.org/wiki/Sankaranayinarkoil,en.wikipedia.org
Sathyamurthi Perumal Temple,https://en.wikipedia.org/wiki/Sathyamurthi_Perumal_Temple,https://en.wikipedia.org/wiki/Sathyamurthi_Perumal_Temple,en.wikipedia.org
Shore Temple,https://en.wikipedia.org/wiki/Shore_Temple,https://en.wikipedia.org/wiki/Shore_Temple,en.wikipedia.org
Sikkal Singaravelan Temple,https://en.wikipedia.org/wiki/Sikkal_Singaravelan_Temple,https://en.wikipedia.org/wiki/Sikkal_Singaravelan_Temple,en.wikipedia.org
Sri Navaladi Karuppannaswami Temple – Mohanur,https://en.wikipedia.org/wiki/Sri_Navaladi_Karuppannaswami_Temple_–_Mohanur,https://en.wikipedia.org/wiki/Sri_Navaladi_Karuppannaswami_Temple_–_Mohanur,en.wikipedia.org
Srivilliputhur Andal Temple,https://en.wikipedia.org/wiki/Srivilliputhur_Andal_Temple,https://en.wikipedia.org/wiki/Srivilliputhur_Andal_Temple,en.wikipedia.org
Sundararaja Perumal temple,https://en.wikipedia.org/wiki/Sundararaja_Perumal_temple,https://en.wikipedia.org/wiki/Sundararaja_Perumal_temple,en.wikipedia.org
Swamimalai Murugan Temple,https://en.wikipedia.org/wiki/Swamimalai_Murugan_Temple,https://en.wikipedia.org/wiki/Swamimalai_Murugan_Temple,en.wikipedia.org
Thalai Sanga Nanmathiyam Perumal Temple,https://en.wikipedia.org/wiki/Thalai_Sanga_Nanmathiyam,https://en.wikipedia.org/wiki/Thalai_Sanga_Nanmathiyam,en.wikipedia.org
Thanjai Mamani Koil,https://en.wikipedia.org/wiki/Thanjai_Mamani_Koil,https://en.wikipedia.org/wiki/Thanjai_Mamani_Koil,en.wikipedia.org
Thanumalayan Temple,https://en.wikipedia.org/wiki/Thanumalayan_Temple,https://en.wikipedia.org/wiki/Thanumalayan_Temple,en.wikipedia.org
Thillai Nataraja Temple,https://en.wikipedia.org/wiki/Thillai_Nataraja_Temple,https://en.wikipedia.org/wiki/Thillai_Nataraja_Temple,en.wikipedia.org
Thindal Murugan Temple,https://en.wikipedia.org/wiki/Thindal_Murugan_Temple,https://en.wikipedia.org/wiki/Thindal_Murugan_Temple,en.wikipedia.org
Thiruchendur Murugan Temple,https://en.wikipedia.org/wiki/Thiruchendur_Murugan_Temple,https://en.wikipedia.org/wiki/Thiruchendur_Murugan_Temple,en.wikipedia.org
Thiruthani Murugan Temple,https://en.wikipedia.org/wiki/Thiruthani_Murugan_Temple,https://en.wikipedia.org/wiki/Thiruthani_Murugan_Temple,en.wikipedia.org
"Thyagaraja Temple, Tiruvarur","https://en.wikipedia.org/wiki/Thyagaraja_Temple,_Tiruvarur","https://en.wikipedia.org/wiki/Thyagaraja_Temple,_Tiruvarur",en.wikipedia.org
Tirunallar Dharbaranyeswarar Temple,https://en.wikipedia.org/wiki/Tirunallar_Dharbaranyeswarar_Temple,https://en.wikipedia.org/wiki/Tirunallar_Dharbaranyeswarar_Temple,en.wikipedia.org
Tirupparankunram Murugan Temple,https://en.wikipedia.org/wiki/Tirupparankunram_Murugan_Temple,https://en.wikipedia.org/wiki/Tirupparankunram_Murugan_Temple,en.wikipedia.org
Tiruppukkozhiyur,https://en.wikipedia.org/wiki/Tiruppukkozhiyur,https://en.wikipedia.org/wiki/Tiruppukkozhiyur,en.wikipedia.org
Ucchi Pillayar Temple,https://en.wikipedia.org/wiki/Ucchi_Pillayar_Temple,https://en.wikipedia.org/wiki/Ucchi_Pillayar_Temple,en.wikipedia.org
"Ulagalantha Perumal Temple, Kanchipuram","https://en.wikipedia.org/wiki/Ulagalantha_Perumal_Temple,_Kanchipuram","https://en.wikipedia.org/wiki/Ulagalantha_Perumal_Temple,_Kanchipuram",en.wikipedia.org
"Ulagalantha Perumal Temple, Tirukoyilur","https://en.wikipedia.org/wiki/Ulagalantha_Perumal_Temple,_Tirukoyilur","https://en.wikipedia.org/wiki/Ulagalantha_Perumal_Temple,_Tirukoyilur",en.wikipedia.org
Vaishnava Nambi and Thirukurungudivalli Nachiar temple,https://en.wikipedia.org/wiki/Vaishnava_Nambi_and_Thirukurungudivalli_Nachiar_temple,https://en.wikipedia.org/wiki/Vaishnava_Nambi_and_Thirukurungudivalli_Nachiar_temple,en.wikipedia.org
Vaitheeswaran Koil,https://en.wikipedia.org/wiki/Vaitheeswaran_Koil,https://en.wikipedia.org/wiki/Vaitheeswaran_Koil,en.wikipedia.org
Mayiladuthurai,https://en.wikipedia.org/wiki/Mayiladuthurai,https://en.wikipedia.org/wiki/Mayiladuthurai,en.wikipedia.org
Vana Vishesha Sthalangal,https://en.wikipedia.org/wiki/Vana_Vishesha_Sthalangal,https://en.wikipedia.org/wiki/Vana_Vishesha_Sthalangal,en.wikipedia.org
Vandiyur Mariamman Temple,https://en.wikipedia.org/wiki/Vandiyur_Mariamman_Temple,https://en.wikipedia.org/wiki/Vandiyur_Mariamman_Temple,en.wikipedia.org
"Vedanarayana perumal temple, Thirunarayanapuram","https://en.wikipedia.org/wiki/Vedanarayana_perumal_temple,_Thirunarayanapuram","https://en.wikipedia.org/wiki/Vedanarayana_perumal_temple,_Thirunarayanapuram",en.wikipedia.org
"Vedapureeswarar Temple, Puducherry","https://en.wikipedia.org/wiki/Vedapureeswarar_Temple,_Puducherry","https://en.wikipedia.org/wiki/Vedapureeswarar_Temple,_Puducherry",en.wikipedia.org
"Veeraraghava Swamy Temple, Tiruvallur","https://en.wikipedia.org/wiki/Veeraraghava_Swamy_Temple,_Tiruvallur","https://en.wikipedia.org/wiki/Veeraraghava_Swamy_Temple,_Tiruvallur",en.wikipedia.org
Yathothkari Perumal Temple,https://en.wikipedia.org/wiki/Yathothkari_Perumal_Temple,https://en.wikipedia.org/wiki/Yathothkari_Perumal_Temple,en.wikipedia.org
edit,/w/index.php?title=List_of_Hindu_temples_in_India&action=edit&section=27,https://en.wikipedia.org/w/index.php?title=List_of_Hindu_temples_in_India&action=edit&section=27,en.wikipedia.org
Temples of Telangana,https://en.wikipedia.org/wiki/Temples_of_Telangana,https://en.wikipedia.org/wiki/Temples_of_Telangana,en.wikipedia.org
,https://en.wikipedia.org/wiki/File:Ramappa_Temple_Warangal.JPG,https://en.wikipedia.org/wiki/File:Ramappa_Temple_Warangal.JPG,en.wikipedia.org
Ramappa Temple,https://en.wikipedia.org/wiki/Ramappa_Temple,https://en.wikipedia.org/wiki/Ramappa_Temple,en.wikipedia.org
,https://en.wikipedia.org/wiki/File:Bhadrachalam_temple_View_from_Lord_Narasimha_Temple.JPG,https://en.wikipedia.org/wiki/File:Bhadrachalam_temple_View_from_Lord_Narasimha_Temple.JPG,en.wikipedia.org
,https://en.wikipedia.org/wiki/File:1000_pillar_temple_HNK.jpg,https://en.wikipedia.org/wiki/File:1000_pillar_temple_HNK.jpg,en.wikipedia.org
Alampur Jogulamba Temple,https://en.wikipedia.org/wiki/Alampur_Jogulamba_Temple,https://en.wikipedia.org/wiki/Alampur_Jogulamba_Temple,en.wikipedia.org
Alampur Navabrahma Temples,https://en.wikipedia.org/wiki/Alampur_Navabrahma_Temples,https://en.wikipedia.org/wiki/Alampur_Navabrahma_Temples,en.wikipedia.org
Ananthagiri Temple,https://en.wikipedia.org/wiki/Ananthagiri_Temple,https://en.wikipedia.org/wiki/Ananthagiri_Temple,en.wikipedia.org
Ashtalakshmi Temple,"https://en.wikipedia.org/wiki/Ashtalakshmi_Temple,_Hyderabad","https://en.wikipedia.org/wiki/Ashtalakshmi_Temple,_Hyderabad",en.wikipedia.org
Bhadrakali Temple,"https://en.wikipedia.org/wiki/Bhadrakali_Temple,_Warangal","https://en.wikipedia.org/wiki/Bhadrakali_Temple,_Warangal",en.wikipedia.org
"Birla Mandir, Hyderabad","https://en.wikipedia.org/wiki/Birla_Mandir,_Hyderabad","https://en.wikipedia.org/wiki/Birla_Mandir,_Hyderabad",en.wikipedia.org
Chaya Someswara Temple,https://en.wikipedia.org/wiki/Chaya_Someswara_Temple,https://en.wikipedia.org/wiki/Chaya_Someswara_Temple,en.wikipedia.org
Chilkoor Balaji Temple,https://en.wikipedia.org/wiki/Chilkoor_Balaji_Temple,https://en.wikipedia.org/wiki/Chilkoor_Balaji_Temple,en.wikipedia.org
Dichpally Ramalayam,https://en.wikipedia.org/wiki/Dichpally_Ramalayam,https://en.wikipedia.org/wiki/Dichpally_Ramalayam,en.wikipedia.org
"Erakeswara Temple, Pillalamarri","https://en.wikipedia.org/wiki/Erakeswara_Temple,_Pillalamarri","https://en.wikipedia.org/wiki/Erakeswara_Temple,_Pillalamarri",en.wikipedia.org
"Gnana Saraswati Temple, Basar","https://en.wikipedia.org/wiki/Gnana_Saraswati_Temple,_Basar","https://en.wikipedia.org/wiki/Gnana_Saraswati_Temple,_Basar",en.wikipedia.org
Hare Krishna Golden Temple,https://en.wikipedia.org/wiki/Hare_Krishna_Golden_Temple,https://en.wikipedia.org/wiki/Hare_Krishna_Golden_Temple,en.wikipedia.org
Hyderabad,https://en.wikipedia.org/wiki/Hyderabad,https://en.wikipedia.org/wiki/Hyderabad,en.wikipedia.org
Hyderabad Kalibari,https://en.wikipedia.org/wiki/Hyderabad_Kalibari,https://en.wikipedia.org/wiki/Hyderabad_Kalibari,en.wikipedia.org
"Jagannath Temple, Hyderabad","https://en.wikipedia.org/wiki/Jagannath_Temple,_Hyderabad","https://en.wikipedia.org/wiki/Jagannath_Temple,_Hyderabad",en.wikipedia.org
Jamalapuram Temple,https://en.wikipedia.org/wiki/Jamalapuram_Temple,https://en.wikipedia.org/wiki/Jamalapuram_Temple,en.wikipedia.org
Kaleshwara Mukteswara Swamy Temple,https://en.wikipedia.org/wiki/Kaleshwara_Mukteswara_Swamy_Temple,https://en.wikipedia.org/wiki/Kaleshwara_Mukteswara_Swamy_Temple,en.wikipedia.org
Karmanghat Hanuman Temple,https://en.wikipedia.org/wiki/Karmanghat_Hanuman_Temple,https://en.wikipedia.org/wiki/Karmanghat_Hanuman_Temple,en.wikipedia.org
Keesaragutta Temple,https://en.wikipedia.org/wiki/Keesaragutta_Temple,https://en.wikipedia.org/wiki/Keesaragutta_Temple,en.wikipedia.org
Komuravelli Mallikharjuna Temple,https://en.wikipedia.org/wiki/Komrelly_Mallanna_Temple,https://en.wikipedia.org/wiki/Komrelly_Mallanna_Temple,en.wikipedia.org
Kondagattu Anjaneya Swamy Temple,https://en.wikipedia.org/wiki/Kondagattu_Anjaneya_Swamy_Temple,https://en.wikipedia.org/wiki/Kondagattu_Anjaneya_Swamy_Temple,en.wikipedia.org
Kothakonda Jatara,https://en.wikipedia.org/wiki/Kothakonda_Jatara,https://en.wikipedia.org/wiki/Kothakonda_Jatara,en.wikipedia.org
Kuchadri Venkateshwara Swamy Temple,https://en.wikipedia.org/wiki/Kuchadri_Venkateshwara_Swamy_Temple,https://en.wikipedia.org/wiki/Kuchadri_Venkateshwara_Swamy_Temple,en.wikipedia.org
Kolanupaka Jain Temple,https://en.wikipedia.org/wiki/Kulpakji,https://en.wikipedia.org/wiki/Kulpakji,en.wikipedia.org
"Lakshmi Narasimha Temple, Dharmapuri","https://en.wikipedia.org/wiki/Lakshmi_Narasimha_Temple,_Dharmapuri","https://en.wikipedia.org/wiki/Lakshmi_Narasimha_Temple,_Dharmapuri",en.wikipedia.org
Padmakshi Temple,https://en.wikipedia.org/wiki/Padmakshi_Temple,https://en.wikipedia.org/wiki/Padmakshi_Temple,en.wikipedia.org
"Raja Rajeswara Temple, Vemulawada","https://en.wikipedia.org/wiki/Raja_Rajeswara_Temple,_Vemulawada","https://en.wikipedia.org/wiki/Raja_Rajeswara_Temple,_Vemulawada",en.wikipedia.org
Ramappa Temple,https://en.wikipedia.org/wiki/Ramappa_Temple,https://en.wikipedia.org/wiki/Ramappa_Temple,en.wikipedia.org
"Ranganathaswamy Temple, Jiyaguda","https://en.wikipedia.org/wiki/Ranganathaswamy_Temple,_Jiyaguda","https://en.wikipedia.org/wiki/Ranganathaswamy_Temple,_Jiyaguda",en.wikipedia.org
Sammakka Saralamma Jatara,https://en.wikipedia.org/wiki/Sammakka_Saralamma_Jatara,https://en.wikipedia.org/wiki/Sammakka_Saralamma_Jatara,en.wikipedia.org
Sanghi Temple,https://en.wikipedia.org/wiki/Sanghi_Temple,https://en.wikipedia.org/wiki/Sanghi_Temple,en.wikipedia.org
"Saraswati Temple, Wargal","https://en.wikipedia.org/wiki/Saraswati_Temple,_Wargal","https://en.wikipedia.org/wiki/Saraswati_Temple,_Wargal",en.wikipedia.org
"Sita Ramachandraswamy Temple, Bhadrachalam","https://en.wikipedia.org/wiki/Sita_Ramachandraswamy_Temple,_Bhadrachalam","https://en.wikipedia.org/wiki/Sita_Ramachandraswamy_Temple,_Bhadrachalam",en.wikipedia.org
Sitaram Bagh temple,https://en.wikipedia.org/wiki/Sitaram_Bagh_temple,https://en.wikipedia.org/wiki/Sitaram_Bagh_temple,en.wikipedia.org
"Sri Lakshmi Narasimha Swamy Temple, Yadadri","https://en.wikipedia.org/wiki/Sri_Lakshmi_Narasimha_Swamy_Temple,_Yadadri","https://en.wikipedia.org/wiki/Sri_Lakshmi_Narasimha_Swamy_Temple,_Yadadri",en.wikipedia.org
Sri Peddamma Thalli Temple,https://en.wikipedia.org/wiki/Sri_Peddamma_Thalli_Temple,https://en.wikipedia.org/wiki/Sri_Peddamma_Thalli_Temple,en.wikipedia.org
Surendrapuri,https://en.wikipedia.org/wiki/Surendrapuri,https://en.wikipedia.org/wiki/Surendrapuri,en.wikipedia.org
Thousand Pillar Temple,https://en.wikipedia.org/wiki/Thousand_Pillar_Temple,https://en.wikipedia.org/wiki/Thousand_Pillar_Temple,en.wikipedia.org
Ujjaini Mahakali Temple,https://en.wikipedia.org/wiki/Ujjaini_Mahakali_Temple,https://en.wikipedia.org/wiki/Ujjaini_Mahakali_Temple,en.wikipedia.org
edit,/w/index.php?title=List_of_Hindu_temples_in_India&action=edit&section=28,https://en.wikipedia.org/w/index.php?title=List_of_Hindu_temples_in_India&action=edit&section=28,en.wikipedia.org
Agartala Jagannath Mandir,https://en.wikipedia.org/wiki/Agartala_Jagannath_Mandir,https://en.wikipedia.org/wiki/Agartala_Jagannath_Mandir,en.wikipedia.org
Chaturdasha Temple,https://en.wikipedia.org/wiki/Chaturdasha_Temple,https://en.wikipedia.org/wiki/Chaturdasha_Temple,en.wikipedia.org
"Lakshmi Narayan Temple, Agartala","https://en.wikipedia.org/wiki/Lakshmi_Narayan_Temple,_Agartala","https://en.wikipedia.org/wiki/Lakshmi_Narayan_Temple,_Agartala",en.wikipedia.org
Tripura Sundari Temple,https://en.wikipedia.org/wiki/Tripura_Sundari_Temple,https://en.wikipedia.org/wiki/Tripura_Sundari_Temple,en.wikipedia.org
Unakoti,https://en.wikipedia.org/wiki/Unakoti,https://en.wikipedia.org/wiki/Unakoti,en.wikipedia.org
edit,/w/index.php?title=List_of_Hindu_temples_in_India&action=edit&section=29,https://en.wikipedia.org/w/index.php?title=List_of_Hindu_temples_in_India&action=edit&section=29,en.wikipedia.org
Hindu temples in Varanasi,https://en.wikipedia.org/wiki/Hindu_temples_in_Varanasi,https://en.wikipedia.org/wiki/Hindu_temples_in_Varanasi,en.wikipedia.org
,"https://en.wikipedia.org/wiki/File:Ram_Janmbhoomi_Mandir,_Ayodhya_Dham.jpg","https://en.wikipedia.org/wiki/File:Ram_Janmbhoomi_Mandir,_Ayodhya_Dham.jpg",en.wikipedia.org
"Ram Mandir, Ayodhya","https://en.wikipedia.org/wiki/Ram_Mandir,_Ayodhya","https://en.wikipedia.org/wiki/Ram_Mandir,_Ayodhya",en.wikipedia.org
,"https://en.wikipedia.org/wiki/File:Ganga_Dwar,_Gateway_of_Corridor_of_Kashi_Vishwanath_Temple,_Varanasi.webp","https://en.wikipedia.org/wiki/File:Ganga_Dwar,_Gateway_of_Corridor_of_Kashi_Vishwanath_Temple,_Varanasi.webp",en.wikipedia.org
Kashi Vishwanath Temple,https://en.wikipedia.org/wiki/Kashi_Vishwanath_Temple,https://en.wikipedia.org/wiki/Kashi_Vishwanath_Temple,en.wikipedia.org
,https://en.wikipedia.org/wiki/File:PremMandirSideViewFromCanteen.jpg,https://en.wikipedia.org/wiki/File:PremMandirSideViewFromCanteen.jpg,en.wikipedia.org
Prem Mandir Vrindavan,https://en.wikipedia.org/wiki/Prem_Mandir_Vrindavan,https://en.wikipedia.org/wiki/Prem_Mandir_Vrindavan,en.wikipedia.org
Alopi Devi Mandir,https://en.wikipedia.org/wiki/Alopi_Devi_Mandir,https://en.wikipedia.org/wiki/Alopi_Devi_Mandir,en.wikipedia.org
Prayagraj,https://en.wikipedia.org/wiki/Prayagraj,https://en.wikipedia.org/wiki/Prayagraj,en.wikipedia.org
Bankey Bihari Temple,https://en.wikipedia.org/wiki/Bankey_Bihari_Temple,https://en.wikipedia.org/wiki/Bankey_Bihari_Temple,en.wikipedia.org
Vrindavan,https://en.wikipedia.org/wiki/Vrindavan,https://en.wikipedia.org/wiki/Vrindavan,en.wikipedia.org
Bharat Mata Mandir,https://en.wikipedia.org/wiki/Bharat_Mata_Mandir,https://en.wikipedia.org/wiki/Bharat_Mata_Mandir,en.wikipedia.org
Mahatma Gandhi Kashi Vidyapith Campus,https://en.wikipedia.org/wiki/Mahatma_Gandhi_Kashi_Vidyapith,https://en.wikipedia.org/wiki/Mahatma_Gandhi_Kashi_Vidyapith,en.wikipedia.org
Varanasi,https://en.wikipedia.org/wiki/Varanasi,https://en.wikipedia.org/wiki/Varanasi,en.wikipedia.org
"Chandrika Devi Temple, Lucknow","https://en.wikipedia.org/wiki/Chandrika_Devi_Temple,_Lucknow","https://en.wikipedia.org/wiki/Chandrika_Devi_Temple,_Lucknow",en.wikipedia.org
Dwarkadheesh temple,https://en.wikipedia.org/wiki/Dwarkadheesh_temple_Mathura,https://en.wikipedia.org/wiki/Dwarkadheesh_temple_Mathura,en.wikipedia.org
Mathura,https://en.wikipedia.org/wiki/Mathura,https://en.wikipedia.org/wiki/Mathura,en.wikipedia.org
Gorakhnath Math,https://en.wikipedia.org/wiki/Gorakhnath_Math,https://en.wikipedia.org/wiki/Gorakhnath_Math,en.wikipedia.org
Gorakhpur,https://en.wikipedia.org/wiki/Gorakhpur,https://en.wikipedia.org/wiki/Gorakhpur,en.wikipedia.org
Govardhan Shila,https://en.wikipedia.org/wiki/Govardhana_Shila,https://en.wikipedia.org/wiki/Govardhana_Shila,en.wikipedia.org
Hajari Mahadev Temple,https://en.wikipedia.org/wiki/Hajari_Mahadev_Temple,https://en.wikipedia.org/wiki/Hajari_Mahadev_Temple,en.wikipedia.org
Etawah,https://en.wikipedia.org/wiki/Etawah,https://en.wikipedia.org/wiki/Etawah,en.wikipedia.org
Hanuman Garhi Temple,https://en.wikipedia.org/wiki/Hanuman_Garhi_Temple,https://en.wikipedia.org/wiki/Hanuman_Garhi_Temple,en.wikipedia.org
JK Temple,https://en.wikipedia.org/wiki/JK_Temple,https://en.wikipedia.org/wiki/JK_Temple,en.wikipedia.org
Kanpur,https://en.wikipedia.org/wiki/Kanpur,https://en.wikipedia.org/wiki/Kanpur,en.wikipedia.org
Kashi Vishwanath Temple,https://en.wikipedia.org/wiki/Kashi_Vishwanath_Temple,https://en.wikipedia.org/wiki/Kashi_Vishwanath_Temple,en.wikipedia.org
Varanasi,https://en.wikipedia.org/wiki/Varanasi,https://en.wikipedia.org/wiki/Varanasi,en.wikipedia.org
Krishna Balrama Mandir,https://en.wikipedia.org/wiki/Krishna_Balaram_Mandir,https://en.wikipedia.org/wiki/Krishna_Balaram_Mandir,en.wikipedia.org
Krishna Janmasthan Temple Complex,https://en.wikipedia.org/wiki/Krishna_Janmasthan_Temple_Complex,https://en.wikipedia.org/wiki/Krishna_Janmasthan_Temple_Complex,en.wikipedia.org
Mathura,"https://en.wikipedia.org/wiki/Mathura,_Uttar_Pradesh","https://en.wikipedia.org/wiki/Mathura,_Uttar_Pradesh",en.wikipedia.org
Kusum Sarovar,https://en.wikipedia.org/wiki/Kusum_Sarovar,https://en.wikipedia.org/wiki/Kusum_Sarovar,en.wikipedia.org
Lodheshwar Mahadev Mandir,https://en.wikipedia.org/wiki/Lodheshwar_Mahadev_Mandir,https://en.wikipedia.org/wiki/Lodheshwar_Mahadev_Mandir,en.wikipedia.org
Barabanki,https://en.wikipedia.org/wiki/Barabanki,https://en.wikipedia.org/wiki/Barabanki,en.wikipedia.org
Mankameshwar Temple,https://en.wikipedia.org/wiki/Mankameshwar_Temple,https://en.wikipedia.org/wiki/Mankameshwar_Temple,en.wikipedia.org
Agra,https://en.wikipedia.org/wiki/Agra,https://en.wikipedia.org/wiki/Agra,en.wikipedia.org
"Nidhivan, Vrindavan","https://en.wikipedia.org/wiki/Nidhivan,_Vrindavan","https://en.wikipedia.org/wiki/Nidhivan,_Vrindavan",en.wikipedia.org
"Prem Mandir, Vrindavan","https://en.wikipedia.org/wiki/Prem_Mandir,_Vrindavan","https://en.wikipedia.org/wiki/Prem_Mandir,_Vrindavan",en.wikipedia.org
"Radha Damodar Temple, Vrindavan","https://en.wikipedia.org/wiki/Radha_Damodar_Temple,_Vrindavan","https://en.wikipedia.org/wiki/Radha_Damodar_Temple,_Vrindavan",en.wikipedia.org
"Radha Krishna Vivah Sthali, Bhandirvan","https://en.wikipedia.org/wiki/Radha_Krishna_Vivah_Sthali,_Bhandirvan","https://en.wikipedia.org/wiki/Radha_Krishna_Vivah_Sthali,_Bhandirvan",en.wikipedia.org
Radha Kund,https://en.wikipedia.org/wiki/Radha_Kund,https://en.wikipedia.org/wiki/Radha_Kund,en.wikipedia.org
"Radha Madan Mohan Temple, Vrindavan","https://en.wikipedia.org/wiki/Radha_Madan_Mohan_Temple,_Vrindavan","https://en.wikipedia.org/wiki/Radha_Madan_Mohan_Temple,_Vrindavan",en.wikipedia.org
Radha Raman Temple,https://en.wikipedia.org/wiki/Radha_Raman_Temple,https://en.wikipedia.org/wiki/Radha_Raman_Temple,en.wikipedia.org
Radha Rani Temple,https://en.wikipedia.org/wiki/Radha_Rani_Temple,https://en.wikipedia.org/wiki/Radha_Rani_Temple,en.wikipedia.org
Barsana,https://en.wikipedia.org/wiki/Barsana,https://en.wikipedia.org/wiki/Barsana,en.wikipedia.org
"Radha Vallabh Temple, Vrindavan","https://en.wikipedia.org/wiki/Radha_Vallabh_Temple,_Vrindavan","https://en.wikipedia.org/wiki/Radha_Vallabh_Temple,_Vrindavan",en.wikipedia.org
Ram Mandir,https://en.wikipedia.org/wiki/Ram_Mandir,https://en.wikipedia.org/wiki/Ram_Mandir,en.wikipedia.org
Ayodhya,https://en.wikipedia.org/wiki/Ayodhya,https://en.wikipedia.org/wiki/Ayodhya,en.wikipedia.org
Sankat Mochan Hanuman Temple,https://en.wikipedia.org/wiki/Sankat_Mochan_Hanuman_Temple,https://en.wikipedia.org/wiki/Sankat_Mochan_Hanuman_Temple,en.wikipedia.org
Varanasi,https://en.wikipedia.org/wiki/Varanasi,https://en.wikipedia.org/wiki/Varanasi,en.wikipedia.org
Swaminarayan Temple,https://en.wikipedia.org/wiki/Swaminarayan_Temple,https://en.wikipedia.org/wiki/Swaminarayan_Temple,en.wikipedia.org
Chhapaiya,https://en.wikipedia.org/wiki/Chhapaiya,https://en.wikipedia.org/wiki/Chhapaiya,en.wikipedia.org
Basti,https://en.wikipedia.org/wiki/Basti_district,https://en.wikipedia.org/wiki/Basti_district,en.wikipedia.org
Ved Mata Gaytri Mandir,https://en.wikipedia.org/wiki/Ved_Mata_Gaytri_Mandir,https://en.wikipedia.org/wiki/Ved_Mata_Gaytri_Mandir,en.wikipedia.org
Vindhyachal Temple,https://en.wikipedia.org/wiki/Vindhyachal_Temple,https://en.wikipedia.org/wiki/Vindhyachal_Temple,en.wikipedia.org
Mirzapur,https://en.wikipedia.org/wiki/Mirzapur,https://en.wikipedia.org/wiki/Mirzapur,en.wikipedia.org
Waneshwar Mahadev Temple,https://en.wikipedia.org/wiki/Waneshwar_Mahadev_Temple,https://en.wikipedia.org/wiki/Waneshwar_Mahadev_Temple,en.wikipedia.org
edit,/w/index.php?title=List_of_Hindu_temples_in_India&action=edit&section=30,https://en.wikipedia.org/w/index.php?title=List_of_Hindu_temples_in_India&action=edit&section=30,en.wikipedia.org
Chota Char Dham,https://en.wikipedia.org/wiki/Chota_Char_Dham,https://en.wikipedia.org/wiki/Chota_Char_Dham,en.wikipedia.org
,https://en.wikipedia.org/wiki/File:Yamunotri_temple_and_ashram.jpg,https://en.wikipedia.org/wiki/File:Yamunotri_temple_and_ashram.jpg,en.wikipedia.org
Yamunotri,https://en.wikipedia.org/wiki/Yamunotri_Temple,https://en.wikipedia.org/wiki/Yamunotri_Temple,en.wikipedia.org
,https://en.wikipedia.org/wiki/File:Gangotri_(ganga_river).jpg,https://en.wikipedia.org/wiki/File:Gangotri_(ganga_river).jpg,en.wikipedia.org
Gangotri,https://en.wikipedia.org/wiki/Gangotri_Temple,https://en.wikipedia.org/wiki/Gangotri_Temple,en.wikipedia.org
,https://en.wikipedia.org/wiki/File:Kedarnath_Temple.jpg,https://en.wikipedia.org/wiki/File:Kedarnath_Temple.jpg,en.wikipedia.org
Kedarnath,https://en.wikipedia.org/wiki/Kedarnath_Temple,https://en.wikipedia.org/wiki/Kedarnath_Temple,en.wikipedia.org
,"https://en.wikipedia.org/wiki/File:Badrinath_Temple_,_Uttarakhand.jpg","https://en.wikipedia.org/wiki/File:Badrinath_Temple_,_Uttarakhand.jpg",en.wikipedia.org
Badrinath,https://en.wikipedia.org/wiki/Badrinath_Temple,https://en.wikipedia.org/wiki/Badrinath_Temple,en.wikipedia.org
view,https://en.wikipedia.org/wiki/Template:Chota_Char_Dham,https://en.wikipedia.org/wiki/Template:Chota_Char_Dham,en.wikipedia.org
talk,https://en.wikipedia.org/wiki/Template_talk:Chota_Char_Dham,https://en.wikipedia.org/wiki/Template_talk:Chota_Char_Dham,en.wikipedia.org
edit,https://en.wikipedia.org/wiki/Special:EditPage/Template:Chota_Char_Dham,https://en.wikipedia.org/wiki/Special:EditPage/Template:Chota_Char_Dham,en.wikipedia.org
List of temples in Uttarakhand,https://en.wikipedia.org/wiki/List_of_temples_in_Uttarakhand,https://en.wikipedia.org/wiki/List_of_temples_in_Uttarakhand,en.wikipedia.org
,https://en.wikipedia.org/wiki/File:Kedarnath_Temple.jpg,https://en.wikipedia.org/wiki/File:Kedarnath_Temple.jpg,en.wikipedia.org
Kedarnath Temple,https://en.wikipedia.org/wiki/Kedarnath_Temple,https://en.wikipedia.org/wiki/Kedarnath_Temple,en.wikipedia.org
,https://en.wikipedia.org/wiki/File:Image_ank.JPG,https://en.wikipedia.org/wiki/File:Image_ank.JPG,en.wikipedia.org
Jageshwar,https://en.wikipedia.org/wiki/Jageshwar,https://en.wikipedia.org/wiki/Jageshwar,en.wikipedia.org
Badrinath Temple,https://en.wikipedia.org/wiki/Badrinath_Temple,https://en.wikipedia.org/wiki/Badrinath_Temple,en.wikipedia.org
Badrinath,https://en.wikipedia.org/wiki/Badrinath,https://en.wikipedia.org/wiki/Badrinath,en.wikipedia.org
Baleshwar Temple,https://en.wikipedia.org/wiki/Baleshwar_Temple,https://en.wikipedia.org/wiki/Baleshwar_Temple,en.wikipedia.org
Champawat,https://en.wikipedia.org/wiki/Champawat,https://en.wikipedia.org/wiki/Champawat,en.wikipedia.org
Binsar Mahadev,https://en.wikipedia.org/wiki/Binsar_Mahadev,https://en.wikipedia.org/wiki/Binsar_Mahadev,en.wikipedia.org
Pauri Garhwal,https://en.wikipedia.org/wiki/Pauri_Garhwal_district,https://en.wikipedia.org/wiki/Pauri_Garhwal_district,en.wikipedia.org
"Chandi Devi Temple, Haridwar","https://en.wikipedia.org/wiki/Chandi_Devi_Temple,_Haridwar","https://en.wikipedia.org/wiki/Chandi_Devi_Temple,_Haridwar",en.wikipedia.org
Daksheswar Mahadev Temple,https://en.wikipedia.org/wiki/Daksheswar_Mahadev_Temple,https://en.wikipedia.org/wiki/Daksheswar_Mahadev_Temple,en.wikipedia.org
Kankhal,https://en.wikipedia.org/wiki/Kankhal,https://en.wikipedia.org/wiki/Kankhal,en.wikipedia.org
Gangotri,https://en.wikipedia.org/wiki/Gangotri,https://en.wikipedia.org/wiki/Gangotri,en.wikipedia.org
Garjiya Devi Temple,https://en.wikipedia.org/wiki/Garjiya_Devi_Temple,https://en.wikipedia.org/wiki/Garjiya_Devi_Temple,en.wikipedia.org
Ramnagar,"https://en.wikipedia.org/wiki/Ramnagar,_Nainital","https://en.wikipedia.org/wiki/Ramnagar,_Nainital",en.wikipedia.org
Golu Devata,https://en.wikipedia.org/wiki/Golu_Devata,https://en.wikipedia.org/wiki/Golu_Devata,en.wikipedia.org
Chitai,https://en.wikipedia.org/wiki/Chitai,https://en.wikipedia.org/wiki/Chitai,en.wikipedia.org
Gopinath Mandir,https://en.wikipedia.org/wiki/Gopinath_Mandir,https://en.wikipedia.org/wiki/Gopinath_Mandir,en.wikipedia.org
Chamoli Gopeshwar,https://en.wikipedia.org/wiki/Chamoli_Gopeshwar,https://en.wikipedia.org/wiki/Chamoli_Gopeshwar,en.wikipedia.org
Gundiyat Gaon,https://en.wikipedia.org/wiki/Gundiyat_Gaon,https://en.wikipedia.org/wiki/Gundiyat_Gaon,en.wikipedia.org
Guptakashi,https://en.wikipedia.org/wiki/Guptakashi,https://en.wikipedia.org/wiki/Guptakashi,en.wikipedia.org
Gurudwara Shri Hemkund Sahib,https://en.wikipedia.org/wiki/Gurudwara_Shri_Hemkund_Sahib,https://en.wikipedia.org/wiki/Gurudwara_Shri_Hemkund_Sahib,en.wikipedia.org
Govindghat,https://en.wikipedia.org/wiki/Govindghat,https://en.wikipedia.org/wiki/Govindghat,en.wikipedia.org
Har Ki Pauri,https://en.wikipedia.org/wiki/Har_Ki_Pauri,https://en.wikipedia.org/wiki/Har_Ki_Pauri,en.wikipedia.org
Haridwar,https://en.wikipedia.org/wiki/Haridwar,https://en.wikipedia.org/wiki/Haridwar,en.wikipedia.org
Jageshwar,https://en.wikipedia.org/wiki/Jageshwar,https://en.wikipedia.org/wiki/Jageshwar,en.wikipedia.org
Kalpeshwar,https://en.wikipedia.org/wiki/Kalpeshwar,https://en.wikipedia.org/wiki/Kalpeshwar,en.wikipedia.org
Kamanda Mahadev,https://en.wikipedia.org/wiki/Kamanda_Mahadev,https://en.wikipedia.org/wiki/Kamanda_Mahadev,en.wikipedia.org
Karnaprayag,https://en.wikipedia.org/wiki/Karnaprayag,https://en.wikipedia.org/wiki/Karnaprayag,en.wikipedia.org
Kedarnath Temple,https://en.wikipedia.org/wiki/Kedarnath_Temple,https://en.wikipedia.org/wiki/Kedarnath_Temple,en.wikipedia.org
Kedarnath,https://en.wikipedia.org/wiki/Kedarnath,https://en.wikipedia.org/wiki/Kedarnath,en.wikipedia.org
Madhyamaheshwar,https://en.wikipedia.org/wiki/Madhyamaheshwar,https://en.wikipedia.org/wiki/Madhyamaheshwar,en.wikipedia.org
Mahasu Devta Temple,https://en.wikipedia.org/wiki/Mahasu_Devta_Temple,https://en.wikipedia.org/wiki/Mahasu_Devta_Temple,en.wikipedia.org
"Mansa Devi Temple, Haridwar","https://en.wikipedia.org/wiki/Mansa_Devi_Temple,_Haridwar","https://en.wikipedia.org/wiki/Mansa_Devi_Temple,_Haridwar",en.wikipedia.org
"Maya Devi Temple, Haridwar","https://en.wikipedia.org/wiki/Maya_Devi_Temple,_Haridwar","https://en.wikipedia.org/wiki/Maya_Devi_Temple,_Haridwar",en.wikipedia.org
Moteshwar Mahadev,https://en.wikipedia.org/wiki/Moteshwar_Mahadev,https://en.wikipedia.org/wiki/Moteshwar_Mahadev,en.wikipedia.org
Kashipur,"https://en.wikipedia.org/wiki/Kashipur,_Uttarakhand","https://en.wikipedia.org/wiki/Kashipur,_Uttarakhand",en.wikipedia.org
Nandaprayag,https://en.wikipedia.org/wiki/Nandaprayag,https://en.wikipedia.org/wiki/Nandaprayag,en.wikipedia.org
Neelkanth Mahadev Temple,https://en.wikipedia.org/wiki/Neelkanth_Mahadev_Temple_(Rishikesh),https://en.wikipedia.org/wiki/Neelkanth_Mahadev_Temple_(Rishikesh),en.wikipedia.org
Rishikesh,https://en.wikipedia.org/wiki/Rishikesh,https://en.wikipedia.org/wiki/Rishikesh,en.wikipedia.org
Rishikesh,https://en.wikipedia.org/wiki/Rishikesh,https://en.wikipedia.org/wiki/Rishikesh,en.wikipedia.org
Rudranath,https://en.wikipedia.org/wiki/Rudranath,https://en.wikipedia.org/wiki/Rudranath,en.wikipedia.org
Surkanda Devi,https://en.wikipedia.org/wiki/Surkanda_Devi,https://en.wikipedia.org/wiki/Surkanda_Devi,en.wikipedia.org
Mussoorie,https://en.wikipedia.org/wiki/Mussoorie,https://en.wikipedia.org/wiki/Mussoorie,en.wikipedia.org
Triyuginarayan Temple,https://en.wikipedia.org/wiki/Triyuginarayan_Temple,https://en.wikipedia.org/wiki/Triyuginarayan_Temple,en.wikipedia.org
Tungnath,https://en.wikipedia.org/wiki/Tungnath,https://en.wikipedia.org/wiki/Tungnath,en.wikipedia.org
Ukhimath,https://en.wikipedia.org/wiki/Ukhimath,https://en.wikipedia.org/wiki/Ukhimath,en.wikipedia.org
edit,/w/index.php?title=List_of_Hindu_temples_in_India&action=edit&section=31,https://en.wikipedia.org/w/index.php?title=List_of_Hindu_temples_in_India&action=edit&section=31,en.wikipedia.org
List of temples in Bishnupur,https://en.wikipedia.org/wiki/List_of_temples_in_Bishnupur,https://en.wikipedia.org/wiki/List_of_temples_in_Bishnupur,en.wikipedia.org
,https://en.wikipedia.org/wiki/File:Chandroday_mandir_uc_side_view.jpg,https://en.wikipedia.org/wiki/File:Chandroday_mandir_uc_side_view.jpg,en.wikipedia.org
ISKCON Temple,https://en.wikipedia.org/wiki/Mayapur_Chandrodaya_Mandir,https://en.wikipedia.org/wiki/Mayapur_Chandrodaya_Mandir,en.wikipedia.org
,"https://en.wikipedia.org/wiki/File:Dakhineshwar_Temple_beside_the_Hoogly,_West_Bengal.JPG","https://en.wikipedia.org/wiki/File:Dakhineshwar_Temple_beside_the_Hoogly,_West_Bengal.JPG",en.wikipedia.org
Dakshineswar Kali Temple,https://en.wikipedia.org/wiki/Dakshineswar_Kali_Temple,https://en.wikipedia.org/wiki/Dakshineswar_Kali_Temple,en.wikipedia.org
,https://en.wikipedia.org/wiki/File:Babataraknathtemple.jpg,https://en.wikipedia.org/wiki/File:Babataraknathtemple.jpg,en.wikipedia.org
Tarakeswar Taraknath Temple,https://en.wikipedia.org/wiki/Tarakeswar,https://en.wikipedia.org/wiki/Tarakeswar,en.wikipedia.org
Ananta Basudeba Temple,https://en.wikipedia.org/wiki/Ananta_Basudeba_Temple,https://en.wikipedia.org/wiki/Ananta_Basudeba_Temple,en.wikipedia.org
Bansberia,https://en.wikipedia.org/wiki/Bansberia,https://en.wikipedia.org/wiki/Bansberia,en.wikipedia.org
Annapurna Temple,"https://en.wikipedia.org/wiki/Annapurna_Temple,_Titagarh","https://en.wikipedia.org/wiki/Annapurna_Temple,_Titagarh",en.wikipedia.org
Titagarh,https://en.wikipedia.org/wiki/Titagarh,https://en.wikipedia.org/wiki/Titagarh,en.wikipedia.org
Attahas,"https://en.wikipedia.org/wiki/Attahas,_Katwa","https://en.wikipedia.org/wiki/Attahas,_Katwa",en.wikipedia.org
Purba Bardhaman,https://en.wikipedia.org/wiki/Purba_Bardhaman_district,https://en.wikipedia.org/wiki/Purba_Bardhaman_district,en.wikipedia.org
Bahulara Ancient Temple,https://en.wikipedia.org/wiki/Bahulara_Ancient_Temple,https://en.wikipedia.org/wiki/Bahulara_Ancient_Temple,en.wikipedia.org
Bankura,https://en.wikipedia.org/wiki/Bankura_district,https://en.wikipedia.org/wiki/Bankura_district,en.wikipedia.org
Baidyapur Jora Deul,https://en.wikipedia.org/wiki/Baidyapur_Jora_Deul,https://en.wikipedia.org/wiki/Baidyapur_Jora_Deul,en.wikipedia.org
Baidyapur,https://en.wikipedia.org/wiki/Baidyapur,https://en.wikipedia.org/wiki/Baidyapur,en.wikipedia.org
Bakreswar Temple,https://en.wikipedia.org/wiki/Bakreshwar,https://en.wikipedia.org/wiki/Bakreshwar,en.wikipedia.org
Birbhum,https://en.wikipedia.org/wiki/Birbhum,https://en.wikipedia.org/wiki/Birbhum,en.wikipedia.org
Bargabhima Temple,https://en.wikipedia.org/wiki/Bargabhima_Temple,https://en.wikipedia.org/wiki/Bargabhima_Temple,en.wikipedia.org
Tamluk,https://en.wikipedia.org/wiki/Tamluk,https://en.wikipedia.org/wiki/Tamluk,en.wikipedia.org
Baneswar Shiva Temple,https://en.wikipedia.org/wiki/Baneswar_Shiva_Temple,https://en.wikipedia.org/wiki/Baneswar_Shiva_Temple,en.wikipedia.org
Baneswar,https://en.wikipedia.org/wiki/Baneswar,https://en.wikipedia.org/wiki/Baneswar,en.wikipedia.org
Begunbari Kali Temple,https://en.wikipedia.org/wiki/Begunbari_Kali_Temple,https://en.wikipedia.org/wiki/Begunbari_Kali_Temple,en.wikipedia.org
Purba Medinipur,https://en.wikipedia.org/wiki/Purba_Medinipur,https://en.wikipedia.org/wiki/Purba_Medinipur,en.wikipedia.org
Belur Math,https://en.wikipedia.org/wiki/Belur_Math,https://en.wikipedia.org/wiki/Belur_Math,en.wikipedia.org
Belur,"https://en.wikipedia.org/wiki/Belur,_West_Bengal","https://en.wikipedia.org/wiki/Belur,_West_Bengal",en.wikipedia.org
Bhavaniswar Mandir,https://en.wikipedia.org/wiki/Bhavaniswar_Mandir,https://en.wikipedia.org/wiki/Bhavaniswar_Mandir,en.wikipedia.org
Baranagar,"https://en.wikipedia.org/wiki/Baranagar,_Murshidabad","https://en.wikipedia.org/wiki/Baranagar,_Murshidabad",en.wikipedia.org
Bhavatarini Shmashanpith Kali Temple,https://en.wikipedia.org/wiki/Bhavatarini_Shmashanpith_Kali_Temple,https://en.wikipedia.org/wiki/Bhavatarini_Shmashanpith_Kali_Temple,en.wikipedia.org
Purba Medinipur,https://en.wikipedia.org/wiki/Purba_Medinipur,https://en.wikipedia.org/wiki/Purba_Medinipur,en.wikipedia.org
Bipadtarini Chandibari,"https://en.wikipedia.org/wiki/Bipadtarini_Chandibari,_Rajpur","https://en.wikipedia.org/wiki/Bipadtarini_Chandibari,_Rajpur",en.wikipedia.org
Rajpur,https://en.wikipedia.org/wiki/Rajpur_Sonarpur,https://en.wikipedia.org/wiki/Rajpur_Sonarpur,en.wikipedia.org
Birla Mandir,"https://en.wikipedia.org/wiki/Birla_Mandir,_Kolkata","https://en.wikipedia.org/wiki/Birla_Mandir,_Kolkata",en.wikipedia.org
Kolkata,https://en.wikipedia.org/wiki/Kolkata,https://en.wikipedia.org/wiki/Kolkata,en.wikipedia.org
Boro Maa Kali Temple,"https://en.wikipedia.org/wiki/Boro_Maa_Kali_Temple,_Naihati","https://en.wikipedia.org/wiki/Boro_Maa_Kali_Temple,_Naihati",en.wikipedia.org
Naihati,https://en.wikipedia.org/wiki/Naihati,https://en.wikipedia.org/wiki/Naihati,en.wikipedia.org
Brindaban Chandra's Math,https://en.wikipedia.org/wiki/Brindaban_Chandra's_Math,https://en.wikipedia.org/wiki/Brindaban_Chandra's_Math,en.wikipedia.org
Guptipara,https://en.wikipedia.org/wiki/Guptipara,https://en.wikipedia.org/wiki/Guptipara,en.wikipedia.org
Char Bangla Temples,https://en.wikipedia.org/wiki/Char_Bangla_Temples,https://en.wikipedia.org/wiki/Char_Bangla_Temples,en.wikipedia.org
Baranagar,"https://en.wikipedia.org/wiki/Baranagar,_Murshidabad","https://en.wikipedia.org/wiki/Baranagar,_Murshidabad",en.wikipedia.org
Chandrakona Jorbangla Temple,https://en.wikipedia.org/wiki/Chandrakona_Jorbangla_Temple,https://en.wikipedia.org/wiki/Chandrakona_Jorbangla_Temple,en.wikipedia.org
Chandrakona,https://en.wikipedia.org/wiki/Chandrakona,https://en.wikipedia.org/wiki/Chandrakona,en.wikipedia.org
Dakshineswar Kali Temple,https://en.wikipedia.org/wiki/Dakshineswar_Kali_Temple,https://en.wikipedia.org/wiki/Dakshineswar_Kali_Temple,en.wikipedia.org
Dakshineswar,https://en.wikipedia.org/wiki/Dakshineswar,https://en.wikipedia.org/wiki/Dakshineswar,en.wikipedia.org
Dwadash Shiva Temples,https://en.wikipedia.org/wiki/Dwadash_Shiva_Temples,https://en.wikipedia.org/wiki/Dwadash_Shiva_Temples,en.wikipedia.org
Kolkata,https://en.wikipedia.org/wiki/Kolkata,https://en.wikipedia.org/wiki/Kolkata,en.wikipedia.org
Ekteswar Temple,https://en.wikipedia.org/wiki/Ekteswar_Temple,https://en.wikipedia.org/wiki/Ekteswar_Temple,en.wikipedia.org
Ekteswar,https://en.wikipedia.org/wiki/Ekteswar,https://en.wikipedia.org/wiki/Ekteswar,en.wikipedia.org
Firinghi Kalibari,https://en.wikipedia.org/wiki/Firinghi_Kalibari,https://en.wikipedia.org/wiki/Firinghi_Kalibari,en.wikipedia.org
Kolkata,https://en.wikipedia.org/wiki/Kolkata,https://en.wikipedia.org/wiki/Kolkata,en.wikipedia.org
Fullara,https://en.wikipedia.org/wiki/Fullara,https://en.wikipedia.org/wiki/Fullara,en.wikipedia.org
Birbhum,https://en.wikipedia.org/wiki/Birbhum,https://en.wikipedia.org/wiki/Birbhum,en.wikipedia.org
Ghaghar Burhi,https://en.wikipedia.org/wiki/Ghaghar_Burhi,https://en.wikipedia.org/wiki/Ghaghar_Burhi,en.wikipedia.org
Asansol,https://en.wikipedia.org/wiki/Asansol,https://en.wikipedia.org/wiki/Asansol,en.wikipedia.org
Gokulchand Temple,https://en.wikipedia.org/wiki/Gokulchand_Temple,https://en.wikipedia.org/wiki/Gokulchand_Temple,en.wikipedia.org
Joypur,"https://en.wikipedia.org/wiki/Joypur,_Bankura_(community_development_block)","https://en.wikipedia.org/wiki/Joypur,_Bankura_(community_development_block)",en.wikipedia.org
Hangseshwari Temple,https://en.wikipedia.org/wiki/Hangseshwari_Temple,https://en.wikipedia.org/wiki/Hangseshwari_Temple,en.wikipedia.org
Bansberia,https://en.wikipedia.org/wiki/Bansberia,https://en.wikipedia.org/wiki/Bansberia,en.wikipedia.org
ISKCON Temple,https://en.wikipedia.org/wiki/Mayapur_Chandrodaya_Mandir,https://en.wikipedia.org/wiki/Mayapur_Chandrodaya_Mandir,en.wikipedia.org
Mayapur,https://en.wikipedia.org/wiki/Mayapur,https://en.wikipedia.org/wiki/Mayapur,en.wikipedia.org
"Jagannath Temple, Digha","https://en.wikipedia.org/wiki/Jagannath_Temple,_Digha","https://en.wikipedia.org/wiki/Jagannath_Temple,_Digha",en.wikipedia.org
Jalpesh Temple,https://en.wikipedia.org/wiki/Jalpesh_Temple,https://en.wikipedia.org/wiki/Jalpesh_Temple,en.wikipedia.org
Mainaguri,https://en.wikipedia.org/wiki/Mainaguri,https://en.wikipedia.org/wiki/Mainaguri,en.wikipedia.org
Jatileswar Temple,https://en.wikipedia.org/wiki/Jatileswar_Temple,https://en.wikipedia.org/wiki/Jatileswar_Temple,en.wikipedia.org
Jalpaiguri,https://en.wikipedia.org/wiki/Jalpaiguri,https://en.wikipedia.org/wiki/Jalpaiguri,en.wikipedia.org
Kalighat Kali Temple,https://en.wikipedia.org/wiki/Kalighat_Kali_Temple,https://en.wikipedia.org/wiki/Kalighat_Kali_Temple,en.wikipedia.org
Kolkata,https://en.wikipedia.org/wiki/Kolkata,https://en.wikipedia.org/wiki/Kolkata,en.wikipedia.org
Kalyaneshwari Temple,https://en.wikipedia.org/wiki/Kalyaneshwari_Temple,https://en.wikipedia.org/wiki/Kalyaneshwari_Temple,en.wikipedia.org
Bardhaman,https://en.wikipedia.org/wiki/Bardhaman,https://en.wikipedia.org/wiki/Bardhaman,en.wikipedia.org
Kamteswari Temple,https://en.wikipedia.org/wiki/Kamteswari_Temple,https://en.wikipedia.org/wiki/Kamteswari_Temple,en.wikipedia.org
Gosanimari,https://en.wikipedia.org/wiki/Gosanimari,https://en.wikipedia.org/wiki/Gosanimari,en.wikipedia.org
Kanak Durga Temple,https://en.wikipedia.org/wiki/Kanak_Durga_Temple,https://en.wikipedia.org/wiki/Kanak_Durga_Temple,en.wikipedia.org
Chilkigarh,https://en.wikipedia.org/wiki/Chilkigarh,https://en.wikipedia.org/wiki/Chilkigarh,en.wikipedia.org
Keshabeshwar Temple,https://en.wikipedia.org/wiki/Keshabeshwar_Temple,https://en.wikipedia.org/wiki/Keshabeshwar_Temple,en.wikipedia.org
South 24 Parganas,https://en.wikipedia.org/wiki/South_24_Parganas,https://en.wikipedia.org/wiki/South_24_Parganas,en.wikipedia.org
Kiriteswari Temple,https://en.wikipedia.org/wiki/Kiriteswari_Temple,https://en.wikipedia.org/wiki/Kiriteswari_Temple,en.wikipedia.org
Lalbag,https://en.wikipedia.org/wiki/Lalbag_subdivision,https://en.wikipedia.org/wiki/Lalbag_subdivision,en.wikipedia.org
Kotulpur Sridhar Temple,https://en.wikipedia.org/wiki/Kotulpur_Sridhar_Temple,https://en.wikipedia.org/wiki/Kotulpur_Sridhar_Temple,en.wikipedia.org
Kotulpur,https://en.wikipedia.org/wiki/Kotulpur,https://en.wikipedia.org/wiki/Kotulpur,en.wikipedia.org
Kripamayee Kali Temple,https://en.wikipedia.org/wiki/Kripamayee_Kali_Temple,https://en.wikipedia.org/wiki/Kripamayee_Kali_Temple,en.wikipedia.org
Baranagar,https://en.wikipedia.org/wiki/Baranagar,https://en.wikipedia.org/wiki/Baranagar,en.wikipedia.org
Krishnarai Jiu Temple,"https://en.wikipedia.org/wiki/Krishnarai_Jiu_Temple,_Bagri","https://en.wikipedia.org/wiki/Krishnarai_Jiu_Temple,_Bagri",en.wikipedia.org
Garbeta,https://en.wikipedia.org/wiki/Garbeta,https://en.wikipedia.org/wiki/Garbeta,en.wikipedia.org
Lake Kalibari,https://en.wikipedia.org/wiki/Lake_Kalibari,https://en.wikipedia.org/wiki/Lake_Kalibari,en.wikipedia.org
Kolkata,https://en.wikipedia.org/wiki/Kolkata,https://en.wikipedia.org/wiki/Kolkata,en.wikipedia.org
Madangopal Jiu Temple,https://en.wikipedia.org/wiki/Madangopal_Jiu_Temple,https://en.wikipedia.org/wiki/Madangopal_Jiu_Temple,en.wikipedia.org
Samta,https://en.wikipedia.org/wiki/Samta_(India),https://en.wikipedia.org/wiki/Samta_(India),en.wikipedia.org
Madan Mohan Temple,"https://en.wikipedia.org/wiki/Madan_Mohan_Temple,_Cooch_Behar","https://en.wikipedia.org/wiki/Madan_Mohan_Temple,_Cooch_Behar",en.wikipedia.org
Cooch Behar,https://en.wikipedia.org/wiki/Cooch_Behar,https://en.wikipedia.org/wiki/Cooch_Behar,en.wikipedia.org
Maa Manasa Temple,"https://en.wikipedia.org/wiki/Ma_Manasa_Temple,_Jakpur","https://en.wikipedia.org/wiki/Ma_Manasa_Temple,_Jakpur",en.wikipedia.org
Kharagpur,https://en.wikipedia.org/wiki/Kharagpur,https://en.wikipedia.org/wiki/Kharagpur,en.wikipedia.org
Mahakal Temple,"https://en.wikipedia.org/wiki/Mahakal_Temple,_Darjeeling","https://en.wikipedia.org/wiki/Mahakal_Temple,_Darjeeling",en.wikipedia.org
Darjeeling,https://en.wikipedia.org/wiki/Darjeeling,https://en.wikipedia.org/wiki/Darjeeling,en.wikipedia.org
Malleswara Shiva Temple,https://en.wikipedia.org/wiki/Malleswara_Shiva_Temple,https://en.wikipedia.org/wiki/Malleswara_Shiva_Temple,en.wikipedia.org
Chandrakona,https://en.wikipedia.org/wiki/Chandrakona,https://en.wikipedia.org/wiki/Chandrakona,en.wikipedia.org
Nandikeshwari Temple,https://en.wikipedia.org/wiki/Nandikeshwari_Temple,https://en.wikipedia.org/wiki/Nandikeshwari_Temple,en.wikipedia.org
Sainthia,https://en.wikipedia.org/wiki/Sainthia,https://en.wikipedia.org/wiki/Sainthia,en.wikipedia.org
Nrisingha Temple,"https://en.wikipedia.org/wiki/Nrisingha_Temple,_Nadia","https://en.wikipedia.org/wiki/Nrisingha_Temple,_Nadia",en.wikipedia.org
Nadia,https://en.wikipedia.org/wiki/Nadia_district,https://en.wikipedia.org/wiki/Nadia_district,en.wikipedia.org
Parvatinatha Temple,https://en.wikipedia.org/wiki/Parvatinatha_Temple,https://en.wikipedia.org/wiki/Parvatinatha_Temple,en.wikipedia.org
Chandrakona,https://en.wikipedia.org/wiki/Chandrakona,https://en.wikipedia.org/wiki/Chandrakona,en.wikipedia.org
Radha Madhab Temple,https://en.wikipedia.org/wiki/Radha_Madhab_Temple,https://en.wikipedia.org/wiki/Radha_Madhab_Temple,en.wikipedia.org
Bishnupur,"https://en.wikipedia.org/wiki/Bishnupur,_Bankura","https://en.wikipedia.org/wiki/Bishnupur,_Bankura",en.wikipedia.org
Ramkeli Madanmohan Jiu Mandir,https://en.wikipedia.org/wiki/Ramkeli_Madanmohan_Jiu_Mandir,https://en.wikipedia.org/wiki/Ramkeli_Madanmohan_Jiu_Mandir,en.wikipedia.org
Maldah,https://en.wikipedia.org/wiki/Maldah,https://en.wikipedia.org/wiki/Maldah,en.wikipedia.org
Rampara Kalibari,https://en.wikipedia.org/wiki/Rampara_Kalibari,https://en.wikipedia.org/wiki/Rampara_Kalibari,en.wikipedia.org
Kolkata,https://en.wikipedia.org/wiki/Kolkata,https://en.wikipedia.org/wiki/Kolkata,en.wikipedia.org
Ramrajatala Temple,https://en.wikipedia.org/wiki/Ramrajatala,https://en.wikipedia.org/wiki/Ramrajatala,en.wikipedia.org
Howrah,https://en.wikipedia.org/wiki/Howrah,https://en.wikipedia.org/wiki/Howrah,en.wikipedia.org
Rasmancha,"https://en.wikipedia.org/wiki/Rasmancha,_Bishnupur","https://en.wikipedia.org/wiki/Rasmancha,_Bishnupur",en.wikipedia.org
Bishnupur,"https://en.wikipedia.org/wiki/Bishnupur,_Bankura","https://en.wikipedia.org/wiki/Bishnupur,_Bankura",en.wikipedia.org
Siddheshwari Kali Mandir,https://en.wikipedia.org/wiki/Siddheshwari_Kali_Mandir,https://en.wikipedia.org/wiki/Siddheshwari_Kali_Mandir,en.wikipedia.org
Kalna City,https://en.wikipedia.org/wiki/Kalna_City,https://en.wikipedia.org/wiki/Kalna_City,en.wikipedia.org
Shantinatha Shiva Temple,https://en.wikipedia.org/wiki/Shantinatha_Shiva_Temple,https://en.wikipedia.org/wiki/Shantinatha_Shiva_Temple,en.wikipedia.org
Chandrakona,https://en.wikipedia.org/wiki/Chandrakona,https://en.wikipedia.org/wiki/Chandrakona,en.wikipedia.org
Shibnibas,https://en.wikipedia.org/wiki/Shibnibas,https://en.wikipedia.org/wiki/Shibnibas,en.wikipedia.org
Nadia,https://en.wikipedia.org/wiki/Nadia,https://en.wikipedia.org/wiki/Nadia,en.wikipedia.org
Shobhabazar Lal Mandir,https://en.wikipedia.org/wiki/Shobhabazar_Lal_Mandir,https://en.wikipedia.org/wiki/Shobhabazar_Lal_Mandir,en.wikipedia.org
Kolkata,https://en.wikipedia.org/wiki/Kolkata,https://en.wikipedia.org/wiki/Kolkata,en.wikipedia.org
Taraknath Temple,https://en.wikipedia.org/wiki/Taraknath_Temple,https://en.wikipedia.org/wiki/Taraknath_Temple,en.wikipedia.org
Tarakeswar,https://en.wikipedia.org/wiki/Tarakeswar,https://en.wikipedia.org/wiki/Tarakeswar,en.wikipedia.org
Tarapith Temple,https://en.wikipedia.org/wiki/Tarapith_Temple,https://en.wikipedia.org/wiki/Tarapith_Temple,en.wikipedia.org
Birbhum,https://en.wikipedia.org/wiki/Birbhum,https://en.wikipedia.org/wiki/Birbhum,en.wikipedia.org
Thanthania Kalibari,https://en.wikipedia.org/wiki/Thanthania_Kalibari,https://en.wikipedia.org/wiki/Thanthania_Kalibari,en.wikipedia.org
Kolkata,https://en.wikipedia.org/wiki/Kolkata,https://en.wikipedia.org/wiki/Kolkata,en.wikipedia.org
Tridhara Milan Mandir,https://en.wikipedia.org/wiki/Tridhara_Milan_Mandir,https://en.wikipedia.org/wiki/Tridhara_Milan_Mandir,en.wikipedia.org
Panchmura,https://en.wikipedia.org/wiki/Panchmura,https://en.wikipedia.org/wiki/Panchmura,en.wikipedia.org
edit,/w/index.php?title=List_of_Hindu_temples_in_India&action=edit&section=32,https://en.wikipedia.org/w/index.php?title=List_of_Hindu_temples_in_India&action=edit&section=32,en.wikipedia.org
Lists of Hindu temples,https://en.wikipedia.org/wiki/Lists_of_Hindu_temples,https://en.wikipedia.org/wiki/Lists_of_Hindu_temples,en.wikipedia.org
edit,/w/index.php?title=List_of_Hindu_temples_in_India&action=edit&section=33,https://en.wikipedia.org/w/index.php?title=List_of_Hindu_temples_in_India&action=edit&section=33,en.wikipedia.org
↑,#cite_ref-1,https://en.wikipedia.org/wiki/List_of_Hindu_temples_in_India#cite_ref-1,en.wikipedia.org
"""India's richest temple trust plans Tirupati temples in all states""",https://timesofindia.indiatimes.com/india/indias-richest-temple-trust-plans-tirupati-temples-in-all-states/articleshow/101247038.cms?from=mdr,https://timesofindia.indiatimes.com/india/indias-richest-temple-trust-plans-tirupati-temples-in-all-states/articleshow/101247038.cms?from=mdr,timesofindia.indiatimes.com
Times of India,https://en.wikipedia.org/wiki/Times_of_India,https://en.wikipedia.org/wiki/Times_of_India,en.wikipedia.org
↑,#cite_ref-2,https://en.wikipedia.org/wiki/List_of_Hindu_temples_in_India#cite_ref-2,en.wikipedia.org
History and Culture of Himalayan States,https://books.google.com/books?id=q7y1AAAAIAAJ&q=Bhagwan-Narainji,https://books.google.com/books?id=q7y1AAAAIAAJ&q=Bhagwan-Narainji,books.google.com
ISBN,https://en.wikipedia.org/wiki/ISBN_(identifier),https://en.wikipedia.org/wiki/ISBN_(identifier),en.wikipedia.org
978-93-81218-51-8,https://en.wikipedia.org/wiki/Special:BookSources/978-93-81218-51-8,https://en.wikipedia.org/wiki/Special:BookSources/978-93-81218-51-8,en.wikipedia.org
edit,/w/index.php?title=List_of_Hindu_temples_in_India&action=edit&section=34,https://en.wikipedia.org/w/index.php?title=List_of_Hindu_temples_in_India&action=edit&section=34,en.wikipedia.org
,https://en.wikipedia.org/wiki/File:Commons-logo.svg,https://en.wikipedia.org/wiki/File:Commons-logo.svg,en.wikipedia.org
Hindu temples in India,https://commons.wikimedia.org/wiki/Category:Hindu%20temples%20in%20India,https://commons.wikimedia.org/wiki/Category:Hindu%20temples%20in%20India,commons.wikimedia.org
v,https://en.wikipedia.org/wiki/Template:Asia_topic,https://en.wikipedia.org/wiki/Template:Asia_topic,en.wikipedia.org
t,https://en.wikipedia.org/wiki/Template_talk:Asia_topic,https://en.wikipedia.org/wiki/Template_talk:Asia_topic,en.wikipedia.org
e,https://en.wikipedia.org/wiki/Special:EditPage/Template:Asia_topic,https://en.wikipedia.org/wiki/Special:EditPage/Template:Asia_topic,en.wikipedia.org
Sovereign states,https://en.wikipedia.org/wiki/List_of_sovereign_states,https://en.wikipedia.org/wiki/List_of_sovereign_states,en.wikipedia.org
Afghanistan,https://en.wikipedia.org/wiki/List_of_Hindu_temples_in_Afghanistan,https://en.wikipedia.org/wiki/List_of_Hindu_temples_in_Afghanistan,en.wikipedia.org
Armenia,https://en.wikipedia.org/wiki/List_of_Hindu_temples_in_Armenia?action=edit&redlink=1,https://en.wikipedia.org/wiki/List_of_Hindu_temples_in_Armenia?action=edit&redlink=1,en.wikipedia.org
Azerbaijan,https://en.wikipedia.org/wiki/List_of_Hindu_temples_in_Azerbaijan?action=edit&redlink=1,https://en.wikipedia.org/wiki/List_of_Hindu_temples_in_Azerbaijan?action=edit&redlink=1,en.wikipedia.org
Bahrain,https://en.wikipedia.org/wiki/List_of_Hindu_temples_in_Bahrain?action=edit&redlink=1,https://en.wikipedia.org/wiki/List_of_Hindu_temples_in_Bahrain?action=edit&redlink=1,en.wikipedia.org
Bangladesh,https://en.wikipedia.org/wiki/List_of_Hindu_temples_in_Bangladesh,https://en.wikipedia.org/wiki/List_of_Hindu_temples_in_Bangladesh,en.wikipedia.org
Bhutan,https://en.wikipedia.org/wiki/List_of_Hindu_temples_in_Bhutan?action=edit&redlink=1,https://en.wikipedia.org/wiki/List_of_Hindu_temples_in_Bhutan?action=edit&redlink=1,en.wikipedia.org
Brunei,https://en.wikipedia.org/wiki/List_of_Hindu_temples_in_Brunei?action=edit&redlink=1,https://en.wikipedia.org/wiki/List_of_Hindu_temples_in_Brunei?action=edit&redlink=1,en.wikipedia.org
Cambodia,https://en.wikipedia.org/wiki/List_of_Hindu_temples_in_Cambodia,https://en.wikipedia.org/wiki/List_of_Hindu_temples_in_Cambodia,en.wikipedia.org
China,https://en.wikipedia.org/wiki/List_of_Hindu_temples_in_China?action=edit&redlink=1,https://en.wikipedia.org/wiki/List_of_Hindu_temples_in_China?action=edit&redlink=1,en.wikipedia.org
Cyprus,https://en.wikipedia.org/wiki/List_of_Hindu_temples_in_Cyprus?action=edit&redlink=1,https://en.wikipedia.org/wiki/List_of_Hindu_temples_in_Cyprus?action=edit&redlink=1,en.wikipedia.org
Egypt,https://en.wikipedia.org/wiki/List_of_Hindu_temples_in_Egypt?action=edit&redlink=1,https://en.wikipedia.org/wiki/List_of_Hindu_temples_in_Egypt?action=edit&redlink=1,en.wikipedia.org
Georgia,https://en.wikipedia.org/wiki/List_of_Hindu_temples_in_Georgia_(country)?action=edit&redlink=1,https://en.wikipedia.org/wiki/List_of_Hindu_temples_in_Georgia_(country)?action=edit&redlink=1,en.wikipedia.org
India,https://en.wikipedia.org/wiki/List_of_Hindu_temples_in_India,https://en.wikipedia.org/wiki/List_of_Hindu_temples_in_India,en.wikipedia.org
Indonesia,https://en.wikipedia.org/wiki/List_of_Hindu_temples_in_Indonesia,https://en.wikipedia.org/wiki/List_of_Hindu_temples_in_Indonesia,en.wikipedia.org
Iran,https://en.wikipedia.org/wiki/List_of_Hindu_temples_in_Iran?action=edit&redlink=1,https://en.wikipedia.org/wiki/List_of_Hindu_temples_in_Iran?action=edit&redlink=1,en.wikipedia.org
Iraq,https://en.wikipedia.org/wiki/List_of_Hindu_temples_in_Iraq?action=edit&redlink=1,https://en.wikipedia.org/wiki/List_of_Hindu_temples_in_Iraq?action=edit&redlink=1,en.wikipedia.org
Israel,https://en.wikipedia.org/wiki/List_of_Hindu_temples_in_Israel?action=edit&redlink=1,https://en.wikipedia.org/wiki/List_of_Hindu_temples_in_Israel?action=edit&redlink=1,en.wikipedia.org
Japan,https://en.wikipedia.org/wiki/List_of_Hindu_temples_in_Japan?action=edit&redlink=1,https://en.wikipedia.org/wiki/List_of_Hindu_temples_in_Japan?action=edit&redlink=1,en.wikipedia.org
Jordan,https://en.wikipedia.org/wiki/List_of_Hindu_temples_in_Jordan?action=edit&redlink=1,https://en.wikipedia.org/wiki/List_of_Hindu_temples_in_Jordan?action=edit&redlink=1,en.wikipedia.org
Kazakhstan,https://en.wikipedia.org/wiki/List_of_Hindu_temples_in_Kazakhstan?action=edit&redlink=1,https://en.wikipedia.org/wiki/List_of_Hindu_temples_in_Kazakhstan?action=edit&redlink=1,en.wikipedia.org
North Korea,https://en.wikipedia.org/wiki/List_of_Hindu_temples_in_North_Korea?action=edit&redlink=1,https://en.wikipedia.org/wiki/List_of_Hindu_temples_in_North_Korea?action=edit&redlink=1,en.wikipedia.org
South Korea,https://en.wikipedia.org/wiki/List_of_Hindu_temples_in_South_Korea,https://en.wikipedia.org/wiki/List_of_Hindu_temples_in_South_Korea,en.wikipedia.org
Kuwait,https://en.wikipedia.org/wiki/List_of_Hindu_temples_in_Kuwait?action=edit&redlink=1,https://en.wikipedia.org/wiki/List_of_Hindu_temples_in_Kuwait?action=edit&redlink=1,en.wikipedia.org
Kyrgyzstan,https://en.wikipedia.org/wiki/List_of_Hindu_temples_in_Kyrgyzstan?action=edit&redlink=1,https://en.wikipedia.org/wiki/List_of_Hindu_temples_in_Kyrgyzstan?action=edit&redlink=1,en.wikipedia.org
Laos,https://en.wikipedia.org/wiki/List_of_Hindu_temples_in_Laos?action=edit&redlink=1,https://en.wikipedia.org/wiki/List_of_Hindu_temples_in_Laos?action=edit&redlink=1,en.wikipedia.org
Lebanon,https://en.wikipedia.org/wiki/List_of_Hindu_temples_in_Lebanon?action=edit&redlink=1,https://en.wikipedia.org/wiki/List_of_Hindu_temples_in_Lebanon?action=edit&redlink=1,en.wikipedia.org
Malaysia,https://en.wikipedia.org/wiki/List_of_Hindu_temples_in_Malaysia,https://en.wikipedia.org/wiki/List_of_Hindu_temples_in_Malaysia,en.wikipedia.org
Maldives,https://en.wikipedia.org/wiki/List_of_Hindu_temples_in_the_Maldives?action=edit&redlink=1,https://en.wikipedia.org/wiki/List_of_Hindu_temples_in_the_Maldives?action=edit&redlink=1,en.wikipedia.org
Mongolia,https://en.wikipedia.org/wiki/List_of_Hindu_temples_in_Mongolia?action=edit&redlink=1,https://en.wikipedia.org/wiki/List_of_Hindu_temples_in_Mongolia?action=edit&redlink=1,en.wikipedia.org
Myanmar,https://en.wikipedia.org/wiki/List_of_Hindu_temples_in_Myanmar,https://en.wikipedia.org/wiki/List_of_Hindu_temples_in_Myanmar,en.wikipedia.org
Nepal,https://en.wikipedia.org/wiki/List_of_Hindu_temples_in_Nepal,https://en.wikipedia.org/wiki/List_of_Hindu_temples_in_Nepal,en.wikipedia.org
Oman,https://en.wikipedia.org/wiki/List_of_Hindu_temples_in_Oman?action=edit&redlink=1,https://en.wikipedia.org/wiki/List_of_Hindu_temples_in_Oman?action=edit&redlink=1,en.wikipedia.org
Pakistan,https://en.wikipedia.org/wiki/List_of_Hindu_temples_in_Pakistan,https://en.wikipedia.org/wiki/List_of_Hindu_temples_in_Pakistan,en.wikipedia.org
Palestine,https://en.wikipedia.org/wiki/List_of_Hindu_temples_in_Palestine?action=edit&redlink=1,https://en.wikipedia.org/wiki/List_of_Hindu_temples_in_Palestine?action=edit&redlink=1,en.wikipedia.org
Philippines,https://en.wikipedia.org/wiki/List_of_Hindu_temples_in_the_Philippines?action=edit&redlink=1,https://en.wikipedia.org/wiki/List_of_Hindu_temples_in_the_Philippines?action=edit&redlink=1,en.wikipedia.org
Qatar,https://en.wikipedia.org/wiki/List_of_Hindu_temples_in_Qatar?action=edit&redlink=1,https://en.wikipedia.org/wiki/List_of_Hindu_temples_in_Qatar?action=edit&redlink=1,en.wikipedia.org
Russia,https://en.wikipedia.org/wiki/List_of_Hindu_temples_in_Russia?action=edit&redlink=1,https://en.wikipedia.org/wiki/List_of_Hindu_temples_in_Russia?action=edit&redlink=1,en.wikipedia.org
Saudi Arabia,https://en.wikipedia.org/wiki/List_of_Hindu_temples_in_Saudi_Arabia?action=edit&redlink=1,https://en.wikipedia.org/wiki/List_of_Hindu_temples_in_Saudi_Arabia?action=edit&redlink=1,en.wikipedia.org
Singapore,https://en.wikipedia.org/wiki/List_of_Hindu_temples_in_Singapore,https://en.wikipedia.org/wiki/List_of_Hindu_temples_in_Singapore,en.wikipedia.org
Sri Lanka,https://en.wikipedia.org/wiki/List_of_Hindu_temples_in_Sri_Lanka,https://en.wikipedia.org/wiki/List_of_Hindu_temples_in_Sri_Lanka,en.wikipedia.org
Syria,https://en.wikipedia.org/wiki/List_of_Hindu_temples_in_Syria?action=edit&redlink=1,https://en.wikipedia.org/wiki/List_of_Hindu_temples_in_Syria?action=edit&redlink=1,en.wikipedia.org
Tajikistan,https://en.wikipedia.org/wiki/List_of_Hindu_temples_in_Tajikistan?action=edit&redlink=1,https://en.wikipedia.org/wiki/List_of_Hindu_temples_in_Tajikistan?action=edit&redlink=1,en.wikipedia.org
Thailand,https://en.wikipedia.org/wiki/List_of_Hindu_temples_in_Thailand,https://en.wikipedia.org/wiki/List_of_Hindu_temples_in_Thailand,en.wikipedia.org
Timor-Leste (East Timor),https://en.wikipedia.org/wiki/List_of_Hindu_temples_in_Timor-Leste?action=edit&redlink=1,https://en.wikipedia.org/wiki/List_of_Hindu_temples_in_Timor-Leste?action=edit&redlink=1,en.wikipedia.org
Turkey,https://en.wikipedia.org/wiki/List_of_Hindu_temples_in_Turkey?action=edit&redlink=1,https://en.wikipedia.org/wiki/List_of_Hindu_temples_in_Turkey?action=edit&redlink=1,en.wikipedia.org
Turkmenistan,https://en.wikipedia.org/wiki/List_of_Hindu_temples_in_Turkmenistan?action=edit&redlink=1,https://en.wikipedia.org/wiki/List_of_Hindu_temples_in_Turkmenistan?action=edit&redlink=1,en.wikipedia.org
United Arab Emirates,https://en.wikipedia.org/wiki/List_of_Hindu_temples_in_the_United_Arab_Emirates?action=edit&redlink=1,https://en.wikipedia.org/wiki/List_of_Hindu_temples_in_the_United_Arab_Emirates?action=edit&redlink=1,en.wikipedia.org
Uzbekistan,https://en.wikipedia.org/wiki/List_of_Hindu_temples_in_Uzbekistan?action=edit&redlink=1,https://en.wikipedia.org/wiki/List_of_Hindu_temples_in_Uzbekistan?action=edit&redlink=1,en.wikipedia.org
Vietnam,https://en.wikipedia.org/wiki/List_of_Hindu_temples_in_Vietnam?action=edit&redlink=1,https://en.wikipedia.org/wiki/List_of_Hindu_temples_in_Vietnam?action=edit&redlink=1,en.wikipedia.org
Yemen,https://en.wikipedia.org/wiki/List_of_Hindu_temples_in_Yemen?action=edit&redlink=1,https://en.wikipedia.org/wiki/List_of_Hindu_temples_in_Yemen?action=edit&redlink=1,en.wikipedia.org
States withlimited recognition,https://en.wikipedia.org/wiki/List_of_states_with_limited_recognition,https://en.wikipedia.org/wiki/List_of_states_with_limited_recognition,en.wikipedia.org
Abkhazia,https://en.wikipedia.org/wiki/List_of_Hindu_temples_in_Abkhazia?action=edit&redlink=1,https://en.wikipedia.org/wiki/List_of_Hindu_temples_in_Abkhazia?action=edit&redlink=1,en.wikipedia.org
Northern Cyprus,https://en.wikipedia.org/wiki/List_of_Hindu_temples_in_Northern_Cyprus?action=edit&redlink=1,https://en.wikipedia.org/wiki/List_of_Hindu_temples_in_Northern_Cyprus?action=edit&redlink=1,en.wikipedia.org
South Ossetia,https://en.wikipedia.org/wiki/List_of_Hindu_temples_in_South_Ossetia?action=edit&redlink=1,https://en.wikipedia.org/wiki/List_of_Hindu_temples_in_South_Ossetia?action=edit&redlink=1,en.wikipedia.org
Taiwan,https://en.wikipedia.org/wiki/List_of_Hindu_temples_in_Taiwan?action=edit&redlink=1,https://en.wikipedia.org/wiki/List_of_Hindu_temples_in_Taiwan?action=edit&redlink=1,en.wikipedia.org
Dependencies,https://en.wikipedia.org/wiki/Dependent_territory,https://en.wikipedia.org/wiki/Dependent_territory,en.wikipedia.org
British Indian Ocean Territory,https://en.wikipedia.org/wiki/List_of_Hindu_temples_in_the_British_Indian_Ocean_Territory?action=edit&redlink=1,https://en.wikipedia.org/wiki/List_of_Hindu_temples_in_the_British_Indian_Ocean_Territory?action=edit&redlink=1,en.wikipedia.org
Christmas Island,https://en.wikipedia.org/wiki/List_of_Hindu_temples_in_Christmas_Island?action=edit&redlink=1,https://en.wikipedia.org/wiki/List_of_Hindu_temples_in_Christmas_Island?action=edit&redlink=1,en.wikipedia.org
Cocos (Keeling) Islands,https://en.wikipedia.org/wiki/List_of_Hindu_temples_in_the_Cocos_(Keeling)_Islands?action=edit&redlink=1,https://en.wikipedia.org/wiki/List_of_Hindu_temples_in_the_Cocos_(Keeling)_Islands?action=edit&redlink=1,en.wikipedia.org
Hong Kong,https://en.wikipedia.org/wiki/List_of_Hindu_temples_in_Hong_Kong?action=edit&redlink=1,https://en.wikipedia.org/wiki/List_of_Hindu_temples_in_Hong_Kong?action=edit&redlink=1,en.wikipedia.org
Macau,https://en.wikipedia.org/wiki/List_of_Hindu_temples_in_Macau?action=edit&redlink=1,https://en.wikipedia.org/wiki/List_of_Hindu_temples_in_Macau?action=edit&redlink=1,en.wikipedia.org
Category,https://en.wikipedia.org/wiki/Category:Asia,https://en.wikipedia.org/wiki/Category:Asia,en.wikipedia.org
,https://en.wikipedia.org/wiki/File:Symbol_portal_class.svg,https://en.wikipedia.org/wiki/File:Symbol_portal_class.svg,en.wikipedia.org
Asia portal,https://en.wikipedia.org/wiki/Portal:Asia,https://en.wikipedia.org/wiki/Portal:Asia,en.wikipedia.org
,https://en.wikipedia.org/wiki/File:DAB_list_gray.svg,https://en.wikipedia.org/wiki/File:DAB_list_gray.svg,en.wikipedia.org
list of lists,https://en.wikipedia.org/wiki/Wikipedia:Lists_of_lists,https://en.wikipedia.org/wiki/Wikipedia:Lists_of_lists,en.wikipedia.org
https://en.wikipedia.org/w/index.php?title=List_of_Hindu_temples_in_India&oldid=1368494211,https://en.wikipedia.org/w/index.php?title=List_of_Hindu_temples_in_India&oldid=1368494211,https://en.wikipedia.org/w/index.php?title=List_of_Hindu_temples_in_India&oldid=1368494211,en.wikipedia.org
Categories,/wiki/Help:Category,https://en.wikipedia.org/wiki/Help:Category,en.wikipedia.org
Lists of religious building lists,/wiki/Category:Lists_of_religious_building_lists,https://en.wikipedia.org/wiki/Category:Lists_of_religious_building_lists,en.wikipedia.org
Lists of Hindu temples in India,/wiki/Category:Lists_of_Hindu_temples_in_India,https://en.wikipedia.org/wiki/Category:Lists_of_Hindu_temples_in_India,en.wikipedia.org
Lists of religious buildings and structures in India,/wiki/Category:Lists_of_religious_buildings_and_structures_in_India,https://en.wikipedia.org/wiki/Category:Lists_of_religious_buildings_and_structures_in_India,en.wikipedia.org
Articles with short description,/wiki/Category:Articles_with_short_description,https://en.wikipedia.org/wiki/Category:Articles_with_short_description,en.wikipedia.org
Short description is different from Wikidata,/wiki/Category:Short_description_is_different_from_Wikidata,https://en.wikipedia.org/wiki/Category:Short_description_is_different_from_Wikidata,en.wikipedia.org
All articles with unsourced statements,/wiki/Category:All_articles_with_unsourced_statements,https://en.wikipedia.org/wiki/Category:All_articles_with_unsourced_statements,en.wikipedia.org
Articles with unsourced statements from January 2024,/wiki/Category:Articles_with_unsourced_statements_from_January_2024,https://en.wikipedia.org/wiki/Category:Articles_with_unsourced_statements_from_January_2024,en.wikipedia.org
Lists of lists with listcat specified,/wiki/Category:Lists_of_lists_with_listcat_specified,https://en.wikipedia.org/wiki/Category:Lists_of_lists_with_listcat_specified,en.wikipedia.org
Parsoid,https://www.mediawiki.org/wiki/Special:MyLanguage/Parsoid,https://www.mediawiki.org/wiki/Special:MyLanguage/Parsoid,www.mediawiki.org
Creative Commons Attribution-ShareAlike 4.0 License,/wiki/Wikipedia:Text_of_the_Creative_Commons_Attribution-ShareAlike_4.0_International_License,https://en.wikipedia.org/wiki/Wikipedia:Text_of_the_Creative_Commons_Attribution-ShareAlike_4.0_International_License,en.wikipedia.org
Terms of Use,https://foundation.wikimedia.org/wiki/Special:MyLanguage/Policy:Terms_of_Use,https://foundation.wikimedia.org/wiki/Special:MyLanguage/Policy:Terms_of_Use,foundation.wikimedia.org
Privacy Policy,https://foundation.wikimedia.org/wiki/Special:MyLanguage/Policy:Privacy_policy,https://foundation.wikimedia.org/wiki/Special:MyLanguage/Policy:Privacy_policy,foundation.wikimedia.org
"Wikimedia Foundation, Inc.",https://wikimediafoundation.org/,https://wikimediafoundation.org/,wikimediafoundation.org
Privacy policy,https://foundation.wikimedia.org/wiki/Special:MyLanguage/Policy:Privacy_policy,https://foundation.wikimedia.org/wiki/Special:MyLanguage/Policy:Privacy_policy,foundation.wikimedia.org
About Wikipedia,/wiki/Wikipedia:About,https://en.wikipedia.org/wiki/Wikipedia:About,en.wikipedia.org
Disclaimers,/wiki/Wikipedia:General_disclaimer,https://en.wikipedia.org/wiki/Wikipedia:General_disclaimer,en.wikipedia.org
Contact Wikipedia,//en.wikipedia.org/wiki/Wikipedia:Contact_us,https://en.wikipedia.org/wiki/Wikipedia:Contact_us,en.wikipedia.org
Legal & safety contacts,https://foundation.wikimedia.org/wiki/Special:MyLanguage/Legal:Wikimedia_Foundation_Legal_and_Safety_Contact_Information,https://foundation.wikimedia.org/wiki/Special:MyLanguage/Legal:Wikimedia_Foundation_Legal_and_Safety_Contact_Information,foundation.wikimedia.org
Code of Conduct,https://foundation.wikimedia.org/wiki/Special:MyLanguage/Policy:Universal_Code_of_Conduct,https://foundation.wikimedia.org/wiki/Special:MyLanguage/Policy:Universal_Code_of_Conduct,foundation.wikimedia.org
Developers,https://developer.wikimedia.org,https://developer.wikimedia.org,developer.wikimedia.org
Statistics,https://stats.wikimedia.org/#/en.wikipedia.org,https://stats.wikimedia.org/#/en.wikipedia.org,stats.wikimedia.org
Cookie statement,https://foundation.wikimedia.org/wiki/Special:MyLanguage/Policy:Cookie_statement,https://foundation.wikimedia.org/wiki/Special:MyLanguage/Policy:Cookie_statement,foundation.wikimedia.org
Mobile view,//en.wikipedia.org/w/index.php?title=List_of_Hindu_temples_in_India&mobileaction=toggle_view_mobile,https://en.wikipedia.org/w/index.php?title=List_of_Hindu_temples_in_India&mobileaction=toggle_view_mobile,en.wikipedia.org
,https://www.wikimedia.org/,https://www.wikimedia.org/,www.wikimedia.org
,https://www.mediawiki.org/,https://www.mediawiki.org/,www.mediawiki.org
,#,https://en.wikipedia.org/wiki/List_of_Hindu_temples_in_India,en.wikipedia.org
,#,https://en.wikipedia.org/wiki/List_of_Hindu_temples_in_India,en.wikipedia.org
,#,https://en.wikipedia.org/wiki/List_of_Hindu_temples_in_India,en.wikipedia.org
,#,https://en.wikipedia.org/wiki/List_of_Hindu_temples_in_India,en.wikipedia.org
,#,https://en.wikipedia.org/wiki/List_of_Hindu_temples_in_India,en.wikipedia.org
,#,https://en.wikipedia.org/wiki/List_of_Hindu_temples_in_India,en.wikipedia.org
,#,https://en.wikipedia.org/wiki/List_of_Hindu_temples_in_India,en.wikipedia.org
Add topic,#,https://en.wikipedia.org/wiki/List_of_Hindu_temples_in_India,en.wikipedia.org
