id,name,name,name
1,Amareswara Swamy Temple,Amaravati,Andhra Pradesh
2,Sri Lakshmi Narasimha Swamy Temple,Amaravati,Andhra Pradesh
3,Diguva Mangalagiri Lakshmi Narasimha Swamy Temple,Amaravati,Andhra Pradesh
4,Chaturmukha Brahma Temple,Amaravati,Andhra Pradesh
5,Sri Venkateswara Swamy Temple,Amaravati,Andhra Pradesh
6,Simhachalam Temple,Visakhapatnam,Andhra Pradesh
7,ISKCON Temple,Visakhapatnam,Andhra Pradesh
8,Kali Temple,Visakhapatnam,Andhra Pradesh
9,Sri Venkateswara Swamy Temple,Visakhapatnam,Andhra Pradesh
11,Kanaka Durga Temple,Vijayawada,Andhra Pradesh
12,Subramanya Swamy Temple,Vijayawada,Andhra Pradesh
13,Sri Mangalagiri Lakshmi Narasimha Swamy Temple,Vijayawada,Andhra Pradesh
14,Sri Ramalingeswara Swamy Vari Devasthanam,Vijayawada,Andhra Pradesh
15,Paritala Anjaneya Temple,Vijayawada,Andhra Pradesh
16,Sri Venkateswara Temple,Tirupati,Andhra Pradesh
18,Sri Padmavathi Ammavari Temple,Tirupati,Andhra Pradesh
19,Sri Govindaraja Swamy Temple,Tirupati,Andhra Pradesh
20,Sri Varahaswami Temple,Tirupati,Andhra Pradesh
21,Sri Panakala Lakshmi Narasimha Swamy Temple,Guntur,Andhra Pradesh
23,Sri Amaralingeswara Swamy Temple,Guntur,Andhra Pradesh
24,Uppalapadu Bird Sanctuary Temple,Guntur,Andhra Pradesh
25,Sri Bhavanaranya Swamy Temple,Guntur,Andhra Pradesh
26,Sri Ranganathaswamy Temple,Nellore,Andhra Pradesh
27,Jonnawada Kamakshi Tai Temple,Nellore,Andhra Pradesh
28,"Narasimhaswamy Temple, Penchalakona",Nellore,Andhra Pradesh
29,"Sri Venugopala Swamy Temple, Moolapet",Nellore,Andhra Pradesh
30,"Mallikarjuna Swamy Kamakshi Tai Temple, Nellore",Nellore,Andhra Pradesh
31,Kotilingeshwara Temple,Rajahmundry,Andhra Pradesh
32,ISKCON Rajahmundry,Rajahmundry,Andhra Pradesh
34,Sri Uma Markandeyeswara Swamy Temple,Rajahmundry,Andhra Pradesh
35,Sri Uma Ramalingeswara Swamy Vari Devasthanam,Rajahmundry,Andhra Pradesh
36,Srisailam Mallikarjuna Temple,Kurnool,Andhra Pradesh
37,Ahobilam Temple,Kurnool,Andhra Pradesh
38,Mantralayam Raghavendra Swamy Temple,Kurnool,Andhra Pradesh
39,Yaganti Temple,Kurnool,Andhra Pradesh
40,Mahanandi Temple,Kurnool,Andhra Pradesh
41,Lepakshi Temple,Anantapur,Andhra Pradesh
42,Sri Ranganatha Swamy Temple,Anantapur,Andhra Pradesh
43,Bugga Ramalingeswara Swamy Temple,Anantapur,Andhra Pradesh
44,Kasapuram Nettikanti Anjaneya Swamy Temple,Anantapur,Andhra Pradesh
45,Thimmamma Marrimanu,Anantapur,Andhra Pradesh
46,Ganga Lake Temple,Itanagar,Arunachal Pradesh
47,Buddha Vihar,Itanagar,Arunachal Pradesh
48,Gompa Buddhist Temple,Itanagar,Arunachal Pradesh
49,Ramakrishna Mission Temple,Itanagar,Arunachal Pradesh
50,Indira Gandhi Park Temple,Itanagar,Arunachal Pradesh
51,Ganga Mata Mandir,Naharlagun,Arunachal Pradesh
52,Shiv Mandir,Naharlagun,Arunachal Pradesh
53,Hanuman Mandir,Naharlagun,Arunachal Pradesh
54,Durga Mandir,Naharlagun,Arunachal Pradesh
55,Kali Mandir,Naharlagun,Arunachal Pradesh
56,Sri Krishna Mandir,Pasighat,Arunachal Pradesh
57,Donyi Polo Mandir,Pasighat,Arunachal Pradesh
58,Ganga Mandir,Pasighat,Arunachal Pradesh
59,Shiva Mandir,Pasighat,Arunachal Pradesh
60,Radha Krishna Mandir,Pasighat,Arunachal Pradesh
61,Golden Pagoda,Tezu,Arunachal Pradesh
62,Parasuram Kund,Tezu,Arunachal Pradesh
63,Mali Duniya Temple,Tezu,Arunachal Pradesh
64,Tamla-Du Buddhist Temple,Tezu,Arunachal Pradesh
65,Chongkham Buddhist Temple,Tezu,Arunachal Pradesh
66,Bomdila Monastery,Bomdila,Arunachal Pradesh
67,Lower Gompa,Bomdila,Arunachal Pradesh
68,Upper Gompa,Bomdila,Arunachal Pradesh
69,Middle Gompa,Bomdila,Arunachal Pradesh
70,Rupa Monastery,Bomdila,Arunachal Pradesh
71,Shiva Linga Temple,Ziro,Arunachal Pradesh
73,Siddheshwar Nath Temple,Ziro,Arunachal Pradesh
74,Bhismaknagar Fort Temple,Roing,Arunachal Pradesh
75,Rukmini Nati,Roing,Arunachal Pradesh
76,Mehao Temple,Roing,Arunachal Pradesh
77,Iphipani Ghat Temple,Roing,Arunachal Pradesh
78,Parashuram Kund,Roing,Arunachal Pradesh
82,Basistha Temple,Guwahati,Assam
83,Pandu Temple,Guwahati,Assam
84,Basistha Temple,Dispur,Assam
87,Navagraha Temple,Dispur,Assam
88,Aswaklanta Temple,Dispur,Assam
89,Sri Kancha Kanti Devi Temple,Silchar,Assam
90,ISKCON Silchar,Silchar,Assam
91,Bhairab Bari Temple,Silchar,Assam
92,"Ramakrishna Mission, Silchar",Silchar,Assam
93,"Shani Mandir, Silchar",Silchar,Assam
94,Barpeta Satra,Barpeta,Assam
95,Ganakkuchi Satra,Barpeta,Assam
97,Patbaushi Satra,Barpeta,Assam
98,Bajali Satra,Barpeta,Assam
99,Haigriv Madhav Mandir,Nagaon,Assam
100,Bordowa Satra,Nagaon,Assam
101,Ketakeshwar Dewal,Nagaon,Assam
102,"Kali Temple, Hatibandha",Nagaon,Assam
103,Sitalabari Temple,Nagaon,Assam
104,Tilinga Mandir,Tinsukia,Assam
106,Sri Jagannath Temple,Tinsukia,Assam
107,Bhimeswar Dham,Tinsukia,Assam
108,Sri Lakshmi Narayan Temple,Tinsukia,Assam
109,Radha Krishna Temple,Dibrugarh,Assam
110,Jagannath Temple,Dibrugarh,Assam
111,Hanuman Temple,Dibrugarh,Assam
112,Mahakali Temple,Dibrugarh,Assam
113,Shiv Mandir,Dibrugarh,Assam
114,Shanti Ashram,Jorhat,Assam
115,Sri Sri Auniati Satra,Jorhat,Assam
117,Garh Ali Satra,Jorhat,Assam
118,Thengal Bhawan,Jorhat,Assam
119,Agnigarh Hill Temple,Sonitpur,Assam
120,Bhairabi Temple,Sonitpur,Assam
122,Rudrapad Temple,Sonitpur,Assam
123,Nag-Sankar Temple,Sonitpur,Assam
126,Badi Patan Devi Temple,Patna,Bihar
127,ISKCON Temple Patna,Patna,Bihar
128,Padri Ki Haveli,Patna,Bihar
133,Pretshila Hill Temples,Gaya,Bihar
134,Kali Bari Temple,Bhagalpur,Bihar
136,Vasupujya Swami Jain Mandir,Bhagalpur,Bihar
137,Shitla Sthan Temple,Bhagalpur,Bihar
138,Mandar Hill Temple,Bhagalpur,Bihar
139,Garib Sthan Mandir,Muzaffarpur,Bihar
140,Ramna Devi Mandir,Muzaffarpur,Bihar
141,Jubba Sahni Hanuman Mandir,Muzaffarpur,Bihar
142,Baba Garib Nath Temple,Muzaffarpur,Bihar
143,Chaturbhuj Sthan Temple,Muzaffarpur,Bihar
144,Shyama Kali Temple,Darbhanga,Bihar
145,Ahilya Sthan,Darbhanga,Bihar
146,Kankali Temple,Darbhanga,Bihar
147,Maa Raj Rajeshwari Temple,Darbhanga,Bihar
148,Gaurishankar Temple,Darbhanga,Bihar
149,Kali Mandir,Purnia,Bihar
150,Shiv Mandir,Purnia,Bihar
151,Hanuman Mandir,Purnia,Bihar
152,Durga Mandir,Purnia,Bihar
153,Vishnu Mandir,Purnia,Bihar
155,Maharaja Temple,Arrah,Bihar
156,Chaturvuj Narayan Mandir,Arrah,Bihar
157,Veer Kunwar Singh Temple,Arrah,Bihar
158,"Shiv Temple, Bihia",Arrah,Bihar
159,Someshwar Nath Mahadev Temple,Motihari,Bihar
160,Radha Krishna Mandir,Motihari,Bihar
161,Durga Mandir,Motihari,Bihar
162,Hanuman Mandir,Motihari,Bihar
163,Kali Mandir,Motihari,Bihar
164,Maharajganj Temple,Siwan,Bihar
165,Durga Mandir,Siwan,Bihar
166,Hanuman Mandir,Siwan,Bihar
167,Ram Janki Mandir,Siwan,Bihar
168,Kali Mandir,Siwan,Bihar
169,Uchaitha Bhagwati Temple,Madhubani,Bihar
170,Kapileshwar Temple,Madhubani,Bihar
171,Saurath Sabha Gachhi,Madhubani,Bihar
172,Ugna Mahadev Temple,Madhubani,Bihar
173,Jaleshwar Temple,Madhubani,Bihar
174,Mahant Ghasidas Memorial Museum Temple,Raipur,Chhattisgarh
175,Dudhadhari Math Temple,Raipur,Chhattisgarh
176,Mahadev Ghat Temple,Raipur,Chhattisgarh
178,Hatkeshwar Mahadev Mandir,Raipur,Chhattisgarh
179,Maitri Bagh Temple,Bhilai,Chhattisgarh
180,Jagannath Temple,Bhilai,Chhattisgarh
181,Shiv Mandir Maroda,Bhilai,Chhattisgarh
182,Gayatri Mandir,Bhilai,Chhattisgarh
183,Durg Devi Temple,Bhilai,Chhattisgarh
184,Maitri Bagh Temple,Durg,Chhattisgarh
185,Bhilai Mata Temple,Durg,Chhattisgarh
186,Ganga Maiya Temple,Durg,Chhattisgarh
187,Bhoramdeo Temple,Durg,Chhattisgarh
188,Danteshwari Temple,Durg,Chhattisgarh
189,Ratanpur Mahamaya Temple,Bilaspur,Chhattisgarh
190,Deorani-Jethani Temple,Bilaspur,Chhattisgarh
191,Baba Bairavnath Temple,Bilaspur,Chhattisgarh
192,Khutaghat Dam Temple,Bilaspur,Chhattisgarh
193,Mahalaxmi Temple,Bilaspur,Chhattisgarh
194,Dongargarh Bambleshwari Temple,Rajnandgaon,Chhattisgarh
195,Maa Sheetla Devi Temple,Rajnandgaon,Chhattisgarh
196,Gorakhnath Temple,Rajnandgaon,Chhattisgarh
197,Danteshwari Temple,Rajnandgaon,Chhattisgarh
198,Shiv Mandir,Rajnandgaon,Chhattisgarh
199,Danteshwari Temple,Jagdalpur,Chhattisgarh
200,Maa Pitambara Temple,Jagdalpur,Chhattisgarh
201,Sri Venkateswara Temple,Jagdalpur,Chhattisgarh
202,Hanuman Temple,Jagdalpur,Chhattisgarh
203,Kali Temple,Jagdalpur,Chhattisgarh
204,Shiv Temple,Raigarh,Chhattisgarh
205,Ram Janki Mandir,Raigarh,Chhattisgarh
206,Hanuman Temple,Raigarh,Chhattisgarh
207,Durga Temple,Raigarh,Chhattisgarh
208,Radha Krishna Mandir,Raigarh,Chhattisgarh
209,Bilaspur Devi Temple,Dhamtari,Chhattisgarh
210,Siyadevi Temple,Dhamtari,Chhattisgarh
211,Vishnu Mandir,Dhamtari,Chhattisgarh
212,Mahadev Ghat Temple,Dhamtari,Chhattisgarh
213,Shri Hanuman Temple,Dhamtari,Chhattisgarh
214,Maa Chaiturgarh Temple,Korba,Chhattisgarh
215,Shiv Mandir Pali,Korba,Chhattisgarh
216,Kankeshwari Devi Temple,Korba,Chhattisgarh
217,Bhairav Baba Temple,Korba,Chhattisgarh
218,Gurudwara Korba,Korba,Chhattisgarh
219,Shree Mahalaxmi Temple,Panaji,Goa
220,Shree Shantadurga Temple,Panaji,Goa
221,Shree Mangeshi Temple,Panaji,Goa
222,Shree Saptakoteshwar Temple,Panaji,Goa
223,Shree Ramnath Temple,Panaji,Goa
224,Sancoale Church Ruins,Vasco da Gama,Goa
225,Shree Shantadurga Temple,Vasco da Gama,Goa
226,Shree Damodar Temple,Vasco da Gama,Goa
227,Shree Mahalaxmi Temple,Vasco da Gama,Goa
228,Shree Lakshmi Narasimha Temple,Vasco da Gama,Goa
229,Damodar Temple,Margao,Goa
230,Shri Chandreshwar Temple,Margao,Goa
231,Shree Shantadurga Fatarpekarin Temple,Margao,Goa
232,Shri Damodar Temple,Margao,Goa
233,Shri Mahalakshmi Temple,Margao,Goa
235,Hanuman Temple,Mapusa,Goa
237,Shree Ganesh Mandir,Mapusa,Goa
239,Shri Shantadurga Temple,Ponda,Goa
240,Shri Mahalasa Narayani Temple,Ponda,Goa
241,Shri Mangueshi Temple,Ponda,Goa
242,Shri Nagesh Temple,Ponda,Goa
243,Shri Ramnath Temple,Ponda,Goa
244,Shree Damodar Temple,Sanguem,Goa
245,Bhagwati Temple,Sanguem,Goa
246,Shree Mahadev Temple,Sanguem,Goa
247,Shree Sapta Koteshwar Temple,Sanguem,Goa
248,Shree Chandreshwar Bhutnath Temple,Sanguem,Goa
249,Shree Damodar Temple,Quepem,Goa
250,Shree Chandreshwar Bhutnath Temple,Quepem,Goa
251,Shree Mallikarjun Temple,Quepem,Goa
252,Shree Laxmi Narayan Temple,Quepem,Goa
253,Shree Santeri Temple,Quepem,Goa
255,Shri Sapteshwar Bhagavati Temple,Pernem,Goa
256,Shri Dev Ravalnath Temple,Pernem,Goa
257,Shri Sateri Temple,Pernem,Goa
258,Shri Vetaleshwar Temple,Pernem,Goa
259,Akshardham Temple,Gandhinagar,Gujarat
260,"Hanumanji Temple, Gandhinagar",Gandhinagar,Gujarat
261,Shri Siddhivinayak Devasthan,Gandhinagar,Gujarat
262,"Trimandir, Adalaj",Gandhinagar,Gujarat
263,Mahudi Jain Temple,Gandhinagar,Gujarat
264,Akshardham Temple,Ahmedabad,Gujarat
266,Modhera Sun Temple,Ahmedabad,Gujarat
267,Sarkhej Roza,Ahmedabad,Gujarat
268,Vaishno Devi Temple,Ahmedabad,Gujarat
270,ISKCON Temple,Surat,Gujarat
271,Swaminarayan Temple,Surat,Gujarat
272,Chintamani Jain Temple,Surat,Gujarat
273,Sri Shirdi Sai Baba Temple,Surat,Gujarat
274,Kirti Mandir,Vadodara,Gujarat
275,Eme Temple,Vadodara,Gujarat
276,Nyaya Mandir,Vadodara,Gujarat
277,BAPS Shri Swaminarayan Mandir,Vadodara,Gujarat
278,Sur Sagar Lake Temple,Vadodara,Gujarat
279,ISKCON Temple,Rajkot,Gujarat
280,Swaminarayan Temple,Rajkot,Gujarat
281,Ashapura Mata Temple,Rajkot,Gujarat
282,Rampara Jogni Mata Temple,Rajkot,Gujarat
283,Bala Hanuman Temple,Rajkot,Gujarat
285,Dwarkadhish Temple,Jamnagar,Gujarat
286,Sidhnath Mahadev Temple,Jamnagar,Gujarat
287,Bhujiyo Kotho Temple,Jamnagar,Gujarat
288,Ratan Bai Masjid,Jamnagar,Gujarat
289,Girnar Jain Temples,Junagadh,Gujarat
290,Bhawani Temple,Junagadh,Gujarat
291,Dattatreya Temple,Junagadh,Gujarat
292,Swaminarayan Temple,Junagadh,Gujarat
293,Shri Damodar Temple,Junagadh,Gujarat
294,Takhteshwar Temple,Bhavnagar,Gujarat
296,Khodiyaar Mata Temple,Bhavnagar,Gujarat
297,Vishal Jain Derasar,Bhavnagar,Gujarat
298,Ganga Deri,Bhavnagar,Gujarat
299,BAPS Shri Swaminarayan Mandir,Anand,Gujarat
300,Hanumanji Temple,Anand,Gujarat
301,Ranchhodrai Dakor Temple,Anand,Gujarat
302,Shree Siddhivinayak Temple,Anand,Gujarat
303,Bhadrakali Mata Temple,Anand,Gujarat
304,Shri Ranchhodrai Dakor Temple,Godhra,Gujarat
305,Shri Siddhivinayak Ganapati Temple,Godhra,Gujarat
306,Shri Mahakaleshwar Jyotirlinga,Godhra,Gujarat
307,Shri Swaminarayan Mandir,Godhra,Gujarat
308,Shri Hanumanji Mandir,Godhra,Gujarat
310,ISKCON Temple Chandigarh,Chandigarh,Haryana
312,Chandigarh Kali Bari,Chandigarh,Haryana
313,ISKCON Sri Radha Madhav Temple,Chandigarh,Haryana
315,ISKCON Faridabad,Faridabad,Haryana
316,Hanuman Mandir,Faridabad,Haryana
317,Vaishno Devi Mandir,Faridabad,Haryana
318,Shiv Mandir,Faridabad,Haryana
320,ISKCON Temple,Gurgaon,Haryana
322,"Shiv Mandir, Sector 40",Gurgaon,Haryana
323,"Hanuman Mandir, Civil Lines",Gurgaon,Haryana
324,Agroha Dham,Hisar,Haryana
326,Gurudwara Guru Gobind Singh,Hisar,Haryana
327,Suncity Temple,Hisar,Haryana
328,Jain Mandir,Hisar,Haryana
329,Sheetla Mata Mandir,Rohtak,Haryana
330,Tilyar Lake Temple,Rohtak,Haryana
331,Hanuman Mandir,Rohtak,Haryana
332,Baba Mast Nath Temple,Rohtak,Haryana
334,Devi Temple,Panipat,Haryana
335,Kabuli Bagh Mosque and Tomb,Panipat,Haryana
336,Shri Ram Sharnam,Panipat,Haryana
337,Shree Devi Mandir,Panipat,Haryana
338,Sai Baba Temple,Panipat,Haryana
339,Karneshwar Mahadev Temple,Karnal,Haryana
340,Sheetla Mata Mandir,Karnal,Haryana
341,Durga Bhawani Mandir,Karnal,Haryana
342,Chaitanya Mahaprabhu Mandir,Karnal,Haryana
343,Devi Mandir,Karnal,Haryana
345,Bhawani Amba Temple,Ambala,Haryana
346,Shri Manav Mangal Mandir,Ambala,Haryana
347,Shiv Mandir,Ambala,Haryana
348,Shiv Durga Temple,Ambala,Haryana
349,Kapal Mochan,Yamunanagar,Haryana
350,Bilaspur Devi Temple,Yamunanagar,Haryana
351,Adibadri Temple,Yamunanagar,Haryana
352,Shri Siddh Baba Balak Nath Temple,Yamunanagar,Haryana
353,Hanuman Temple,Yamunanagar,Haryana
358,Shimla Christ Church,Shimla,Himachal Pradesh
361,Mohan Shakti Heritage Park,Solan,Himachal Pradesh
362,Kali Mata Temple,Solan,Himachal Pradesh
363,Bon Monastery,Solan,Himachal Pradesh
364,Bhagsunag Temple,Dharamshala,Himachal Pradesh
365,Dalai Lama Temple Complex,Dharamshala,Himachal Pradesh
366,Chamunda Devi Temple,Dharamshala,Himachal Pradesh
367,Tsuglagkhang Complex,Dharamshala,Himachal Pradesh
368,Aghanjar Mahadev Temple,Dharamshala,Himachal Pradesh
369,Bajreshwari Devi Temple,Kangra,Himachal Pradesh
370,Masroor Rock Cut Temple,Kangra,Himachal Pradesh
371,Chamunda Devi Temple,Kangra,Himachal Pradesh
372,Jwala Ji Temple,Kangra,Himachal Pradesh
373,Kangra Fort Temples,Kangra,Himachal Pradesh
374,Bhutnath Temple,Mandi,Himachal Pradesh
375,Tarna Devi Temple,Mandi,Himachal Pradesh
376,Triloknath Temple,Mandi,Himachal Pradesh
378,Ardhnareshwar Temple,Mandi,Himachal Pradesh
381,Manikaran Sahib,Kullu,Himachal Pradesh
382,Hidimba Devi Temple,Kullu,Himachal Pradesh
383,Mahadevi Tirth Temple,Kullu,Himachal Pradesh
384,Baijnath Temple,Palampur,Himachal Pradesh
386,Tashi Jong Monastery,Palampur,Himachal Pradesh
387,Baglamukhi Temple,Palampur,Himachal Pradesh
388,Birni Devi Temple,Palampur,Himachal Pradesh
389,Raghunath Temple,Rampur,Himachal Pradesh
390,Narsingh Temple,Rampur,Himachal Pradesh
391,Maheshwar Temple,Rampur,Himachal Pradesh
392,Dutt Temple,Rampur,Himachal Pradesh
393,Hanuman Temple,Rampur,Himachal Pradesh
394,Naina Devi Temple,Bilaspur,Himachal Pradesh
395,Lakshmi Narayan Mandir,Bilaspur,Himachal Pradesh
396,Vyas Cave Temple,Bilaspur,Himachal Pradesh
397,Kandrour Bridge Temple,Bilaspur,Himachal Pradesh
398,Rukmani Kund Temple,Bilaspur,Himachal Pradesh
399,Jagannath Temple,Ranchi,Jharkhand
400,Pahari Mandir,Ranchi,Jharkhand
401,Sun Temple,Ranchi,Jharkhand
402,Deori Mandir,Ranchi,Jharkhand
403,Durga Badi,Ranchi,Jharkhand
405,Rankini Mandir,Jamshedpur,Jharkhand
406,Sakchi Gurudwara,Jamshedpur,Jharkhand
407,Sri Ram Temple,Jamshedpur,Jharkhand
408,Jubilee Park Shiva Temple,Jamshedpur,Jharkhand
409,Shakti Mandir,Dhanbad,Jharkhand
410,Jagannath Temple,Dhanbad,Jharkhand
411,Panchmukhi Hanuman Mandir,Dhanbad,Jharkhand
412,Kali Mandir,Dhanbad,Jharkhand
413,Baidyanath Temple,Dhanbad,Jharkhand
414,Parasnath Temple,Giridih,Jharkhand
415,Khandoli Temple,Giridih,Jharkhand
416,Usri Falls Temple,Giridih,Jharkhand
417,Harihar Dham,Giridih,Jharkhand
418,Shikharji Temple,Giridih,Jharkhand
419,Jagannath Temple,Bokaro,Jharkhand
420,Gayatri Mandir,Bokaro,Jharkhand
421,Ayyappa Temple,Bokaro,Jharkhand
423,Hanuman Mandir,Bokaro,Jharkhand
424,Rajrappa Temple,Hazaribag,Jharkhand
425,Budhwa Mahadev Mandir,Hazaribag,Jharkhand
426,Kali Mandir,Hazaribag,Jharkhand
427,Suryakund Temple,Hazaribag,Jharkhand
428,Narsingh Sthan Temple,Hazaribag,Jharkhand
429,Baidyanath Temple,Deoghar,Jharkhand
430,Basukinath Temple,Deoghar,Jharkhand
431,Nandan Pahar,Deoghar,Jharkhand
432,Trikuta Parvata Temple,Deoghar,Jharkhand
434,Mahamaya Temple,Lohardaga,Jharkhand
435,Sati Temple,Lohardaga,Jharkhand
436,Hanuman Temple,Lohardaga,Jharkhand
437,Shiv Mandir,Lohardaga,Jharkhand
438,Radha Krishna Mandir,Lohardaga,Jharkhand
439,Shakti Mandir,Koderma,Jharkhand
440,Kailashpuri Temple,Koderma,Jharkhand
441,Hanuman Mandir,Koderma,Jharkhand
442,Radha Krishna Mandir,Koderma,Jharkhand
443,Bajrang Bali Temple,Koderma,Jharkhand
444,ISKCON Temple,Bengaluru,Karnataka
445,Bull Temple,Bengaluru,Karnataka
446,Dodda Ganesha Temple,Bengaluru,Karnataka
447,Banashankari Amma Temple,Bengaluru,Karnataka
450,Sri Ranganathaswamy Temple,Mysore,Karnataka
451,Trinesvaraswamy Temple,Mysore,Karnataka
452,Lakshmiramana Swamy Temple,Mysore,Karnataka
453,Nanjundeshwara Temple,Mysore,Karnataka
455,Banashankari Temple,Hubli,Karnataka
456,Sri Siddharoodha Math,Hubli,Karnataka
457,Nuggikeri Hanuman Temple,Hubli,Karnataka
458,Iskcon Temple Hubli,Hubli,Karnataka
459,Kadri Manjunath Temple,Mangalore,Karnataka
462,Kateel Durgaparameshwari Temple,Mangalore,Karnataka
464,Shri Kapileshwar Temple,Belgaum,Karnataka
465,Shri Ramakrishna Mission Ashrama,Belgaum,Karnataka
466,Maruti Temple,Belgaum,Karnataka
467,Shri Venkatramana Temple,Belgaum,Karnataka
468,Yellamma Temple,Belgaum,Karnataka
469,Sri Sigandur Chowdeshwari Temple,Shimoga,Karnataka
470,Koodli Sri Chintamani Narasimha Temple,Shimoga,Karnataka
471,Sri Rameshwara Temple,Shimoga,Karnataka
472,Sri Sharavu Mahaganapathi Temple,Shimoga,Karnataka
473,Sri Lakshmi Narasimha Temple,Shimoga,Karnataka
474,Siddaganga Mutt,Tumkur,Karnataka
475,Sri Channakeshava Temple,Tumkur,Karnataka
476,Devarayana Durga,Tumkur,Karnataka
477,Goravanahalli Maha Lakshmi Temple,Tumkur,Karnataka
478,Sri Yoganarasimha Swamy Temple,Tumkur,Karnataka
479,Chandravalli Cave Temple,Chitradurga,Karnataka
480,Hidimbeshwar Temple,Chitradurga,Karnataka
481,Ekanatheshwari Temple,Chitradurga,Karnataka
482,Murugharajendra Matha,Chitradurga,Karnataka
483,Ankali Mutt,Chitradurga,Karnataka
485,Sri Durgambika Temple,Davangere,Karnataka
486,Sri Shankar Mutt,Davangere,Karnataka
487,Sri Vasavi Kanyakaparameshwari Temple,Davangere,Karnataka
488,Sri Lakshmi Narasimha Temple,Davangere,Karnataka
491,Antara Gange,Kolar,Karnataka
492,Avani Temple,Kolar,Karnataka
493,Chikka Tirupati Temple,Kolar,Karnataka
497,Karikkakom Sree Chamundi Devi Temple,Thiruvananthapuram,Kerala
498,Aazhimala Siva Temple,Thiruvananthapuram,Kerala
499,Ernakulathappan Temple,Kochi,Kerala
500,Chottanikkara Temple,Kochi,Kerala
501,Sree Poornathrayeesa Temple,Kochi,Kerala
503,Kaduthuruthy Mahadeva Temple,Kochi,Kerala
504,Tali Mahakshetram,Kozhikode,Kerala
506,Sree Valayanadu Devi Temple,Kozhikode,Kerala
507,Mishkal Mosque,Kozhikode,Kerala
508,Thali Maha Temple,Kozhikode,Kerala
510,Guruvayur Temple,Thrissur,Kerala
511,Paramekkavu Bhagavathi Temple,Thrissur,Kerala
512,Thiruvambady Temple,Thrissur,Kerala
513,Koodalmanikyam Temple,Thrissur,Kerala
514,Mullakkal Rajeshwari Temple,Alappuzha,Kerala
516,Ambalappuzha Sri Krishna Temple,Alappuzha,Kerala
517,Chettikulangara Devi Temple,Alappuzha,Kerala
518,Chakkulathukavu Temple,Alappuzha,Kerala
519,Ettumanoor Mahadeva Temple,Kottayam,Kerala
521,Vaikom Mahadeva Temple,Kottayam,Kerala
523,Pallipurathukavu Devi Temple,Kottayam,Kerala
524,Thirunavaya Navamukunda Temple,Malappuram,Kerala
525,Triprangode Siva Temple,Malappuram,Kerala
526,Alathiyoor Hanuman Temple,Malappuram,Kerala
527,Kodikuthimala Thirumandhamkunnu Temple,Malappuram,Kerala
528,Kadampuzha Devi Temple,Malappuram,Kerala
529,Parassinikkadavu Muthappan Temple,Kannur,Kerala
530,Kalarivathukkal Bhagavathy Temple,Kannur,Kerala
531,Sundareswara Temple,Kannur,Kerala
532,Trichambaram Sree Krishna Temple,Kannur,Kerala
535,Madhur Temple,Kasaragod,Kerala
537,Trikkannad Tryambakeshwara Temple,Kasaragod,Kerala
538,Kanhangad Hosdurg Sri Subrahmanya Temple,Kasaragod,Kerala
539,Lakshmi Narayan Temple,Bhopal,Madhya Pradesh
540,Birla Mandir,Bhopal,Madhya Pradesh
541,Gufa Mandir,Bhopal,Madhya Pradesh
542,Maa Vaishno Devi Dham,Bhopal,Madhya Pradesh
543,Khatlapura Mandir,Bhopal,Madhya Pradesh
545,Bada Ganpati Temple,Indore,Madhya Pradesh
549,Kachnar City Shiva Temple,Jabalpur,Madhya Pradesh
551,Rani Durgawati Temple,Jabalpur,Madhya Pradesh
553,Tripur Sundari Temple,Jabalpur,Madhya Pradesh
555,Sasbahu Temple,Gwalior,Madhya Pradesh
556,Sun Temple,Gwalior,Madhya Pradesh
557,Gopachal Parvat,Gwalior,Madhya Pradesh
559,Mahakaleshwar Jyotirlinga,Ujjain,Madhya Pradesh
561,Harsiddhi Temple,Ujjain,Madhya Pradesh
562,Chintaman Ganesh Temple,Ujjain,Madhya Pradesh
563,Bade Ganeshji Ka Mandir,Ujjain,Madhya Pradesh
564,Shri Gauri Shankar Mandir,Sagar,Madhya Pradesh
565,Shri Hanuman Mandir,Sagar,Madhya Pradesh
566,Shri Laxmi Narayan Mandir,Sagar,Madhya Pradesh
567,Shri Ram Mandir,Sagar,Madhya Pradesh
568,Shri Durga Mandir,Sagar,Madhya Pradesh
569,Chamunda Mata Temple,Dewas,Madhya Pradesh
570,Tekri Mandir,Dewas,Madhya Pradesh
571,Mahakaleshwar Temple,Dewas,Madhya Pradesh
572,Kaila Devi Temple,Dewas,Madhya Pradesh
573,Kalika Mata Temple,Dewas,Madhya Pradesh
575,Maa Sharda Temple,Satna,Madhya Pradesh
576,Ramvan Temple,Satna,Madhya Pradesh
577,Bihari Ji Temple,Satna,Madhya Pradesh
578,Pashupatinath Temple,Satna,Madhya Pradesh
580,Bibrod Tirth,Ratlam,Madhya Pradesh
581,Kalika Mata Temple,Ratlam,Madhya Pradesh
582,Mahalaxmi Temple,Ratlam,Madhya Pradesh
583,Shri Vaikunthnath Temple,Ratlam,Madhya Pradesh
584,Pench Mahadev Temple,Seoni,Madhya Pradesh
585,Hanuman Mandir Barghat,Seoni,Madhya Pradesh
586,Shiv Mandir Chhapara,Seoni,Madhya Pradesh
587,Kali Mandir,Seoni,Madhya Pradesh
588,Gurudwara Sahib Seoni,Seoni,Madhya Pradesh
590,Mumba Devi Temple,Mumbai,Maharashtra
593,ISKCON Temple,Mumbai,Maharashtra
594,Dagadusheth Halwai Ganapati Temple,Pune,Maharashtra
595,Chaturshringi Temple,Pune,Maharashtra
596,Parvati Hill Temple,Pune,Maharashtra
597,Pataleshwar Cave Temple,Pune,Maharashtra
598,ISKCON NVCC Temple,Pune,Maharashtra
599,Shri Ganesh Tekdi Mandir,Nagpur,Maharashtra
600,Sri Poddareshwar Ram Mandir,Nagpur,Maharashtra
601,Buddha Vihar,Nagpur,Maharashtra
602,Shri Mahalaxmi Devi Temple,Nagpur,Maharashtra
603,Balaji Temple Seminary Hills,Nagpur,Maharashtra
604,Trimbakeshwar Temple,Nashik,Maharashtra
606,Sundarnarayan Temple,Nashik,Maharashtra
607,Muktidham Temple,Nashik,Maharashtra
609,Grishneshwar Temple,Aurangabad,Maharashtra
611,Kailasa Temple,Aurangabad,Maharashtra
612,Shri Siddheshwar Maharaj Temple,Aurangabad,Maharashtra
613,Jogeshwari Temple,Aurangabad,Maharashtra
614,Shri Siddheshwar Temple,Solapur,Maharashtra
615,Shri Rupabhavani Temple,Solapur,Maharashtra
616,Revansiddeshwar Temple,Solapur,Maharashtra
617,Markandeya Temple,Solapur,Maharashtra
618,Akkalkot Swami Samarth Temple,Solapur,Maharashtra
619,Mahalaxmi Temple,Kolhapur,Maharashtra
621,Binkhambi Ganesh Mandir,Kolhapur,Maharashtra
622,Kopeshwar Temple,Kolhapur,Maharashtra
623,Narsobawadi Temple,Kolhapur,Maharashtra
624,Ganapati Temple,Sangli,Maharashtra
625,Kopeshwar Temple,Sangli,Maharashtra
626,Vishnupad Temple,Sangli,Maharashtra
627,Vitthal Rukmini Temple,Sangli,Maharashtra
628,Dattatreya Temple,Sangli,Maharashtra
629,Omkareshwar Mandir,Jalgaon,Maharashtra
630,Padmalaya,Jalgaon,Maharashtra
631,Shri Sant Muktabai Sansthan,Jalgaon,Maharashtra
632,Shri Rama Temple,Jalgaon,Maharashtra
633,Shri Manudevi Temple,Jalgaon,Maharashtra
634,Shri Ashtavinayak Temple,Latur,Maharashtra
635,Shri Siddheshwar Temple,Latur,Maharashtra
636,Saibaba Temple,Latur,Maharashtra
637,Shri Bhuteshwar Temple,Latur,Maharashtra
638,Renuka Devi Temple,Latur,Maharashtra
639,Shree Govindajee Temple,Imphal,Manipur
640,ISKCON Temple Imphal,Imphal,Manipur
641,Sanamahi Temple,Imphal,Manipur
642,Hiyangthang Lairembi Temple,Imphal,Manipur
643,Mata Maheshwari Temple,Imphal,Manipur
644,Vishnu Temple,Bishnupur,Manipur
645,Pancha Ratna Temple,Bishnupur,Manipur
646,Radha Shyam Temple,Bishnupur,Manipur
647,Kalibari Temple,Bishnupur,Manipur
648,Shyamrai Temple,Bishnupur,Manipur
649,Thoubal Wangmataba Temple,Thoubal,Manipur
650,Khurai Ahongpung Temple,Thoubal,Manipur
651,Nongpok Ningthou Temple,Thoubal,Manipur
652,Ebudhou Thangjing Temple,Thoubal,Manipur
653,Laikhurembi Temple,Thoubal,Manipur
654,Shree Govindajee Temple,Chandel,Manipur
655,Shri Hanuman Thakur Temple,Chandel,Manipur
656,Sanamahi Temple,Chandel,Manipur
657,Thangal General Temple,Chandel,Manipur
658,Kaina Temple,Chandel,Manipur
659,Gopinath Mandir,Tamenglong,Manipur
660,Naga Temple,Tamenglong,Manipur
661,Durga Mandir,Tamenglong,Manipur
662,Shiva Temple,Tamenglong,Manipur
663,Hanuman Mandir,Tamenglong,Manipur
664,Mao Maram Baptist Church,Senapati,Manipur
665,Makhel Monoliths,Senapati,Manipur
666,Yangkhullen Village Church,Senapati,Manipur
667,Koubru Laikha,Senapati,Manipur
668,Catholic Church Senapati,Senapati,Manipur
669,Khuga Dam Shiva Temple,Churachandpur,Manipur
670,Sai Baba Temple,Churachandpur,Manipur
671,ISCKON Temple,Churachandpur,Manipur
672,Durga Temple,Churachandpur,Manipur
673,Hanuman Temple,Churachandpur,Manipur
674,Nartiang Durga Temple,Shillong,Meghalaya
675,Shillong Kali Mandir,Shillong,Meghalaya
676,Shiva Mandir Shillong,Shillong,Meghalaya
677,Ram Krishna Mission Ashrama,Shillong,Meghalaya
678,"Hanuman Temple, Shillong",Shillong,Meghalaya
679,Nageshwar Temple,Tura,Meghalaya
680,Bhairabi Temple,Tura,Meghalaya
681,Ganesh Mandir,Tura,Meghalaya
682,Kali Temple,Tura,Meghalaya
683,Hanuman Temple,Tura,Meghalaya
684,Nartiang Durga Temple,Jowai,Meghalaya
685,Shiva Temple Nartiang,Jowai,Meghalaya
686,Nongkhlaw Presbyterian Church,Nongstoin,Meghalaya
687,Nongstoin Catholic Church,Nongstoin,Meghalaya
688,Langja Presbyterian Church,Nongstoin,Meghalaya
689,St. Peter's Catholic Church,Nongstoin,Meghalaya
690,Nongpyndeng Presbyterian Church,Nongstoin,Meghalaya
691,Siju Temple,Baghmara,Meghalaya
692,Nengkong Temple,Baghmara,Meghalaya
693,Chitmang Valley Temple,Baghmara,Meghalaya
694,Dombe Temple,Baghmara,Meghalaya
695,Baghmara Shiva Temple,Baghmara,Meghalaya
696,Nokrek National Park Temple,Williamnagar,Meghalaya
697,Williamnagar Shiva Temple,Williamnagar,Meghalaya
698,Durga Mandir,Williamnagar,Meghalaya
699,Ganesha Temple,Williamnagar,Meghalaya
700,Kali Mandir,Williamnagar,Meghalaya
701,Nartiang Durga Temple,Mairang,Meghalaya
702,Nongkrem Dance Festival Temple,Mairang,Meghalaya
703,Lum Sohpetbneng,Mairang,Meghalaya
704,Mahadev Khola Dham,Mairang,Meghalaya
705,Shri Govindajee Temple,Mairang,Meghalaya
706,Solomon's Temple,Aizawl,Mizoram
707,Bawngkawn Presbyterian Church,Aizawl,Mizoram
708,Zarkawt Presbyterian Church,Aizawl,Mizoram
709,Chhinga Veng Presbyterian Church,Aizawl,Mizoram
710,Sairang Presbyterian Church,Aizawl,Mizoram
711,Saikuti Hall,Lunglei,Mizoram
712,Lunglei Baptist Church,Lunglei,Mizoram
713,Roman Catholic Church,Lunglei,Mizoram
714,Presbyterian Church,Lunglei,Mizoram
715,Lunglei Seventh Day Adventist Church,Lunglei,Mizoram
716,Saiha Shiva Temple,Saiha,Mizoram
717,Saiha Kali Mandir,Saiha,Mizoram
718,Sri Ram Saiha Temple,Saiha,Mizoram
719,Saiha Durga Temple,Saiha,Mizoram
720,Saiha Hanuman Mandir,Saiha,Mizoram
721,Rih Dil,Champhai,Mizoram
722,Khuangchera Puk,Champhai,Mizoram
723,Tomb of Vanhnuailiana,Champhai,Mizoram
724,Lamsial Puk,Champhai,Mizoram
725,Zokhawthar,Champhai,Mizoram
726,Kolasib Shiva Temple,Kolasib,Mizoram
727,Kolasib Hanuman Temple,Kolasib,Mizoram
728,Kolasib Kali Mandir,Kolasib,Mizoram
729,Kolasib Ganesh Temple,Kolasib,Mizoram
730,Kolasib Vishnu Temple,Kolasib,Mizoram
731,Saiha Baptist Church,Lawngtlai,Mizoram
732,"Presbyterian Church, Lawngtlai",Lawngtlai,Mizoram
733,Zotlang Baptist Church,Lawngtlai,Mizoram
734,Mizo Synod Church,Lawngtlai,Mizoram
735,Chawngte Baptist Church,Lawngtlai,Mizoram
736,Kohima Sree Ayyappa Temple,Kohima,Nagaland
737,Nagaland Shree Shirdi Sai Baba Mandir,Kohima,Nagaland
738,ISKCON Temple Kohima,Kohima,Nagaland
739,Shree Govindajee Temple,Kohima,Nagaland
740,Hanuman Mandir Kohima,Kohima,Nagaland
741,Kalibari Temple,Dimapur,Nagaland
742,Shiva Temple,Dimapur,Nagaland
743,ISKCON Dimapur,Dimapur,Nagaland
744,Durga Mandir,Dimapur,Nagaland
745,Ganesh Mandir,Dimapur,Nagaland
746,Mokokchung Shiva Temple,Mokokchung,Nagaland
747,Mokokchung Hanuman Temple,Mokokchung,Nagaland
748,Mokokchung Kali Mandir,Mokokchung,Nagaland
749,Mokokchung Ganesh Temple,Mokokchung,Nagaland
750,Mokokchung Vishnu Temple,Mokokchung,Nagaland
751,Sumi Baptist Church Zunheboto,Zunheboto,Nagaland
752,Zunheboto Ao Baptist Church,Zunheboto,Nagaland
753,Nagaland Christian Revival Church,Zunheboto,Nagaland
754,Zunheboto Town Sumi Baptist Church,Zunheboto,Nagaland
755,Nagaland Baptist Church Council,Zunheboto,Nagaland
756,Lingaraja Temple,Bhubaneswar,Odisha
759,Ananta Vasudeva Temple,Bhubaneswar,Odisha
760,Brahmeswara Temple,Bhubaneswar,Odisha
763,Gadachandi Temple,Cuttack,Odisha
764,Paramahansa Nath Temple,Cuttack,Odisha
765,Chateswar Temple,Cuttack,Odisha
767,Maa Vaishno Devi Temple,Rourkela,Odisha
769,ISKCON Temple,Rourkela,Odisha
770,Sri Ayyappa Temple,Rourkela,Odisha
771,Samaleswari Temple,Sambalpur,Odisha
772,Huma Temple,Sambalpur,Odisha
773,Maa Ghanteswari Temple,Sambalpur,Odisha
774,Budharaja Temple,Sambalpur,Odisha
775,Chiplima Temple,Sambalpur,Odisha
776,Thakurani Temple,Berhampur,Odisha
777,Maa Bhairavi Temple,Berhampur,Odisha
778,Sri Sri Haraparbati Temple,Berhampur,Odisha
779,Siddhi Vinayaka Temple,Berhampur,Odisha
781,Khirachora Gopinatha Temple,Balasore,Odisha
782,Panchalingeshwar Temple,Balasore,Odisha
783,Bhudara Chandi Temple,Balasore,Odisha
785,Langaleswar Temple,Balasore,Odisha
787,Debrigarh Temple,Bargarh,Odisha
788,Ashtashambhu Temple,Bargarh,Odisha
789,Baba Goudhar Temple,Bargarh,Odisha
790,Bhatli Thakurani Temple,Bargarh,Odisha
791,Maa Kanak Durga Temple,Jharsuguda,Odisha
793,Pahadi Mandir,Jharsuguda,Odisha
794,Ramachandi Temple,Jharsuguda,Odisha
795,Shree Pahadeswar Temple,Jharsuguda,Odisha
796,Ladubaba Temple,Nayagarh,Odisha
797,Nilamadhav Temple,Nayagarh,Odisha
798,Dakhina Kali Temple,Nayagarh,Odisha
799,Sri Neelakantheswar Temple,Nayagarh,Odisha
800,Raghunathjew Temple,Nayagarh,Odisha
801,Mata Mansa Devi Temple,Chandigarh,Punjab
802,ISKCON Temple,Chandigarh,Punjab
803,Shirdi Sai Baba Temple,Chandigarh,Punjab
805,Jayanti Devi Temple,Chandigarh,Punjab
806,Harmandir Sahib (Golden Temple),Amritsar,Punjab
808,Mata Lal Devi Mandir,Amritsar,Punjab
810,Shri Lakshmi Narayan Mandir,Amritsar,Punjab
811,Pavitar Parkash Sthal,Ludhiana,Punjab
812,Gurdwara Dukh Niwaran Sahib,Ludhiana,Punjab
813,Devi Talab Mandir,Ludhiana,Punjab
814,Shivala Sangliwala Temple,Ludhiana,Punjab
815,Rakh Bagh Temple,Ludhiana,Punjab
817,Shiv Mandir,Jalandhar,Punjab
819,Shri Devi Talab Mandir,Jalandhar,Punjab
820,Panch Mandir,Jalandhar,Punjab
821,Kali Mata Mandir,Patiala,Punjab
822,Gurdwara Dukh Nivaran Sahib,Patiala,Punjab
823,Shri Devi Talab Mandir,Patiala,Punjab
824,Shri Mansa Devi Mandir,Patiala,Punjab
825,Shri Kali Devi Mandir,Patiala,Punjab
826,Maiser Khana Temple,Bathinda,Punjab
827,Bir Talab Mandir,Bathinda,Punjab
828,Dhobi Bazaar Mandir,Bathinda,Punjab
829,Qila Mubarak Gurudwara,Bathinda,Punjab
830,Peer Haji Rattan Dargah,Bathinda,Punjab
831,Shiv Mandir,Hoshiarpur,Punjab
832,Bajreshwari Devi Temple,Hoshiarpur,Punjab
833,Gurdwara Harian Velan,Hoshiarpur,Punjab
835,Shani Mandir,Hoshiarpur,Punjab
836,Geeta Bhawan Mandir,Moga,Punjab
837,Durga Mandir,Moga,Punjab
838,Shiv Mandir,Moga,Punjab
839,Hanuman Mandir,Moga,Punjab
840,Lakshmi Narayan Mandir,Moga,Punjab
841,Shiv Mandir,Barnala,Punjab
842,Durga Mata Mandir,Barnala,Punjab
843,Hanuman Mandir,Barnala,Punjab
844,Gurdwara Singh Sabha,Barnala,Punjab
847,Birla Mandir,Jaipur,Rajasthan
849,Kalki Temple,Jaipur,Rajasthan
850,Akshardham Temple,Jaipur,Rajasthan
853,Siddhanath Shiv Temple,Jodhpur,Rajasthan
854,Ganesh Temple Ratanada,Jodhpur,Rajasthan
855,Achal Nath Shivalaya,Jodhpur,Rajasthan
857,Eklingji Temple,Udaipur,Rajasthan
859,Karni Mata Temple,Udaipur,Rajasthan
861,Karni Mata Temple,Bikaner,Rajasthan
864,Kodamdesar Bhairav Temple,Bikaner,Rajasthan
865,Deshnoke Temple,Bikaner,Rajasthan
867,Godavari Dham Temple,Kota,Rajasthan
868,Karneshwar Mahadev Temple,Kota,Rajasthan
869,Radhakrishna Temple,Kota,Rajasthan
871,Ajmer Sharif Dargah,Ajmer,Rajasthan
872,Brahma Temple,Ajmer,Rajasthan
874,Rangji Temple,Ajmer,Rajasthan
875,Savitri Temple,Ajmer,Rajasthan
876,Ranakpur Jain Temple,Pali,Rajasthan
877,Somnath Temple,Pali,Rajasthan
879,Naulakha Jain Temple,Pali,Rajasthan
880,Hatundi Rata Mahabir Temple,Pali,Rajasthan
882,Rani Bhatiani Temple,Barmer,Rajasthan
883,"Jain Temple, Nakoda",Barmer,Rajasthan
884,Devka-Sun Temple,Barmer,Rajasthan
885,Chintamani Parshvanath Jain Temple,Barmer,Rajasthan
887,Meera Bai Temple,Nagaur,Rajasthan
888,Mundiyar Jain Temple,Nagaur,Rajasthan
889,Shri Jasnath Asan,Nagaur,Rajasthan
890,Khinvsar Fort Temple,Nagaur,Rajasthan
891,Bisaldev Temple,Tonk,Rajasthan
892,Jain Glass Temple,Tonk,Rajasthan
893,Kakor Fort and Temple,Tonk,Rajasthan
894,Rasiya Ki Tekri,Tonk,Rajasthan
895,Sunhari Kothi,Tonk,Rajasthan
896,Enchey Monastery,Gangtok,Sikkim
899,Ranka Monastery,Gangtok,Sikkim
900,Do Drul Chorten,Gangtok,Sikkim
901,Namchi Char Dham,Namchi,Sikkim
902,Sai Mandir,Namchi,Sikkim
903,Ralang Monastery,Namchi,Sikkim
904,Samdruptse Monastery,Namchi,Sikkim
905,Shirdi Sai Baba Mandir,Namchi,Sikkim
906,Pemayangtse Monastery,Geyzing,Sikkim
907,Sanga Choeling Monastery,Geyzing,Sikkim
908,Dubdi Monastery,Geyzing,Sikkim
909,Tashiding Monastery,Geyzing,Sikkim
910,Rabdengtse Ruins,Geyzing,Sikkim
911,Labrang Monastery,Mangan,Sikkim
912,Phodong Monastery,Mangan,Sikkim
913,Ralang Monastery,Mangan,Sikkim
914,Tashiding Monastery,Mangan,Sikkim
915,Enchey Monastery,Mangan,Sikkim
916,Kirateshwar Mahadev Temple,Soreng,Sikkim
917,Siddheshwar Dham,Soreng,Sikkim
918,Sai Mandir,Soreng,Sikkim
919,Ravangla Buddha Park,Soreng,Sikkim
920,Ganesh Tok,Soreng,Sikkim
921,Shirdi Sai Temple,Tadong,Sikkim
922,Hanuman Temple,Tadong,Sikkim
923,Ganesh Tok,Tadong,Sikkim
924,Kirateshwar Mahadev Temple,Tadong,Sikkim
925,Thakurbari Temple,Tadong,Sikkim
926,Kapaleeshwarar Temple,Chennai,Tamil Nadu
931,Marudamalai Temple,Coimbatore,Tamil Nadu
934,Dhyanalinga,Coimbatore,Tamil Nadu
935,Arulmigu Koniamman Temple,Coimbatore,Tamil Nadu
938,Thirupparamkunram Murugan Temple,Madurai,Tamil Nadu
939,Alagar Koyil,Madurai,Tamil Nadu
940,Pazhamudircholai Murugan Temple,Madurai,Tamil Nadu
942,Sugavaneswarar Temple,Salem,Tamil Nadu
943,Arulmigu Alagirinathar Temple,Salem,Tamil Nadu
944,Jama Masjid,Salem,Tamil Nadu
945,Arulmigu Muthu Mariamman Temple,Salem,Tamil Nadu
946,Sri Ranganathaswamy Temple,Tiruchirappalli,Tamil Nadu
948,Ucchi Pillayar Temple,Tiruchirappalli,Tamil Nadu
951,Sri Tirumuruganathaswamy Temple,Tiruppur,Tamil Nadu
952,Avinashiappar Temple,Tiruppur,Tamil Nadu
953,Kadu Anumantharaya Swamy Temple,Tiruppur,Tamil Nadu
955,Sri Venkatesa Perumal Temple,Tiruppur,Tamil Nadu
956,Nellaiappar Temple,Tirunelveli,Tamil Nadu
957,Krishnapuram Venkatachalapathy Temple,Tirunelveli,Tamil Nadu
958,Arulmigu Sankaranayinarkoil,Tirunelveli,Tamil Nadu
959,Thirupudaimaruthur Temple,Tirunelveli,Tamil Nadu
960,Kutrallam Kurumpalaveesar Temple,Tirunelveli,Tamil Nadu
962,Periya Mariamman Temple,Erode,Tamil Nadu
963,Arudra Kabaliswarar Temple,Erode,Tamil Nadu
964,Chennimalai Murugan Temple,Erode,Tamil Nadu
965,Sangameswarar Temple,Erode,Tamil Nadu
969,Virinjipuram Temple,Vellore,Tamil Nadu
970,Arulmigu Balamurugan Temple,Vellore,Tamil Nadu
975,Ulagalantha Perumal Temple,Kancheepuram,Tamil Nadu
978,Jagannath Temple,Hyderabad,Telangana
980,Keesaragutta Temple,Hyderabad,Telangana
981,Ujjaini Mahakali Temple,Secunderabad,Telangana
982,Sri Subrahmanyaswamy Temple,Secunderabad,Telangana
983,Peddamma Temple,Secunderabad,Telangana
984,Sri Venkateshwara Swamy Temple,Secunderabad,Telangana
987,Bhadrakali Temple,Warangal,Telangana
988,Ramappa Temple,Warangal,Telangana
989,Padmakshi Temple,Warangal,Telangana
990,Siddheshwara Temple,Warangal,Telangana
992,Neela Kanteshwara Temple,Nizamabad,Telangana
993,Sri Lakshmi Narasimha Swamy Temple,Nizamabad,Telangana
995,Sri Rama Temple,Nizamabad,Telangana
996,Sri Raja Rajeshwara Swamy Temple,Karimnagar,Telangana
998,Mukteshwara Swamy Temple,Karimnagar,Telangana
999,Nagunur Fort and Temples,Karimnagar,Telangana
1000,Dharmapuri Sri Lakshmi Narasimha Swamy Temple,Karimnagar,Telangana
1001,Ramagundam Sri Venkateswara Swamy Temple,Ramagundam,Telangana
1002,Ramagundam Sri Rama Temple,Ramagundam,Telangana
1003,Sri Kanaka Durga Temple,Ramagundam,Telangana
1004,Ramagundam Sai Baba Temple,Ramagundam,Telangana
1005,Sri Hanuman Temple,Ramagundam,Telangana
1006,Sri Venkateswara Swamy Temple,Khammam,Telangana
1007,Sri Seetha Ramachandra Swamy Temple,Khammam,Telangana
1008,Sri Lakshmi Narasimha Swamy Temple,Khammam,Telangana
1009,Sri Hanuman Temple,Khammam,Telangana
1010,Sri Kasi Visweswara Swamy Temple,Khammam,Telangana
1011,Jogulamba Temple,Mahbubnagar,Telangana
1012,Alampur Navabrahma Temples,Mahbubnagar,Telangana
1013,Sri Ranganayaka Swamy Temple,Mahbubnagar,Telangana
1015,"Ranganayaka Swamy Temple, Srirangapur",Mahbubnagar,Telangana
1016,Iskcon Temple,Sangareddy,Telangana
1017,Sri Venkateshwara Swamy Temple,Sangareddy,Telangana
1018,Shivalayam Temple,Sangareddy,Telangana
1019,Hanuman Temple,Sangareddy,Telangana
1020,Sri Rama Temple,Sangareddy,Telangana
1021,Tripura Sundari Temple,Agartala,Tripura
1022,Jagannath Temple,Agartala,Tripura
1023,Benuban Vihar,Agartala,Tripura
1024,Lakshmi Narayan Bari Temple,Agartala,Tripura
1025,Uma Maheshwari Temple,Agartala,Tripura
1026,Tripura Sundari Temple,Udaipur,Tripura
1027,Bhuvaneswari Temple,Udaipur,Tripura
1028,Gunabati Group of Temples,Udaipur,Tripura
1029,Jagannath Temple,Udaipur,Tripura
1030,Mahadev Temple,Udaipur,Tripura
1031,Kali Mandir,Dharmanagar,Tripura
1032,Jagannath Bari,Dharmanagar,Tripura
1033,Durga Bari,Dharmanagar,Tripura
1034,Shiva Mandir,Dharmanagar,Tripura
1035,Ram Thakur Mandir,Dharmanagar,Tripura
1036,Lakshmi Narayan Bari Temple,Kailashahar,Tripura
1037,Chouddo Devotar Mandir,Kailashahar,Tripura
1038,Unakoti,Kailashahar,Tripura
1039,Kali Temple,Kailashahar,Tripura
1040,Kamala Sagar Temple,Kailashahar,Tripura
1041,Chabimura Temple,Ambassa,Tripura
1042,Tripura Sundari Temple,Ambassa,Tripura
1043,Unakoti Temple,Ambassa,Tripura
1044,Ujjayanta Palace,Ambassa,Tripura
1045,Jagannath Bari,Ambassa,Tripura
1046,Durgabari Temple,Kumarghat,Tripura
1047,Kali Mandir,Kumarghat,Tripura
1048,Jagannath Temple,Kumarghat,Tripura
1049,Shiva Temple,Kumarghat,Tripura
1050,Lakshmi Narayan Temple,Kumarghat,Tripura
1051,Maa Bhabatarini Temple,Sabroom,Tripura
1052,Chaturdasha Devata Temple,Sabroom,Tripura
1053,Tripura Sundari Temple,Sabroom,Tripura
1054,Jagannath Bari,Sabroom,Tripura
1055,Vishnu Temple,Sabroom,Tripura
1056,Hanuman Setu Temple,Lucknow,Uttar Pradesh
1057,Mankameshwar Mandir,Lucknow,Uttar Pradesh
1058,Shri Sheetala Devi Temple,Lucknow,Uttar Pradesh
1060,Bara Imambara,Lucknow,Uttar Pradesh
1061,JK Temple (Shri Radhakrishna Temple),Kanpur,Uttar Pradesh
1063,Baba Namdev Temple,Kanpur,Uttar Pradesh
1064,ISKCON Temple Kanpur,Kanpur,Uttar Pradesh
1065,Valmiki Ashram Temple,Kanpur,Uttar Pradesh
1066,Triveni Sangam,Allahabad,Uttar Pradesh
1067,Anand Bhavan,Allahabad,Uttar Pradesh
1069,Hanuman Mandir (Prayagraj),Allahabad,Uttar Pradesh
1072,Durga Temple,Varanasi,Uttar Pradesh
1075,Annapurna Devi Mandir,Varanasi,Uttar Pradesh
1076,Augharnath Temple,Meerut,Uttar Pradesh
1077,Bale Miyan ki Dargah,Meerut,Uttar Pradesh
1078,Baba Augharh Nath Temple,Meerut,Uttar Pradesh
1079,Mansa Devi Temple,Meerut,Uttar Pradesh
1080,Shapir ki Dargah,Meerut,Uttar Pradesh
1081,Mankameshwar Temple,Agra,Uttar Pradesh
1082,Balkeshwar Temple,Agra,Uttar Pradesh
1083,Kailash Temple,Agra,Uttar Pradesh
1084,Prithvinath Temple,Agra,Uttar Pradesh
1085,Rawli Maharaj Temple,Agra,Uttar Pradesh
1086,ISKCON Ghaziabad,Ghaziabad,Uttar Pradesh
1087,"Durga Mandir, Kavi Nagar",Ghaziabad,Uttar Pradesh
1088,Shree Jagannath Mandir,Ghaziabad,Uttar Pradesh
1089,"Shiv Mandir, Vaishali",Ghaziabad,Uttar Pradesh
1090,Sai Upvan Temple,Ghaziabad,Uttar Pradesh
1091,ISKCON Temple Noida,Noida,Uttar Pradesh
1092,Sai Baba Mandir Noida,Noida,Uttar Pradesh
1093,Shree Jagannath Temple Noida,Noida,Uttar Pradesh
1094,Kali Bari Temple Noida,Noida,Uttar Pradesh
1095,"Hanuman Mandir, Noida Sector 22",Noida,Uttar Pradesh
1096,Alakhnath Temple,Bareilly,Uttar Pradesh
1097,Trivati Nath Temple,Bareilly,Uttar Pradesh
1098,Baba Dhopeshwar Nath Temple,Bareilly,Uttar Pradesh
1099,Chunne Miyan's Lakshmi Narayan Temple,Bareilly,Uttar Pradesh
1100,Pashupati Nath Temple,Bareilly,Uttar Pradesh
1101,Shri Krishna Janmabhoomi,Mathura,Uttar Pradesh
1103,Gita Mandir,Mathura,Uttar Pradesh
1104,Vishram Ghat,Mathura,Uttar Pradesh
1105,Rangji Temple,Mathura,Uttar Pradesh
1106,Tapkeshwar Temple,Dehradun,Uttarakhand
1107,Shri Prakasheshwar Mahadev Mandir,Dehradun,Uttarakhand
1108,Sai Darbar Temple,Dehradun,Uttarakhand
1109,Mindrolling Monastery,Dehradun,Uttarakhand
1111,Har Ki Pauri,Haridwar,Uttarakhand
1116,Trimbakeshwar Temple,Rishikesh,Uttarakhand
1119,Parmarth Niketan,Rishikesh,Uttarakhand
1120,Kunjapuri Temple,Rishikesh,Uttarakhand
1123,Kainchi Dham,Nainital,Uttarakhand
1124,Mukteshwar Temple,Nainital,Uttarakhand
1125,Pashan Devi Temple,Nainital,Uttarakhand
1126,Nanda Devi Temple,Almora,Uttarakhand
1128,Jageshwar Temple,Almora,Uttarakhand
1129,Katarmal Sun Temple,Almora,Uttarakhand
1130,Kasardevi Temple,Almora,Uttarakhand
1132,Kapileshwar Mahadev Temple,Pithoragarh,Uttarakhand
1134,Patal Bhuvaneshwar Temple,Pithoragarh,Uttarakhand
1135,Askot Musk Deer Sanctuary Temple,Pithoragarh,Uttarakhand
1137,Baijnath Temple,Bageshwar,Uttarakhand
1139,Sri Haru Temple,Bageshwar,Uttarakhand
1140,Gauri Udiyar Temple,Bageshwar,Uttarakhand
1141,Atariya Temple,Udham Singh Nagar,Uttarakhand
1142,Chaiti Devi Temple,Udham Singh Nagar,Uttarakhand
1143,Gurudwara Nanakmatta Sahib,Udham Singh Nagar,Uttarakhand
1144,Moteshwar Mahadev Temple,Udham Singh Nagar,Uttarakhand
1145,Purnagiri Temple,Udham Singh Nagar,Uttarakhand
1146,Dakshineswar Kali Temple,Kolkata,West Bengal
1148,Birla Mandir,Kolkata,West Bengal
1149,Belur Math,Kolkata,West Bengal
1150,Pareshnath Jain Temple,Kolkata,West Bengal
1152,Hanseswari Temple,Howrah,West Bengal
1153,Baba Panchananda Mandir,Howrah,West Bengal
1154,Ananta Basudeba Temple,Howrah,West Bengal
1155,Gadiara Temple,Howrah,West Bengal
1156,Bhabani Pathak's Tilla Temple,Durgapur,West Bengal
1157,Bhabatarini Temple,Durgapur,West Bengal
1158,Ramakrishna Mission Ashrama,Durgapur,West Bengal
1159,Kumaramangalam Park Kali Temple,Durgapur,West Bengal
1160,Belur Math Temple,Durgapur,West Bengal
1161,Ghagar Buri Chandi Temple,Asansol,West Bengal
1162,Kalyaneshwari Temple,Asansol,West Bengal
1163,Shiv Mandir,Asansol,West Bengal
1164,Jagannath Temple,Asansol,West Bengal
1165,Ram Mandir,Asansol,West Bengal
1166,ISCON Temple,Siliguri,West Bengal
1168,Mahananda Temple,Siliguri,West Bengal
1169,Salugara Monastery,Siliguri,West Bengal
1170,Lokenath Baba Mandir,Siliguri,West Bengal
1172,Dali Monastery,Darjeeling,West Bengal
1173,Japanese Peace Pagoda,Darjeeling,West Bengal
1175,Lloyd's Botanical Garden Temple,Darjeeling,West Bengal
1176,Jalpesh Temple,Jalpaiguri,West Bengal
1177,Bhramari Devi Temple,Jalpaiguri,West Bengal
1178,Naba Brindaban Mandir,Jalpaiguri,West Bengal
1179,Debi Chaudhurani Mandir,Jalpaiguri,West Bengal
1180,Maa Bhabani Temple,Jalpaiguri,West Bengal
1181,Adina Mosque,Malda,West Bengal
1182,Gour Chandi Temple,Malda,West Bengal
1183,Jahura Kali Temple,Malda,West Bengal
1184,Eklakhi Mausoleum,Malda,West Bengal
1185,Firoz Minar,Malda,West Bengal
1186,Deulghat Temple,Purulia,West Bengal
1187,Pakbirra Jain Temples,Purulia,West Bengal
1188,Cheliama Temple,Purulia,West Bengal
1189,Para Temple,Purulia,West Bengal
1190,Banda Deul Temple,Purulia,West Bengal
1191,Tarapith Temple,Birbhum,West Bengal
1192,Kankalitala Temple,Birbhum,West Bengal
1193,Bakreshwar Temple,Birbhum,West Bengal
1194,Nalhateshwari Temple,Birbhum,West Bengal
1195,Fullara Temple,Birbhum,West Bengal
1196,Ahobila Narasimha Swamy Temple (Upper Ahobilam),Ahobilam,Andhra Pradesh
1197,Prahalada Varada / Bhargava Narasimha Temple (Lower Ahobilam),Ahobilam,Andhra Pradesh
1198,Amaralingeswara Temple (Amareswara Temple),Amaravati,Andhra Pradesh
1199,Mahishasura Mardini and Veerabhadraswamy Shrine Circle,Amaravati,Andhra Pradesh
1200,Sri Anantheswara Temple,Anantapur,Andhra Pradesh
1201,Sri Anjaneya Swamy Temple,Anantapur,Andhra Pradesh
1202,"Veerabhadra Temple, Lepakshi",Anantapur,Andhra Pradesh
1203,"Sri Ranganatha Swamy Temple, Penukonda",Anantapur,Andhra Pradesh
1204,Hemavati Shiva Temple,Anantapur,Andhra Pradesh
1205,Sri Veera Venkata Satyanarayana Swamy Temple,Annavaram,Andhra Pradesh
1206,Vana Durga and Kanaka Durga Temples,Annavaram,Andhra Pradesh
1207,Sri Bhimeswara Swamy Temple,Draksharamam,Andhra Pradesh
1208,Kashi Vishweshwara Swamy Shrine,Draksharamam,Andhra Pradesh
1209,Kotappakonda Trikoteswara Swamy Temple,Guntur,Andhra Pradesh
1210,Ankamma Thalli Temple,Guntur,Andhra Pradesh
1211,"Sri Anjaneya Swamy Temple, Ponnur",Guntur,Andhra Pradesh
1212,"Bhavanarayana Swamy Temple, Bapatla",Guntur,Andhra Pradesh
1213,"Chaturmukha Brahma and Nageswara Swamy Temple, Chebrole",Guntur,Andhra Pradesh
1214,"Sri Raghavendra Swamy Brindavanam, Mantralayam",Kurnool,Andhra Pradesh
1215,Yaganti Uma Maheswara Temple,Kurnool,Andhra Pradesh
1216,Shirdi Sai Baba Temple,Kurnool,Andhra Pradesh
1217,Jagannatha Gattu Temple,Kurnool,Andhra Pradesh
1218,Saraswati Temple,Kurnool,Andhra Pradesh
1219,Sri Panakala Lakshmi Narasimha Swamy Temple,Mangalagiri,Andhra Pradesh
1220,Sri Lakshmi Narasimha Swamy Temple (foot of the hill),Mangalagiri,Andhra Pradesh
1221,Sri Ranganathaswamy Temple (Talpagiri),Nellore,Andhra Pradesh
1222,Sri Narasimhaswamy Temple,Nellore,Andhra Pradesh
1223,"Sri Mallikarjuna Swamy Kamakshi Temple, Jonnawada",Nellore,Andhra Pradesh
1224,Sri Shiva Temple,Nellore,Andhra Pradesh
1225,Sri Rajarajeshwari Temple,Nellore,Andhra Pradesh
1226,Markandeya Temple,Rajahmundry,Andhra Pradesh
1227,Mahakaleshwar Temple,Rajahmundry,Andhra Pradesh
1228,Kotilingeswara Temple,Rajahmundry,Andhra Pradesh
1229,ISKCON Temple (Sri Sri Radha Gopinath Dasavatara Temple),Rajahmundry,Andhra Pradesh
1230,Venu Gopala Swamy Temple,Rajahmundry,Andhra Pradesh
1231,Sri Varaha Lakshmi Narasimha Swamy Temple,Simhachalam,Andhra Pradesh
1232,"Kasi Vishweswara Sub-shrine, Simhachalam Temple Complex",Simhachalam,Andhra Pradesh
1233,Sri Kalahasteeswara Swamy Temple,Srikalahasti,Andhra Pradesh
1234,Sri Subrahmanya Swamy Temple,Srikalahasti,Andhra Pradesh
1235,Sri Bhramaramba Mallikarjuna Swamy Temple,Srisailam,Andhra Pradesh
1236,Sikhareswara Temple,Srisailam,Andhra Pradesh
1237,"Sri Venkateswara Temple, Tirumala",Tirupati,Andhra Pradesh
1238,"Sri Padmavathi Ammavari Temple, Tiruchanur",Tirupati,Andhra Pradesh
1239,Sri Govindaraja Swami Temple,Tirupati,Andhra Pradesh
1240,Sri Kapileswara Swamy Temple,Tirupati,Andhra Pradesh
1241,Kapila Theertham,Tirupati,Andhra Pradesh
1242,Sri Kanaka Durga Temple,Vijayawada,Andhra Pradesh
1243,Sri Subramanya Swamy Temple,Vijayawada,Andhra Pradesh
1244,Sri Venkateshwara Swamy Temple,Vijayawada,Andhra Pradesh
1245,"Sri Vyagra Lakshmi Narasimha Swamy Temple, Agiripalli",Vijayawada,Andhra Pradesh
1246,ISKCON Temple,Vijayawada,Andhra Pradesh
1247,Sri Kanaka Maha Lakshmi Temple,Visakhapatnam,Andhra Pradesh
1248,"Sri Venkateswara Swamy Temple, Rushikonda",Visakhapatnam,Andhra Pradesh
1249,Sri Shirdi Sai Mandir,Visakhapatnam,Andhra Pradesh
1250,"ISKCON Temple, Visakhapatnam",Visakhapatnam,Andhra Pradesh
1251,Sri Visweswara Swamy Temple,Visakhapatnam,Andhra Pradesh
1252,Buddha Temple (Gompa Buddhist Temple),Itanagar,Arunachal Pradesh
1253,Ganga Jamuna Mandir,Itanagar,Arunachal Pradesh
1254,Karuwabasti Bodo Bathou Mandir,Itanagar,Arunachal Pradesh
1255,"Sri Sri Radha Krishna Mandir, Itanagar",Itanagar,Arunachal Pradesh
1256,"Shiv Mandir, Itanagar",Itanagar,Arunachal Pradesh
1257,"Bomdila Monastery (Gontse Gaden Rabgyel Ling / GRL, Upper Gompa)",Bomdila,Arunachal Pradesh
1258,"Lower Gompa, Bomdila",Bomdila,Arunachal Pradesh
1259,Malinithan Temple Ruins,Malinithan,Arunachal Pradesh
1260,Akashiganga Temple,Malinithan,Arunachal Pradesh
1261,Naharlagun Buddhist Temple (Thupsung Dhargye Ling),Naharlagun,Arunachal Pradesh
1262,Digambar Jain Temple (Bh. Parshwanath),Naharlagun,Arunachal Pradesh
1263,Parshuram Kund,Parasuram Kund,Arunachal Pradesh
1264,Devi Renuka Shrine,Parasuram Kund,Arunachal Pradesh
1265,Bongkud Monying,Pasighat,Arunachal Pradesh
1266,Dangaria Baba Temple,Pasighat,Arunachal Pradesh
1267,Kupunli Cave Temple,Roing,Arunachal Pradesh
1268,Bhismaknagar Temple Complex,Roing,Arunachal Pradesh
1269,Tawang Monastery,Tawang,Arunachal Pradesh
1270,Tawang Taktshang Monastery,Tawang,Arunachal Pradesh
1271,Temple (Tezu Temple-Monastery-Gurudwara Compound),Tezu,Arunachal Pradesh
1272,Shree Siddheshwar Nath Temple,Ziro,Arunachal Pradesh
1273,Meghna Cave Temple,Ziro,Arunachal Pradesh
1274,Barpeta Satra (Kirtan Ghar),Barpeta,Assam
1275,Sundaridiya Satra,Barpeta,Assam
1276,Raidongia Dol (Shiva Dol),Dibrugarh,Assam
1277,Sri Jagannath Temple (Shrikshetra Dhaam),Dibrugarh,Assam
1278,Radha Krishna Mandir (Jalan Mandir),Dibrugarh,Assam
1279,"Durga Temple, Dibrugarh",Dibrugarh,Assam
1280,Dehing Satra,Dibrugarh,Assam
1281,Kamakhya Temple,Dispur,Assam
1282,Umananda Temple,Dispur,Assam
1283,Ugratara Temple,Dispur,Assam
1284,"ISKCON Temple, Guwahati",Dispur,Assam
1285,Doul Govinda Temple,Dispur,Assam
1286,Kamakhya Temple,Guwahati,Assam
1287,Umananda Temple,Guwahati,Assam
1288,Navagraha Temple,Guwahati,Assam
1289,Sukreswar Temple,Guwahati,Assam
1290,Basistha Temple (Vashistha Ashram),Guwahati,Assam
1291,Hayagriva Madhava Temple,Hajo,Assam
1292,Kedareswar Temple (Kedar Temple),Hajo,Assam
1293,Dhekiakhowa Bornamghar,Jorhat,Assam
1294,Burigosain Devalay (Buri Gossain Temple),Jorhat,Assam
1295,Bilvesvar Shiva Temple,Jorhat,Assam
1296,Hatibaruah Namghar,Jorhat,Assam
1297,Auniati Satra,Jorhat,Assam
1298,Madan Kamdev Temple (Kameswar Shiva Shrine),Madan Kamdev,Assam
1299,"Devi Shrine, Madan Kamdev Ruins",Madan Kamdev,Assam
1300,Maha Mrityunjay Temple,Nagaon,Assam
1301,Gatanga Temple,Nagaon,Assam
1302,Nag Shankar Temple,Nagaon,Assam
1303,Silghat Trishuldhari Temple,Nagaon,Assam
1304,Hatimura Temple,Nagaon,Assam
1305,Bhuban Mahadev Temple,Silchar,Assam
1306,Kanch Kanti Kali Mandir,Silchar,Assam
1307,"ISKCON Temple, Silchar",Silchar,Assam
1308,Salganga Vishnu Temple,Silchar,Assam
1309,Ramakrishna Mission Sevashrama (Universal Temple of Sri Ramakrishna),Silchar,Assam
1310,Shiva Dol (Sivadol),Sivasagar,Assam
1311,Vishnu Dol,Sivasagar,Assam
1312,Mahabhairab Temple,Sonitpur,Assam
1313,Bamuni Hills Ruins,Sonitpur,Assam
1314,Tilinga Mandir (Bell Temple),Tinsukia,Assam
1315,Shiv Dham,Tinsukia,Assam
1316,Nepali Mandir (Nepali Durga Mandir),Tinsukia,Assam
1317,Panchmukhi Hanuman Mandir,Tinsukia,Assam
1318,Radha Krishna Mandir,Tinsukia,Assam
1319,Aranya Devi Temple,Arrah,Bihar
1320,"Mahamaya Temple, Arrah",Arrah,Bihar
1321,"Hanuman Mandir, Arrah",Arrah,Bihar
1322,"Shiv Temple, Ramna Maidan",Arrah,Bihar
1323,"Gayatri Mandir, Arrah",Arrah,Bihar
1324,Ajgaivinath Temple,Bhagalpur,Bihar
1325,Champapur Digambar Jain Mandir,Bhagalpur,Bihar
1326,Budhanath Temple,Bhagalpur,Bihar
1327,Colganj Rock Cut Temple,Bhagalpur,Bihar
1328,"Shiv Shakti Mandir, Bhagalpur",Bhagalpur,Bihar
1329,Shyama Kali Temple (Shyama Mai / Rameshwari Kali Temple),Darbhanga,Bihar
1330,"Kankali Temple, Darbhanga",Darbhanga,Bihar
1331,Ahilya Asthan Temple,Darbhanga,Bihar
1332,"Manokamna Temple, Darbhanga",Darbhanga,Bihar
1333,"ISKCON Temple, Darbhanga",Darbhanga,Bihar
1334,Deo Sun Temple (Deo Surya Mandir),Deo (Sun Temple),Bihar
1335,Umga Sun Temple,Deo (Sun Temple),Bihar
1336,Vishnupad Temple,Gaya,Bihar
1337,Mahabodhi Temple,Gaya,Bihar
1338,Mangla Gauri Temple,Gaya,Bihar
1339,Dungeshwari Cave Temples,Gaya,Bihar
1340,Brahmayoni Hill Temple,Gaya,Bihar
1341,Kapileshwar Temple (Kapileswarsthan),Madhubani,Bihar
1342,"Somnath Mahadev Temple, Saurath",Madhubani,Bihar
1343,Sita Kund,Motihari,Bihar
1344,"Someshwar Nath Mahadev Temple, Areraj",Motihari,Bihar
1345,"Modern Shiva Temple, Areraj",Motihari,Bihar
1346,Kesaria Rama Temple,Motihari,Bihar
1347,Motihari Station Mandir,Motihari,Bihar
1348,Mundeshwari Devi Temple,Mundeshwari,Bihar
1349,"Panchmukhi Shivalinga Shrine, Mundeshwari Complex",Mundeshwari,Bihar
1350,Garib Nath Mandir,Muzaffarpur,Bihar
1351,"Chhinmastika Mandir, Muzaffarpur",Muzaffarpur,Bihar
1352,"Shri Rani Sati Mandir, Muzaffarpur",Muzaffarpur,Bihar
1353,"Maa Vaishno Devi Mandir, Muzaffarpur",Muzaffarpur,Bihar
1354,"Devi Mandir, Muzaffarpur",Muzaffarpur,Bihar
1355,"Surya Mandir, Surajpur Baragaon",Nalanda,Bihar
1356,"Shiva Temple, Ramchandrapur",Nalanda,Bihar
1357,Mahavir Mandir,Patna,Bihar
1358,Patan Devi Temple,Patna,Bihar
1359,"ISKCON Temple, Patna",Patna,Bihar
1360,"Gayatri Mandir, Patna",Patna,Bihar
1361,Takht Sri Patna Sahib,Patna,Bihar
1362,Puran Devi Mandir,Purnia,Bihar
1363,"Kali Mandir, Purnia",Purnia,Bihar
1364,Kamakshi Sthan Temple,Purnia,Bihar
1365,Markandey Mahadev Temple,Purnia,Bihar
1366,"Panchmukhi Hanuman Mandir, Purnia",Purnia,Bihar
1367,"Lakshmi Narayan Temple, Rajgir",Rajgir,Bihar
1368,Nandyavarta Jain Temple,Rajgir,Bihar
1369,"Mahendra Nath Temple, Mehdar",Siwan,Bihar
1370,"Panchmukhi Shivalinga Temple, Siwan",Siwan,Bihar
1371,Burhiya Mai Temple,Siwan,Bihar
1372,Anand Bagh Math and Sunder Bagh Math,Siwan,Bihar
1373,"Baba Baijnath Dham, Siwan",Siwan,Bihar
1374,Bawan Pokhar Temple,Vaishali,Bihar
1375,"Shri Digambar Jain Mandir, Vaishali",Vaishali,Bihar
1376,"Jagannath Temple, Bhilai",Bhilai,Chhattisgarh
1377,Shree Shirdi Saibaba Mandir,Bhilai,Chhattisgarh
1378,Maa Jagdamba Mandir,Bhilai,Chhattisgarh
1379,"Shiva Mandir, Bhilai",Bhilai,Chhattisgarh
1380,"Ganga Maiya Temple, Bhilai",Bhilai,Chhattisgarh
1381,"Pataleshwar Cave Temple, Malhar",Bilaspur,Chhattisgarh
1382,"Devrani Jethani Temple Complex, Tala",Bilaspur,Chhattisgarh
1383,"Kali Mandir, Bilaspur",Bilaspur,Chhattisgarh
1384,"Deur Temple, Malhar",Bilaspur,Chhattisgarh
1385,Dindeshwari Temple,Bilaspur,Chhattisgarh
1386,Danteshwari Temple,Dantewada,Chhattisgarh
1387,Bhairav Baba Temple,Dantewada,Chhattisgarh
1388,Bilai Mata Mandir,Dhamtari,Chhattisgarh
1389,"Rudreshwar Mahadev Temple, Rudri",Dhamtari,Chhattisgarh
1390,Maitri Bagh Shiv Mandir,Durg,Chhattisgarh
1391,"Hanuman Temple, Durg",Durg,Chhattisgarh
1392,Balaji Dham,Durg,Chhattisgarh
1393,Deorbijia Temple,Durg,Chhattisgarh
1394,"Ganga Maiya Temple, Jhalmala",Durg,Chhattisgarh
1395,Narayanpal Temple,Jagdalpur,Chhattisgarh
1396,"Jagannath Temple, Jagdalpur",Jagdalpur,Chhattisgarh
1397,Mawli Mata Temple,Jagdalpur,Chhattisgarh
1398,"Ganesha Temple, Barsur",Jagdalpur,Chhattisgarh
1399,"32-Pillar Shiva Temple, Barsur",Jagdalpur,Chhattisgarh
1400,Sarvamangala Temple,Korba,Chhattisgarh
1401,Dakshin Mukhi Hanuman Mandir,Korba,Chhattisgarh
1402,Mandwarani Temple,Korba,Chhattisgarh
1403,"Chakreshwar Mahadev Temple, Kanki",Korba,Chhattisgarh
1404,Sitamani Temples and Caves,Korba,Chhattisgarh
1405,"Pahadi Mandir, Raigarh",Raigarh,Chhattisgarh
1406,"Balaji Temple, Raigarh",Raigarh,Chhattisgarh
1407,"Barfani Dham, Raigarh",Raigarh,Chhattisgarh
1408,Mankeshwari Mandir,Raigarh,Chhattisgarh
1409,Sarangarh Mahamaya Temple,Raigarh,Chhattisgarh
1410,"Maa Mahamaya Devi Temple, Raipur",Raipur,Chhattisgarh
1411,"Sri Jagannath Mandir, Raipur",Raipur,Chhattisgarh
1412,"Shri Ram Mandir, Raipur",Raipur,Chhattisgarh
1413,Banjari Mata Mandir,Raipur,Chhattisgarh
1414,"Shree Khatu Shyam Mandir, Raipur",Raipur,Chhattisgarh
1415,Rajiv Lochan Temple,Rajim,Chhattisgarh
1416,Kuleshwar Mahadev Temple,Rajim,Chhattisgarh
1417,"Maa Bamleshwari Temple, Dongargarh",Rajnandgaon,Chhattisgarh
1418,Paatal Bhairavi Temple,Rajnandgaon,Chhattisgarh
1419,"Barfani Dham, Rajnandgaon",Rajnandgaon,Chhattisgarh
1420,Mata Sheetala Devi Shakti Peetha,Rajnandgaon,Chhattisgarh
1421,"Chandrahasini Devi Temple, Chandkhuri",Rajnandgaon,Chhattisgarh
1422,Mahamaya Devi Temple (Kosaleswari Devi Mandir),Ratanpur,Chhattisgarh
1423,Ram Tekri Mandir,Ratanpur,Chhattisgarh
1424,Lakshman Temple,Sirpur,Chhattisgarh
1425,Gandheshwar Temple,Sirpur,Chhattisgarh
1426,Mahalaxmi Temple,Panaji,Goa
1427,Maruti Temple,Panaji,Goa
1428,Sri Apteshwar Ganapati Temple,Panaji,Goa
1429,Sri Sati Temple,Panaji,Goa
1430,Sai Baba Temple,Panaji,Goa
1431,Shri Ramnath Temple (Ramnathi),Vasco da Gama,Goa
1432,Shri Durgamata Shiv Mandin,Vasco da Gama,Goa
1433,Damodar Temple (Vasco branch),Vasco da Gama,Goa
1434,Shri Shantadurga Temple,Kavlem,Goa
1435,"Kalbhairav shrine, Shantadurga temple complex",Kavlem,Goa
1436,Shri Mangeshi Temple,Mangeshi (Priol),Goa
1437,"Parvati shrine, Mangeshi temple complex",Mangeshi (Priol),Goa
1438,Shree Dev Bodgeshwar Temple,Mapusa,Goa
1439,Maruti Temple,Mapusa,Goa
1440,Damodar Temple (Saal),Margao,Goa
1441,Shri 1008 Adinath Digambar Jain Mandir,Margao,Goa
1442,Shri Bhagavati Temple,Pernem,Goa
1443,Shri Morjai Temple,Pernem,Goa
1444,Nagesh (Naguesh) Temple,Ponda,Goa
1445,Shri Mahalaxmi Temple,Ponda,Goa
1446,Shri Damodar Temple,Quepem,Goa
1447,Shantadurga Temple (Fatorpa),Quepem,Goa
1448,Tambdi Surla Temple (Shri Mahadeva Temple),Sanguem,Goa
1449,Mahamaya Devi Temple,Sanguem,Goa
1450,Bhadrakali Temple,Ahmedabad,Gujarat
1451,Hutheesing Jain Temple,Ahmedabad,Gujarat
1452,Shri Hanuman Ji Temple,Ahmedabad,Gujarat
1453,"Jagannath Temple, Jamalpur",Ahmedabad,Gujarat
1454,"Vaishno Devi Temple, Ahmedabad",Ahmedabad,Gujarat
1455,"Swaminarayan Temple, Anand",Anand,Gujarat
1456,"Jalaram Temple, Anand",Anand,Gujarat
1457,"BAPS Shri Swaminarayan Mandir, Anand",Anand,Gujarat
1458,Lambhvel Hanumanji Temple,Anand,Gujarat
1459,Manilakshmi Jain Tirtha,Anand,Gujarat
1460,Nishkalank Mahadev Temple,Bhavnagar,Gujarat
1461,Shree Takhteshwar Temple,Bhavnagar,Gujarat
1462,"Shree Khodiyar Mata Mandir, Bhavnagar",Bhavnagar,Gujarat
1463,Aksharwadi Swaminarayan Temple (BAPS),Bhavnagar,Gujarat
1464,"Shri Adishwar Temple, Bhavnagar",Bhavnagar,Gujarat
1465,"BAPS Akshardham Temple, Gandhinagar",Gandhinagar,Gujarat
1466,Shree Dholeshwar Mahadev Temple,Gandhinagar,Gujarat
1467,Mahudi Mandir,Gandhinagar,Gujarat
1468,"Omkareshwar Mahadev Temple, Gandhinagar",Gandhinagar,Gujarat
1469,"Shree Hanuman Temple, Gandhinagar",Gandhinagar,Gujarat
1470,Zand Hanuman Temple,Godhra,Gujarat
1471,"Trimurti Temple, Bhamaiya",Godhra,Gujarat
1472,Shri Vasupujya Swami Jain Derasar,Godhra,Gujarat
1473,"Ramji Mandir, Godhra",Godhra,Gujarat
1474,Godhra Trimandir,Godhra,Gujarat
1475,Bala Hanuman Temple,Jamnagar,Gujarat
1476,Khijada Temple,Jamnagar,Gujarat
1477,"Dwarkadhish Temple, Jamnagar",Jamnagar,Gujarat
1478,"Jain Temple Triad, Jamnagar",Jamnagar,Gujarat
1479,"Bhidbhanjan Temple, Jamnagar",Jamnagar,Gujarat
1480,Shri Swaminarayan Mandir (Radha Ramana Temple),Junagadh,Gujarat
1481,Shri Radha Damodarji Temple (Damodar Kund),Junagadh,Gujarat
1482,Bhavnath Mahadev Temple,Junagadh,Gujarat
1483,ISKCON Junagadh,Junagadh,Gujarat
1484,"Jhulelal Mandir, Junagadh",Junagadh,Gujarat
1485,"BAPS Shri Swaminarayan Mandir, Rajkot",Rajkot,Gujarat
1486,Shree Panchnath Mahadev Mandir,Rajkot,Gujarat
1487,ISKCON Temple (Sri Radha Neelmadhav Dham),Rajkot,Gujarat
1488,Shree Balaji Hanumanji Mandir,Rajkot,Gujarat
1489,"Parshuram Temple, Rajkot",Rajkot,Gujarat
1490,Ambika Niketan Temple,Surat,Gujarat
1491,"Shri Swaminarayan Temple, Surat",Surat,Gujarat
1492,Sri Sri Radha Damodar Temple (ISKCON Surat),Surat,Gujarat
1493,Kanteshwar Mahadev Temple,Surat,Gujarat
1494,"Bada Ganesh Temple, Surat",Surat,Gujarat
1495,EME Temple (Dakshinamurthy Temple),Vadodara,Gujarat
1496,Tapovan Temple,Vadodara,Gujarat
1497,Shri Surya Narayan Temple,Vadodara,Gujarat
1498,Kayavarohan Temple,Vadodara,Gujarat
1499,"Kirti Mandir, Vadodara",Vadodara,Gujarat
1500,Ambaji Temple (Arasuri Ambaji Mandir),Ambaji,Gujarat
1501,Gabbar Hill Temple,Ambaji,Gujarat
1502,Ranchhodrai Temple,Dakor,Gujarat
1503,Danknath Temple,Dakor,Gujarat
1504,Dwarkadhish Temple (Jagat Mandir),Dwarka,Gujarat
1505,Rukmini Devi Temple,Dwarka,Gujarat
1506,"Neminath Jain Temple, Girnar",Girnar (Junagadh),Gujarat
1507,"Amba Mata Temple, Girnar",Girnar (Junagadh),Gujarat
1508,Modhera Sun Temple,Modhera,Gujarat
1509,Panchlinga Shiva Temple,Modhera,Gujarat
1510,Adishwar Temple (Rishabhdev Temple),Palitana,Gujarat
1511,Motishah Tuk,Palitana,Gujarat
1512,"Kalika Mata Temple, Pavagadh",Pavagadh,Gujarat
1513,"Lakulisha Temple, Pavagadh",Pavagadh,Gujarat
1514,Somnath Jyotirlinga Temple,Somnath,Gujarat
1515,Somnath Mahadev Temple (Ahilyabai Temple),Somnath,Gujarat
1516,Kali Mata Mandir,Ambala,Haryana
1517,Bhawani Amba Temple (Sheetla Mata),Ambala,Haryana
1518,Tilla Mandir,Ambala,Haryana
1519,Hathikhana Kailash Temple,Ambala,Haryana
1520,Ambika Devi Mandir,Ambala,Haryana
1521,Chandi Mandir (Chandi Devi Temple),Chandigarh,Haryana
1522,Mata Mansa Devi Temple,Chandigarh,Haryana
1523,Shirdi Sai Baba Temple,Chandigarh,Haryana
1524,Jayanti Devi Temple,Chandigarh,Haryana
1525,Sri Karthikeya Swamy Temple,Chandigarh,Haryana
1526,Shri Maharani Vaishno Devi Mandir,Faridabad,Haryana
1527,Shirdi Sai Baba Temple,Faridabad,Haryana
1528,Shree Banke Bihari Mandir,Faridabad,Haryana
1529,ISKCON Temple,Faridabad,Haryana
1530,Prachin Shri Laxmi Narayan Temple,Faridabad,Haryana
1531,Sheetla Mata Mandir,Gurgaon,Haryana
1532,ISKCON Temple (Sri Sri Radha Damodar),Gurgaon,Haryana
1533,Digambar Jain Temple,Gurgaon,Haryana
1534,"Sitaram Temple, Farrukhnagar",Gurgaon,Haryana
1535,Sai Ka Angan,Gurgaon,Haryana
1536,Agroha Dham Temple,Hisar,Haryana
1537,Devi Bhawan Mandir,Hisar,Haryana
1538,Maa Bhanbhori Bhramri Devi Temple,Hisar,Haryana
1539,Rani Sati Temple,Hisar,Haryana
1540,Shri Hanuman Temple,Hisar,Haryana
1541,Shri Karneshwar Mahadev Temple,Karnal,Haryana
1542,Shri Mata Durga Bhavani Bada Mandir,Karnal,Haryana
1543,Sitamai Temple,Karnal,Haryana
1544,Geeta Mandir,Karnal,Haryana
1545,Sri Ram Mandir,Karnal,Haryana
1546,Sthaneshwar Mahadev Temple,Kurukshetra,Haryana
1547,Bhadrakali Shaktipeeth Temple,Kurukshetra,Haryana
1548,Birla Mandir (Geeta Mandir),Kurukshetra,Haryana
1549,Kamal Nabhi Temple (Nabhi Kamal),Kurukshetra,Haryana
1550,Jyotisar Krishna Temple,Kurukshetra,Haryana
1551,Shri Devi Mandir,Panipat,Haryana
1552,Jagannath Mandir,Panipat,Haryana
1553,Shree Geeta Mandir,Panipat,Haryana
1554,Radha Krishna Mandir,Panipat,Haryana
1555,Shree Ram Mandir,Panipat,Haryana
1556,Prithudak (Pirthudakeshwar) Temple,Pehowa,Haryana
1557,"Kartikeya Temple, Pehowa",Pehowa,Haryana
1558,Durga Bhawan Mandir,Rohtak,Haryana
1559,Baba Mast Nath Math,Rohtak,Haryana
1560,Sheetla Mata Temple,Rohtak,Haryana
1561,Shri Digambar Jain Mandir,Rohtak,Haryana
1562,Shiv Temple,Rohtak,Haryana
1563,Panchmukhi Hanuman Mandir,Yamunanagar,Haryana
1564,Shri Radha Kunj Bihari Temple,Yamunanagar,Haryana
1565,Shiva Temple,Yamunanagar,Haryana
1566,Chilta Temple,Yamunanagar,Haryana
1567,Shani Mandir,Yamunanagar,Haryana
1568,Baijnath Vaidyanath Temple,Baijnath,Himachal Pradesh
1569,Krishna-Radha Shrine,Baijnath,Himachal Pradesh
1570,Markandeya Ji Temple,Bilaspur,Himachal Pradesh
1571,Vyas Gufa (Vyas Cave),Bilaspur,Himachal Pradesh
1572,Chintpurni Devi Temple (Chhinnamastika Shakti Peeth),Chintpurni,Himachal Pradesh
1573,Jakhni Mata Mandir,Chintpurni,Himachal Pradesh
1574,Tsuglagkhang Complex (Namgyal Monastery),Dharamshala,Himachal Pradesh
1575,Bhagsunath Temple,Dharamshala,Himachal Pradesh
1576,Hateshwari Mata Temple,Hatkoti,Himachal Pradesh
1577,"Shiv Mandir, Hatkoti",Hatkoti,Himachal Pradesh
1578,Jwala Ji Temple,Jwalamukhi,Himachal Pradesh
1579,Baglamukhi Temple,Jwalamukhi,Himachal Pradesh
1580,Brajeshwari Devi Temple (Bajreshwari Mata Temple),Kangra,Himachal Pradesh
1581,"Ambika Devi Temple, Kangra Fort",Kangra,Himachal Pradesh
1582,Raghunath Temple,Kullu,Himachal Pradesh
1583,Bijli Mahadev Temple,Kullu,Himachal Pradesh
1584,Bhootnath Temple,Mandi,Himachal Pradesh
1585,Panchvaktra Temple,Mandi,Himachal Pradesh
1586,"Raghunath (Rama) Temple, Manikaran",Manikaran,Himachal Pradesh
1587,Gurdwara Sri Manikaran Sahib,Manikaran,Himachal Pradesh
1588,Naina Devi Temple,Naina Devi,Himachal Pradesh
1589,"Shiva Shrine, Naina Devi Temple complex",Naina Devi,Himachal Pradesh
1590,Chamunda Devi Temple,Palampur,Himachal Pradesh
1591,Bundlamata Temple,Palampur,Himachal Pradesh
1592,"Raghunath Temple, Rampur Bushahr",Rampur,Himachal Pradesh
1593,"Chandika Temple, Rampur",Rampur,Himachal Pradesh
1594,Bhimakali Temple,Sarahan (Bhimakali),Himachal Pradesh
1595,"Narsingh Shrine, Bhimakali Temple complex",Sarahan (Bhimakali),Himachal Pradesh
1596,Jakhoo Temple,Shimla,Himachal Pradesh
1597,Tara Devi Temple,Shimla,Himachal Pradesh
1598,Kali Bari Temple,Shimla,Himachal Pradesh
1599,Sankat Mochan Temple,Shimla,Himachal Pradesh
1600,Narvadeshwar Temple,Shimla,Himachal Pradesh
1601,Shoolini Mata Temple,Solan,Himachal Pradesh
1602,Jatoli Shiv Temple,Solan,Himachal Pradesh
1603,Basukinath Temple (Baba Basukinath Dham),Basukinath,Jharkhand
1604,"Parvati Temple, Basukinath",Basukinath,Jharkhand
1605,"Jagannath Temple, Bokaro",Bokaro,Jharkhand
1606,Sri Sri Kalika Maharani Temple,Bokaro,Jharkhand
1607,"Ayyappa Temple, Bokaro",Bokaro,Jharkhand
1608,"Ram Mandir, Bokaro",Bokaro,Jharkhand
1609,"Surya Mandir, Bokaro",Bokaro,Jharkhand
1610,Baidyanath Dham (Baba Baidyanath Temple),Deoghar,Jharkhand
1611,Naulakha Mandir,Deoghar,Jharkhand
1612,"Taponath Mahadeva Temple, Tapovan",Deoghar,Jharkhand
1613,"Nandi Temple, Nandan Pahar",Deoghar,Jharkhand
1614,Kundeshwari Temple,Deoghar,Jharkhand
1615,"Shakti Mandir, Dhanbad",Dhanbad,Jharkhand
1616,Kalyaneshwari Temple,Dhanbad,Jharkhand
1617,"Jagannath Temple, Dhanbad",Dhanbad,Jharkhand
1618,"Hari Mandir, Dhanbad",Dhanbad,Jharkhand
1619,ISKCON Dhanbad,Dhanbad,Jharkhand
1620,"Harihar Dham, Bagodar",Giridih,Jharkhand
1621,Jharkhandi Dham,Giridih,Jharkhand
1622,"Samosharan Temple, Madhuban",Giridih,Jharkhand
1623,"Bhomiyaji Sthan, Madhuban",Giridih,Jharkhand
1624,Khandoli Shiv Mandir,Giridih,Jharkhand
1625,Vishnupuri Temple,Hazaribag,Jharkhand
1626,Narsinghsthan Temple,Hazaribag,Jharkhand
1627,"Budhwa Mahadev Mandir, Hazaribag",Hazaribag,Jharkhand
1628,Panchmukhi Hanuman Mandir,Hazaribag,Jharkhand
1629,"Panch Mandir, Surajkund",Hazaribag,Jharkhand
1630,Bhuvaneshwari Temple,Jamshedpur,Jharkhand
1631,Rankini Temple,Jamshedpur,Jharkhand
1632,"Surya Mandir, Jamshedpur",Jamshedpur,Jharkhand
1633,Tinplate Kali Mandir,Jamshedpur,Jharkhand
1634,Golpahari Mandir (Gol Pahari Mandir),Jamshedpur,Jharkhand
1635,Maa Chanchala Devi Temple (Shaktipeeth),Koderma,Jharkhand
1636,"Bhadrakali Temple, Koderma",Koderma,Jharkhand
1637,"Prachin Shiv Mandir, Khakparta",Lohardaga,Jharkhand
1638,"Budhwa Mahadev Temple, Lohardaga",Lohardaga,Jharkhand
1639,Shikharji Temple (Teerthraj Shikharji),Parasnath,Jharkhand
1640,Bhomiyaji Temple (Taleti),Parasnath,Jharkhand
1641,Chhinnamasta Temple (Chinnamastika Mandir),Rajrappa,Jharkhand
1642,"Kaleshwar Mahadev Temple, Rajrappa",Rajrappa,Jharkhand
1643,"Jagannath Temple, Ranchi",Ranchi,Jharkhand
1644,"Pahari Mandir, Ranchi",Ranchi,Jharkhand
1645,"Shree Maa Kali Mandir, Ranchi",Ranchi,Jharkhand
1646,"Sun Temple, Ranchi",Ranchi,Jharkhand
1647,"Shree Shyam Mandir, Ranchi",Ranchi,Jharkhand
1648,Kapileshwar Temple,Belgaum,Karnataka
1649,Military Mahadev Temple,Belgaum,Karnataka
1650,Kalameshwar Temple,Belgaum,Karnataka
1651,Hooli Panchalingeshwara Temple,Belgaum,Karnataka
1652,Saundatti Yellamma Temple,Belgaum,Karnataka
1653,ISKCON Bangalore (Sri Radha Krishna Chandra Temple),Bengaluru,Karnataka
1654,Dodda Basavana Gudi (Bull Temple),Bengaluru,Karnataka
1655,Gavi Gangadhareshwara Temple,Bengaluru,Karnataka
1656,Chokkanathaswamy Temple,Bengaluru,Karnataka
1657,Sri Someshwara Temple,Bengaluru,Karnataka
1658,Adumalleshwara Temple,Chitradurga,Karnataka
1659,Hidimbeshwara Temple,Chitradurga,Karnataka
1660,Nayakanahatti Thipperudraswamy Temple,Chitradurga,Karnataka
1661,Holalkere Ganesha Temple,Chitradurga,Karnataka
1662,Halu Rameshwara Temple,Chitradurga,Karnataka
1663,Sri Anjaneya Swamy Temple,Davangere,Karnataka
1664,Bagali Kalleshwara Temple,Davangere,Karnataka
1665,Shri Durgambika Temple,Davangere,Karnataka
1666,Eshwara Temple,Davangere,Karnataka
1667,Harihareshwara Temple,Davangere,Karnataka
1668,Sri Manjunatha Swamy Temple,Dharmasthala,Karnataka
1669,Bahubali (Gommateshwara) Statue Shrine,Dharmasthala,Karnataka
1670,Mahabaleshwar Temple,Gokarna,Karnataka
1671,Maha Ganapati Temple,Gokarna,Karnataka
1672,Hoysaleswara Temple,Halebidu,Karnataka
1673,Kedareshwara Temple,Halebidu,Karnataka
1674,Virupaksha Temple,Hampi,Karnataka
1675,Vittala Temple,Hampi,Karnataka
1676,Chandramouleshwara Temple,Hubli,Karnataka
1677,Siddharoodha Math,Hubli,Karnataka
1678,Nuggikeri Hanumantha Temple,Hubli,Karnataka
1679,Trinetra Shri Lakshmi Narasimha Temple,Hubli,Karnataka
1680,ISKCON Sri Krishna Balarama Temple,Hubli,Karnataka
1681,Kotilingeshwara Temple,Kolar,Karnataka
1682,Kolaramma Temple,Kolar,Karnataka
1683,Someshwara Temple,Kolar,Karnataka
1684,Sri Kashi Vishweshwara Temple (Antaragange),Kolar,Karnataka
1685,Venkataramana Temple,Kolar,Karnataka
1686,Sri Mookambika Temple,Kollur,Karnataka
1687,"Ganapathi Sub-shrine, Mookambika Temple Complex",Kollur,Karnataka
1688,Kukke Sri Subrahmanya Temple,Kukke Subramanya,Karnataka
1689,Adi Subrahmanya Temple,Kukke Subramanya,Karnataka
1690,Kadri Manjunatheshwara Temple,Mangalore,Karnataka
1691,Kudroli Gokarnanatheshwara Temple,Mangalore,Karnataka
1692,Mangaladevi Temple,Mangalore,Karnataka
1693,Sharavu Mahaganapathi Temple,Mangalore,Karnataka
1694,Kateel Durga Parameshwari Temple,Mangalore,Karnataka
1695,Cheluvanarayana Swamy Temple,Melkote,Karnataka
1696,Yoganarasimha Swamy Temple,Melkote,Karnataka
1697,Murudeshwara Temple,Murudeshwar,Karnataka
1698,"Ganapathi and Subramaniyar Sub-shrines, Murudeshwara Temple Complex",Murudeshwar,Karnataka
1699,Chamundeshwari Temple,Mysore,Karnataka
1700,"Chennakesava Temple, Somanathapura",Mysore,Karnataka
1701,Someswara Temple,Mysore,Karnataka
1702,Sri Bhuvaneshwari Temple,Mysore,Karnataka
1703,Mallikarjuna Temple,Mysore,Karnataka
1704,"Kedareshvara Temple, Balligavi",Shimoga,Karnataka
1705,"Aghoreshvara Temple, Ikkeri",Shimoga,Karnataka
1706,"Rameshwara Temple, Keladi",Shimoga,Karnataka
1707,"Shiva Temple, Shimoga",Shimoga,Karnataka
1708,Sigandur Chowdeshwari Temple,Shimoga,Karnataka
1709,Sringeri Sharada Peetham (Sharadamba Temple),Sringeri,Karnataka
1710,Vidyashankara Temple,Sringeri,Karnataka
1711,Goravanahalli Mahalakshmi Temple,Tumkur,Karnataka
1712,Kalleshwara Temple,Tumkur,Karnataka
1713,"Siddhalingeshwara Temple, Yediyur",Tumkur,Karnataka
1714,"Chennakeshava Temple, Kaidala",Tumkur,Karnataka
1715,Sri Lakshmi Narasimha Temple,Tumkur,Karnataka
1716,Sri Krishna Matha,Udupi,Karnataka
1717,Anantheshwara Temple,Udupi,Karnataka
1718,Chandramouleshwara Temple,Udupi,Karnataka
1719,Anegudde Vinayaka Temple,Udupi,Karnataka
1720,"Shri Vishweshwara Temple, Yellur",Udupi,Karnataka
1721,Mullakkal Rajarajeswari Temple,Alappuzha,Kerala
1722,"Sree Ganesh Temple, Mullackal",Alappuzha,Kerala
1723,Chettikulangara Bhagavathy Temple,Alappuzha,Kerala
1724,Mannarasala Sree Nagaraja Temple,Alappuzha,Kerala
1725,Karthyayani Devi Temple,Alappuzha,Kerala
1726,Parassinikadavu Muthappan Temple,Kannur,Kerala
1727,Rajarajeshwara Temple,Kannur,Kerala
1728,Taliparamba Shakti Peetha,Kannur,Kerala
1729,Mridanga Saileswari Temple,Kannur,Kerala
1730,Trichambaram Temple,Kannur,Kerala
1731,Ananthapura Lake Temple,Kasaragod,Kerala
1732,Mallikarjuna Temple,Kasaragod,Kerala
1733,Madhur Sri Madanantheshwara Vinayaka Temple,Kasaragod,Kerala
1734,Palakkunnu Sri Bhagavathy Temple,Kasaragod,Kerala
1735,Sri Gopalakrishna Temple,Kasaragod,Kerala
1736,Ernakulam Shiva Temple,Kochi,Kerala
1737,Sri Poornathrayeesa Temple,Kochi,Kerala
1738,Thrikkakara Temple,Kochi,Kerala
1739,Dharmanath Jain Temple (Gujarati Mandir),Kochi,Kerala
1740,Kaloor Pavakulam Sree Mahadeva Kshetram,Kochi,Kerala
1741,Thirunakkara Mahadeva Temple,Kottayam,Kerala
1742,Kumaranalloor Devi Temple,Kottayam,Kerala
1743,Thiruvarppu Sri Krishna Temple,Kottayam,Kerala
1744,Thaliyil (Talikotta) Mahadeva Temple,Kottayam,Kerala
1745,Pallippurathukavu Bhagavathi Temple,Kottayam,Kerala
1746,Tali Maha Shiva Kshetram,Kozhikode,Kerala
1747,Azhakodi Devi Temple,Kozhikode,Kerala
1748,Lokanarkavu Temple,Kozhikode,Kerala
1749,Mel Pazhani Murugan Temple,Kozhikode,Kerala
1750,Varakkal Devi Temple,Kozhikode,Kerala
1751,Keraladeshpuram Temple,Malappuram,Kerala
1752,Kadampuzha Bhagavathy Temple,Malappuram,Kerala
1753,Thirumandhamkunnu Bhagavathy Temple,Malappuram,Kerala
1754,Thirunavaya Lava Mukunda Temple,Malappuram,Kerala
1755,Vellamassery Garudan Kavu Temple,Malappuram,Kerala
1756,Sree Padmanabhaswamy Temple,Thiruvananthapuram,Kerala
1757,Attukal Bhagavathy Temple,Thiruvananthapuram,Kerala
1758,Azhimala Shiva Temple,Thiruvananthapuram,Kerala
1759,Pazhavangadi Ganapathy Temple,Thiruvananthapuram,Kerala
1760,Sreekanteswaram Temple,Thiruvananthapuram,Kerala
1761,Vadakkunnathan Temple,Thrissur,Kerala
1762,Thiruvambadi Sri Krishna Temple,Thrissur,Kerala
1763,Paramekkavu Bhagavathy Temple,Thrissur,Kerala
1764,Peruvanam Mahadeva Temple,Thrissur,Kerala
1765,Arattupuzha Temple,Thrissur,Kerala
1766,Ambalapuzha Sri Krishna Temple,Ambalapuzha,Kerala
1767,"Sastha (Ayyappa) shrine, Ambalapuzha temple complex",Ambalapuzha,Kerala
1768,Chottanikkara Bhagavathy Temple,Chottanikkara,Kerala
1769,Kizhukkavu Bhagavathy Temple,Chottanikkara,Kerala
1770,Ettumanoor Mahadeva Temple,Ettumanoor,Kerala
1771,"Krishna shrine, Ettumanoor temple complex",Ettumanoor,Kerala
1772,Guruvayur Sri Krishna Temple,Guruvayur,Kerala
1773,Mammiyoor Mahadeva Temple,Guruvayur,Kerala
1774,Sabarimala Sree Ayyappa Temple,Sabarimala,Kerala
1775,Malikappurathu Amma Temple,Sabarimala,Kerala
1776,Vaikom Mahadeva Temple,Vaikom,Kerala
1777,"Ganapathy shrine, Vaikom temple complex",Vaikom,Kerala
1778,Narmada Udgam Temple (Narmadakund),Amarkantak,Madhya Pradesh
1779,Kapil Dhara Temple,Amarkantak,Madhya Pradesh
1780,Birla Mandir (Lakshmi Narayan Temple),Bhopal,Madhya Pradesh
1781,Bhojeshwar Temple (Bhojpur Temple),Bhopal,Madhya Pradesh
1782,Gufa Mandir (Cave Temple),Bhopal,Madhya Pradesh
1783,Manuabhan Tekri Jain Temple,Bhopal,Madhya Pradesh
1784,Sri Radha Krishna Mandir,Bhopal,Madhya Pradesh
1785,Kamadgiri Temple,Chitrakoot,Madhya Pradesh
1786,Bharat Milap Temple,Chitrakoot,Madhya Pradesh
1787,Maa Chamunda Devi Temple,Dewas,Madhya Pradesh
1788,Jay Maa Tulja Bhavani (Badi Mata) Mandir,Dewas,Madhya Pradesh
1789,Kaila Devi Mandir,Dewas,Madhya Pradesh
1790,Mata Tekri Shankh Duvar,Dewas,Madhya Pradesh
1791,Dasha Mata Mandir,Dewas,Madhya Pradesh
1792,Sahastrabahu Temple (Saas-Bahu Ka Mandir),Gwalior,Madhya Pradesh
1793,Sun Temple (Surya Mandir),Gwalior,Madhya Pradesh
1794,Teli Ka Mandir,Gwalior,Madhya Pradesh
1795,Shri Koteshwar Mahadev Temple,Gwalior,Madhya Pradesh
1796,Chaturbhuj Temple,Gwalior,Madhya Pradesh
1797,Khajrana Ganesh Temple,Indore,Madhya Pradesh
1798,Bijasan Mata Temple,Indore,Madhya Pradesh
1799,Annapurna Temple,Indore,Madhya Pradesh
1800,Ranjeet Hanuman Temple,Indore,Madhya Pradesh
1801,Kanch Mandir,Indore,Madhya Pradesh
1802,Chausath Yogini Temple,Jabalpur,Madhya Pradesh
1803,Tripur Sundari Mandir,Jabalpur,Madhya Pradesh
1804,Sri Gupteshwar Mahadev Mandir,Jabalpur,Madhya Pradesh
1805,Pisanhari Ki Madiya,Jabalpur,Madhya Pradesh
1806,Paat Baba Mandir,Jabalpur,Madhya Pradesh
1807,Kandariya Mahadev Temple,Khajuraho,Madhya Pradesh
1808,"Chausath Yogini Temple, Khajuraho",Khajuraho,Madhya Pradesh
1809,Maa Sharda Devi Temple,Maihar,Madhya Pradesh
1810,"Chaturbhuj Temple, Maihar Fort",Maihar,Madhya Pradesh
1811,Shri Omkareshwar Jyotirlinga Temple,Omkareshwar,Madhya Pradesh
1812,Mamleshwar (Amareshwar) Temple,Omkareshwar,Madhya Pradesh
1813,Ram Raja Temple,Orchha,Madhya Pradesh
1814,Chaturbhuj Temple,Orchha,Madhya Pradesh
1815,Jata Shankar Cave Temple,Pachmarhi,Madhya Pradesh
1816,Chauragarh Temple (Chhota Mahadeo),Pachmarhi,Madhya Pradesh
1817,Kalika Mata Mandir,Ratlam,Madhya Pradesh
1818,Mahalakshmi Temple,Ratlam,Madhya Pradesh
1819,Kedareshwar Temple,Ratlam,Madhya Pradesh
1820,Bilpakeshwara Temple,Ratlam,Madhya Pradesh
1821,Sagod Jain Temple,Ratlam,Madhya Pradesh
1822,Shiv Temple (Baina Ganga / 12 Jyotirlinga Shrine),Sagar,Madhya Pradesh
1823,Shri Dev Ram Bagh Mandir,Sagar,Madhya Pradesh
1824,Moraji Digambar Jain Temple,Sagar,Madhya Pradesh
1825,Gopal Ji Temple,Sagar,Madhya Pradesh
1826,Jwala Mata Mandir,Sagar,Madhya Pradesh
1827,Venkatesh Temple,Satna,Madhya Pradesh
1828,Pashupati Nath Temple,Satna,Madhya Pradesh
1829,Vaishno Devi Temple,Satna,Madhya Pradesh
1830,Belatgiri Temple,Satna,Madhya Pradesh
1831,Golamath Temple,Satna,Madhya Pradesh
1832,"Mahakaleshwar Temple, Seoni",Seoni,Madhya Pradesh
1833,Chhindimatta Temple,Seoni,Madhya Pradesh
1834,Dighori Temple (Adi Shankaracharya Temple),Seoni,Madhya Pradesh
1835,Matradham Mandir,Seoni,Madhya Pradesh
1836,Jagdish Mandir,Seoni,Madhya Pradesh
1837,Mahakaleshwar Jyotirlinga Temple,Ujjain,Madhya Pradesh
1838,Kal Bhairav Temple,Ujjain,Madhya Pradesh
1839,Mangalnath Temple,Ujjain,Madhya Pradesh
1840,Navagraha Temple,Ujjain,Madhya Pradesh
1841,Gadkalika Temple,Ujjain,Madhya Pradesh
1842,Sant Dnyaneshwar Maharaj Samadhi Mandir,Alandi,Maharashtra
1843,Vitthal-Rukmini Temple,Alandi,Maharashtra
1844,Nagnath (Nageshwar) Jyotirlinga Temple,Aundha Nagnath,Maharashtra
1845,"Subsidiary Jyotirlinga Shrines, Nagnath Temple Complex",Aundha Nagnath,Maharashtra
1846,Grishneshwar Jyotirlinga Temple,Aurangabad,Maharashtra
1847,"Kailasa (Kailashanatha) Temple, Ellora",Aurangabad,Maharashtra
1848,Khandoba Temple,Aurangabad,Maharashtra
1849,Bhadra Maruti Temple,Aurangabad,Maharashtra
1850,Omkareshwar Mahadev Mandir,Aurangabad,Maharashtra
1851,Bhimashankar Jyotirlinga Temple,Bhimashankar,Maharashtra
1852,Gupt Bhimashankar,Bhimashankar,Maharashtra
1853,Sant Tukaram Maharaj Janm Sthan / Sansthan Mandir,Dehu,Maharashtra
1854,Sant Tukaram Maharaj Gatha Mandir,Dehu,Maharashtra
1855,Shree Ganpatipule Mandir (Swayambhu Ganapati Temple),Ganpatipule,Maharashtra
1856,Ganeshgule (Agargule) Temple,Ganpatipule,Maharashtra
1857,Omkareshwar Temple,Jalgaon,Maharashtra
1858,Iccha Devi Mandir,Jalgaon,Maharashtra
1859,Shree Ram Mandir,Jalgaon,Maharashtra
1860,Shree Kshetra Padmalaya,Jalgaon,Maharashtra
1861,Patnadevi (Chandikadevi) Temple,Jalgaon,Maharashtra
1862,Mahalaxmi Temple (Ambabai Temple),Kolhapur,Maharashtra
1863,Jyotiba Temple,Kolhapur,Maharashtra
1864,Temblai Mandir,Kolhapur,Maharashtra
1865,Uttareshwar Mahadev Temple,Kolhapur,Maharashtra
1866,Bhavani Mandap,Kolhapur,Maharashtra
1867,Siddheshwar Ratneshwar Mandir,Latur,Maharashtra
1868,Shri Ashtavinayak Mandir,Latur,Maharashtra
1869,Shri Virat Hanuman Mandir,Latur,Maharashtra
1870,"Jagdamba Mata Temple, Ganj Golai",Latur,Maharashtra
1871,"Ganpati Mandir, Latur",Latur,Maharashtra
1872,Siddhivinayak Temple,Mumbai,Maharashtra
1873,Mahalakshmi Temple,Mumbai,Maharashtra
1874,Babulnath Temple,Mumbai,Maharashtra
1875,Walkeshwar Temple,Mumbai,Maharashtra
1876,Swaminarayan Temple,Mumbai,Maharashtra
1877,Shri Ganesh Tekdi Mandir (Tekdicha Ganpati),Nagpur,Maharashtra
1878,BAPS Shri Swaminarayan Mandir,Nagpur,Maharashtra
1879,Shri Balaji Shri Karthikeya Temple,Nagpur,Maharashtra
1880,Sai Baba Temple,Nagpur,Maharashtra
1881,Koradi Temple,Nagpur,Maharashtra
1882,Kalaram Temple,Nashik,Maharashtra
1883,Saptashrungi Devi Mandir,Nashik,Maharashtra
1884,Someshwar Temple,Nashik,Maharashtra
1885,Sita Gufaa (Sita Cave) Temple,Nashik,Maharashtra
1887,Shri Vitthal Rukmini Temple,Pandharpur,Maharashtra
1888,Pundalik Temple,Pandharpur,Maharashtra
1889,Shri Vaijnath (Vaidyanath) Jyotirlinga Temple,Parli Vaijnath,Maharashtra
1890,"Parvati and Ganesha Sub-shrines, Vaijnath Temple Complex",Parli Vaijnath,Maharashtra
1891,Dagdusheth Halwai Ganpati Temple,Pune,Maharashtra
1892,Omkareshwar Temple,Pune,Maharashtra
1893,Shri Chatushrungi Devi Temple,Pune,Maharashtra
1894,Sarasbaug Ganpati Temple,Pune,Maharashtra
1895,Laxmi Narasimha Temple,Pune,Maharashtra
1896,Ganapati Temple (Bagetala Ganpati),Sangli,Maharashtra
1897,Sangameshwar Temple,Sangli,Maharashtra
1898,Bahubali Hill Temple,Sangli,Maharashtra
1899,Jwala Narsimh Temple,Sangli,Maharashtra
1900,Mahalaxmi Temple,Sangli,Maharashtra
1901,Shani Shingnapur Temple,Shani Shingnapur,Maharashtra
1902,"Dattatray Shrine, Shani Shingnapur Complex",Shani Shingnapur,Maharashtra
1903,Shri Sai Baba Samadhi Mandir,Shirdi,Maharashtra
1904,Khandoba Temple,Shirdi,Maharashtra
1905,Siddheshwar Temple,Solapur,Maharashtra
1906,Rukmini Temple,Solapur,Maharashtra
1907,Shri Venkateshwara Devasthanam,Solapur,Maharashtra
1908,Sri Markandeya Mandir,Solapur,Maharashtra
1909,"Swami Samarth Temple, Akkalkot",Solapur,Maharashtra
1910,Trimbakeshwar Shiva Temple,Trimbak,Maharashtra
1911,Sant Nivruttinath Maharaj Samadhi Mandir,Trimbak,Maharashtra
1912,Tulja Bhavani Temple,Tuljapur,Maharashtra
1913,Ghatshila Temple,Tuljapur,Maharashtra
1914,Shri Govindajee Temple,Imphal,Manipur
1915,Shree Shree Bijoy Govindajee Temple,Imphal,Manipur
1916,Hanuman Thakur Temple,Imphal,Manipur
1917,"ISKCON Temple, Imphal",Imphal,Manipur
1918,"Pakhangba Temple, Kangla",Imphal,Manipur
1919,Bishnupur Vishnu Temple,Bishnupur,Manipur
1920,Konung Lairembi Temple,Bishnupur,Manipur
1921,"Jagannath Prabhu Temple, Churachandpur",Churachandpur,Manipur
1922,"Radha-Krishna Temple, Churachandpur",Churachandpur,Manipur
1923,Koubru Laikha Temple,Senapati,Manipur
1924,"Kali Mata Temple, Tamenglong",Tamenglong,Manipur
1925,"Shyam Rai Temple, Thoubal",Thoubal,Manipur
1926,"Pakhangba Temple, Thoubal",Thoubal,Manipur
1927,Mahadev Khola Dham,Shillong,Meghalaya
1928,Matri Mandir (Ramna Kalibari),Shillong,Meghalaya
1929,Shankari Devi Temple,Shillong,Meghalaya
1930,"Shree Shree Hanuman Mandir, Shillong",Shillong,Meghalaya
1931,"Gorkha Durga Temple, Shillong",Shillong,Meghalaya
1932,Nartiang Durga Temple (Shri Maa Jayanti Temple),Jowai,Meghalaya
1933,"Shiv Temple, Nartiang",Jowai,Meghalaya
1934,Tura Thakurbari Temple,Tura,Meghalaya
1935,Charantala Kali Temple,Tura,Meghalaya
1936,Shakti Mandir,Aizawl,Mizoram
1937,Shiv Mandir,Aizawl,Mizoram
1938,OM Mandir,Aizawl,Mizoram
1939,Assam Rifles Mandir (Hari Mandir),Aizawl,Mizoram
1940,Shri Radha Krishna Temple,Aizawl,Mizoram
1941,Vishwakarma Mandir,Lawngtlai,Mizoram
1942,Rama Mandir,Lunglei,Mizoram
1943,Sarvajanin Temple,Saiha,Mizoram
1944,Kali Mandir,Saiha,Mizoram
1945,Durga Mandir,Serchhip,Mizoram
1946,Dimapur Kalibari,Dimapur,Nagaland
1947,Dimapur Jain Temple,Dimapur,Nagaland
1948,Lakshmi Narayan Temple,Dimapur,Nagaland
1949,"ISKCON Temple, Dimapur",Dimapur,Nagaland
1950,"Hanuman Temple, Dimapur",Dimapur,Nagaland
1951,"Mandir, 41 Assam Rifles, Kiphire",Kiphire,Nagaland
1952,Durga Bari Mandir,Kohima,Nagaland
1953,"Jain Temple, Kohima",Kohima,Nagaland
1954,Nepali Mandir,Kohima,Nagaland
1955,Gorkha Singhadevi Mandir,Kohima,Nagaland
1956,"Radha Krishna Temple, Kohima",Kohima,Nagaland
1957,Wokha Shiv Mandir,Wokha,Nagaland
1958,"Kali Mandir, Wokha",Wokha,Nagaland
1959,Chandaneswar Temple,Balasore,Odisha
1960,Panchalingeswar Temple,Balasore,Odisha
1961,Khirachora Gopinath Temple,Balasore,Odisha
1962,Nilagiri Jagannath Temple,Balasore,Odisha
1963,Bhudhara Chandi Temple,Balasore,Odisha
1964,Nrusinghanath Temple,Bargarh,Odisha
1965,Budharaja Temple,Bargarh,Odisha
1966,Tara Tarini Temple,Berhampur,Odisha
1967,Sri Sri Sidhi Binayak Pitha,Berhampur,Odisha
1968,Maa Budi Thakurani Temple,Berhampur,Odisha
1969,Mahuri Kalua Temple,Berhampur,Odisha
1970,Narayani Devi Temple,Berhampur,Odisha
1971,Lingaraj Temple,Bhubaneswar,Odisha
1972,Parashurameshvara Temple,Bhubaneswar,Odisha
1973,Mukteshvara Temple,Bhubaneswar,Odisha
1974,Rajarani Temple,Bhubaneswar,Odisha
1975,Brahma Temple (Vaital Deul complex area),Bhubaneswar,Odisha
1976,Cuttack Chandi Temple,Cuttack,Odisha
1977,Bhattarika Temple,Cuttack,Odisha
1978,Charchika Temple,Cuttack,Odisha
1979,Dhabaleswar Temple,Cuttack,Odisha
1980,Singhanatha Temple,Cuttack,Odisha
1981,Maa Biraja Temple,Jajpur,Odisha
1982,Siddheshwar Temple,Jajpur,Odisha
1983,Ramchandi Temple,Jharsuguda,Odisha
1984,Jhadeswar Temple,Jharsuguda,Odisha
1985,Pahadi Mandir (Pahadeswar Temple),Jharsuguda,Odisha
1986,Maheswari Temple,Jharsuguda,Odisha
1987,Kanak Durga Mandir,Jharsuguda,Odisha
1988,Konark Sun Temple,Konark,Odisha
1989,"Ramchandi Temple, Konark",Konark,Odisha
1990,"Nilamadhaba Temple, Kantilo",Nayagarh,Odisha
1991,Ladukeswar Temple (Ladubaba),Nayagarh,Odisha
1992,Jagannath Temple,Puri,Odisha
1993,Vimala Temple,Puri,Odisha
1994,Lokanath Temple,Puri,Odisha
1995,Markandeshwar Temple,Puri,Odisha
1996,Varahi Temple,Puri,Odisha
1997,Vedvyas Temple,Rourkela,Odisha
1998,Hanuman Vatika,Rourkela,Odisha
1999,Laxmi Narayan Temple,Rourkela,Odisha
2000,Maa Tarini Temple,Rourkela,Odisha
2001,Santoshi Maa Temple,Rourkela,Odisha
2002,Maa Samaleswari Temple,Sambalpur,Odisha
2003,"Budharaja Temple, Sambalpur",Sambalpur,Odisha
2004,Leaning Temple of Huma (Bimaleswar Temple),Sambalpur,Odisha
2005,Anokha Shree Shyam Bihari Mandir,Sambalpur,Odisha
2006,"Shirdi Sai Temple, Sambalpur",Sambalpur,Odisha
2007,Golden Temple (Sri Harmandir Sahib),Amritsar,Punjab
2008,Durgiana Temple,Amritsar,Punjab
2009,Ram Tirath Temple,Amritsar,Punjab
2010,Mata Lal Devi Temple,Amritsar,Punjab
2011,"ISKCON Temple, Amritsar",Amritsar,Punjab
2012,Gurdwara Singhwala Sahib,Barnala,Punjab
2013,Nanaksar Bahadur Gurudwara,Barnala,Punjab
2014,Gurudwara Sahib Arrisar Patshahi Nouvin,Barnala,Punjab
2015,Geeta Bhawan,Barnala,Punjab
2016,Kali Mata Mandir,Barnala,Punjab
2017,Takht Sri Damdama Sahib,Bathinda,Punjab
2018,Gurdwara Haji Rattan Sahib,Bathinda,Punjab
2019,Prachin Durga Mata Mandir,Bathinda,Punjab
2020,Shri Panchmukhi Balaji Dham,Bathinda,Punjab
2021,Chamunda Devi Ji Temple,Bathinda,Punjab
2022,Gurudwara Nada Sahib,Chandigarh,Punjab
2023,Sri Karthikeya Swamy Temple,Chandigarh,Punjab
2024,Gurdwara Sri Amb Sahib (Patshahi Satvi),Chandigarh,Punjab
2025,Chandi Mandir,Chandigarh,Punjab
2026,Gurdwara Singh Sabha,Chandigarh,Punjab
2027,Gurudwara Harisar Sahib,Hoshiarpur,Punjab
2028,Gurudwara Harian Vellan Patshahi VII,Hoshiarpur,Punjab
2029,Gurudwara Garna Sahib,Hoshiarpur,Punjab
2030,Kamahi Devi Temple,Hoshiarpur,Punjab
2031,Gagan Ji Ka Tilla,Hoshiarpur,Punjab
2032,Devi Talab Mandir,Jalandhar,Punjab
2033,Sodal Mandir,Jalandhar,Punjab
2034,Tulsi Mandir,Jalandhar,Punjab
2035,Gurudwara Talhan Sahib Ji,Jalandhar,Punjab
2036,Gurdwara Chhevin Padshahi,Jalandhar,Punjab
2037,Gurudwara Dukh Niwaran Sahib,Ludhiana,Punjab
2038,Gurdwara Sri Manji Sahib (Alamgir Sahib),Ludhiana,Punjab
2039,Gurudwara Nanaksar Sahib,Ludhiana,Punjab
2040,Sheeshe Wala Gurudwara,Ludhiana,Punjab
2041,Shri Krishna Mandir,Ludhiana,Punjab
2042,"Gurudwara Nanaksar Sahib, Takhtupura",Moga,Punjab
2043,Gurudwara Sahib Patsahi Pehli,Moga,Punjab
2044,Gurudwara Bhatta Sahib,Moga,Punjab
2045,Shri Sanatam Dharam Hari Mandir,Moga,Punjab
2046,Geeta Bhawan,Moga,Punjab
2047,Gurudwara Dukhnivaran Sahib,Patiala,Punjab
2048,Kali Devi Temple,Patiala,Punjab
2049,Gurudwara Shri Khichri Sahib,Patiala,Punjab
2050,Gurudwara at Karhali,Patiala,Punjab
2051,Gurudwara at Chitanwala,Patiala,Punjab
2052,Takht Sri Kesgarh Sahib,Anandpur Sahib,Punjab
2053,Gurdwara Qila Anandgarh Sahib,Anandpur Sahib,Punjab
2054,Nasiyan Jain Temple (Soniji Ki Nasiyan),Ajmer,Rajasthan
2055,Nareli Jain Temple,Ajmer,Rajasthan
2056,Shri Rangnath Swami Temple,Ajmer,Rajasthan
2057,Chamunda Mata Temple,Ajmer,Rajasthan
2058,Ambe Mata Mandir,Ajmer,Rajasthan
2059,Kiradu Temples (Someshvara Temple),Barmer,Rajasthan
2060,"Nagnechi Mata Temple, Barmer Fort",Barmer,Rajasthan
2061,Devka Sun Temple,Barmer,Rajasthan
2062,Jagdambe Temple,Barmer,Rajasthan
2063,Nakoda Jain Temple,Barmer,Rajasthan
2064,Bhandasar Jain Temple,Bikaner,Rajasthan
2065,Shri Laxminath Temple,Bikaner,Rajasthan
2066,Kodamdeshwar Temple,Bikaner,Rajasthan
2067,Shiv Bari Temple,Bikaner,Rajasthan
2068,Ratan Bihari & Rasik Shiromani Temples,Bikaner,Rajasthan
2069,Karni Mata Temple,Deshnoke (Karni Mata),Rajasthan
2070,Laxman Shrine,Deshnoke (Karni Mata),Rajasthan
2071,Eklingji Temple,Eklingji,Rajasthan
2072,Lakulish Temple,Eklingji,Rajasthan
2073,Galtaji Temple (Surya Mandir / Balaji),Galtaji (Jaipur),Rajasthan
2074,Ramgopalji Temple,Galtaji (Jaipur),Rajasthan
2075,Birla Mandir (Laxmi Narayan Temple),Jaipur,Rajasthan
2076,Moti Dungri Ganesh Temple,Jaipur,Rajasthan
2077,Akshardham (Swaminarayan) Temple,Jaipur,Rajasthan
2078,Govind Dev Ji Temple,Jaipur,Rajasthan
2079,Shila Devi Temple,Jaipur,Rajasthan
2080,Chamunda Mataji Temple,Jodhpur,Rajasthan
2081,Maha Mandir,Jodhpur,Rajasthan
2082,Raj Ranchhodji Temple,Jodhpur,Rajasthan
2083,Rasik Bihari Temple,Jodhpur,Rajasthan
2084,"Ganesh Temple, Ratnada Hill",Jodhpur,Rajasthan
2085,Khatu Shyam Temple,Khatu Shyamji,Rajasthan
2086,Shyam Kund,Khatu Shyamji,Rajasthan
2087,Khade Ganesh Ji Temple,Kota,Rajasthan
2088,Mathuradheesh Temple,Kota,Rajasthan
2089,Kansua Temple,Kota,Rajasthan
2090,Garadia Mahadev Temple,Kota,Rajasthan
2091,Chandreshwar Mahadev Temple,Kota,Rajasthan
2092,Dilwara Jain Temples,Mount Abu (Dilwara),Rajasthan
2093,Adhar Devi Temple (Arbuda Devi),Mount Abu (Dilwara),Rajasthan
2094,Jain Glass Temple,Nagaur,Rajasthan
2095,Dadhimati Mata Temple,Nagaur,Rajasthan
2096,"Digambar Jain Bara Temple, Ladnun",Nagaur,Rajasthan
2097,Atishaya Kshetra Lunwa Jain Temple,Nagaur,Rajasthan
2098,Pashupati Nath Temple,Nagaur,Rajasthan
2099,Shrinathji Temple,Nathdwara,Rajasthan
2100,Charbhuja Temple,Nathdwara,Rajasthan
2101,"Somnath Temple, Pali",Pali,Rajasthan
2102,Nimbo Ka Nath Temple,Pali,Rajasthan
2103,Parshuram Mahadev Temple,Pali,Rajasthan
2104,Muchhal Mahavir Temple,Pali,Rajasthan
2105,Om Banna Temple (Bullet Baba),Pali,Rajasthan
2106,Brahma Temple,Pushkar,Rajasthan
2107,Savitri Temple,Pushkar,Rajasthan
2108,Ranakpur Jain Temple (Chaumukha/Adinath Temple),Ranakpur,Rajasthan
2109,"Surya Temple, Ranakpur",Ranakpur,Rajasthan
2110,Salasar Balaji Temple,Salasar,Rajasthan
2111,Mohan Das Ji & Kanidadi Shrine,Salasar,Rajasthan
2112,Badri Vishal Temple,Tonk,Rajasthan
2113,"Kalyanji Temple, Todaraisingh",Tonk,Rajasthan
2114,"Bisaldeo (Gokarneswar) Temple, Bisalpur",Tonk,Rajasthan
2115,"Jaldevi Temple, Bavadi",Tonk,Rajasthan
2116,"Charbhuja Mandir, Nagarfort",Tonk,Rajasthan
2117,Jagdish Temple,Udaipur,Rajasthan
2118,Neemach Mata Temple,Udaipur,Rajasthan
2119,Mahakaleshwar Temple,Udaipur,Rajasthan
2120,Mahalaxmi Temple,Udaipur,Rajasthan
2121,Ambika Mata Temple,Udaipur,Rajasthan
2122,Ajmer Jain Temple (Soniji Ki Nasiyan),Ajmer,Rajasthan
2123,"Savitri Temple, Ajmer",Ajmer,Rajasthan
2124,Gayatri Shaktipeeth (Chamunda Mata Temple),Ajmer,Rajasthan
2127,Kiradu Temples,Barmer,Rajasthan
2128,Nakoda Jain Temple (Parshwanath Temple),Barmer,Rajasthan
2129,"Jagdambe Temple, Barmer",Barmer,Rajasthan
2130,"Vishnu Temple, Khed",Barmer,Rajasthan
2132,Kodamdesar Temple,Bikaner,Rajasthan
2133,Shiv Bari Temple (Laleshwar Mahadev Mandir),Bikaner,Rajasthan
2134,Ratan Bihari Temple,Bikaner,Rajasthan
2137,Birla Mandir (Lakshmi Narayan Temple),Jaipur,Rajasthan
2138,Garh Ganesh Temple,Jaipur,Rajasthan
2139,Moti Dungri Ganesh Mandir,Jaipur,Rajasthan
2140,Tarkeshwar Nath Temple,Jaipur,Rajasthan
2142,Chamunda Mata Temple,Jodhpur,Rajasthan
2147,"Shivpuri Dham, Kota",Kota,Rajasthan
2152,"Jain Glass Temple, Nagaur",Nagaur,Rajasthan
2153,Nagnechi Ji Temple,Nagaur,Rajasthan
2154,Kaler Mata Temple,Nagaur,Rajasthan
2155,Bansiwala Temple,Nagaur,Rajasthan
2157,Nimbo Ka Nath Mahadev Temple,Pali,Rajasthan
2158,"Adishwar Temple, Pali",Pali,Rajasthan
2159,"Surya Narayan Temple, Pali",Pali,Rajasthan
2162,Bisaldeo Temple,Tonk,Rajasthan
2163,"Kalyanji Temple, Tonk",Tonk,Rajasthan
2164,"Govinddeoji Temple, Bavadi",Tonk,Rajasthan
2165,Jaldevi Mandir,Tonk,Rajasthan
2166,Mahadevali Shiv Mandir,Tonk,Rajasthan
2167,"Mahakaleshwar Temple, Udaipur",Udaipur,Rajasthan
2168,"Karni Mata Temple, Udaipur",Udaipur,Rajasthan
2169,Bohra Ganesh Temple,Udaipur,Rajasthan
2173,"Ambika Mata Temple, Eklingji",Eklingji,Rajasthan
2175,Galtaji Temple Complex,Galtaji (Jaipur),Rajasthan
2176,"Surya Mandir, Galtaji",Galtaji (Jaipur),Rajasthan
2177,"Gaurishankar Temple, Khatu",Khatu Shyamji,Rajasthan
2179,Adhar Devi Mandir (Arbuda Mata Mandir),Mount Abu (Dilwara),Rajasthan
2181,Madan Mohanji and Navneet Priyaji Temples,Nathdwara,Rajasthan
2183,"Brahma Temple, Pushkar",Pushkar,Rajasthan
2184,"Rangji Temple, Pushkar",Pushkar,Rajasthan
2185,Ranakpur Jain Temple (Chaumukha / Adinatha Temple),Ranakpur,Rajasthan
2186,"Neminath Temple, Ranakpur",Ranakpur,Rajasthan
2187,"Shri Ram Darbar, Salasar",Salasar,Rajasthan
2189,Thakurbari Temple,Gangtok,Sikkim
2190,Ganesh Tok,Gangtok,Sikkim
2191,Hanuman Tok,Gangtok,Sikkim
2192,"Durga Mandir, Gangtok",Gangtok,Sikkim
2193,Shri Siddheshwar Shiv Mandir (Pani House),Gangtok,Sikkim
2194,Kirateshwar Mahadev Temple,Geyzing,Sikkim
2195,Gyalshing Singha Devi Mandir,Geyzing,Sikkim
2196,Mangan Pashupatinath Mandir,Mangan,Sikkim
2197,"Shiv Mandir, B-II",Mangan,Sikkim
2198,Siddhesvara Dham (Char Dham Temple),Namchi,Sikkim
2199,Namchi Pashupatinath Mandir,Namchi,Sikkim
2200,Pemayangtse Monastery,Pemayangtse,Sikkim
2201,Sangachoeling Monastery,Pemayangtse,Sikkim
2202,Rumtek Monastery (Dharma Chakra Centre),Rumtek,Sikkim
2203,Old Rumtek Monastery,Rumtek,Sikkim
2204,Soreng Thakurbari,Soreng,Sikkim
2205,Narsing Kali Devi Mandir,Soreng,Sikkim
2206,Tadong Durga Mandir,Tadong,Sikkim
2207,Tadong Jaganath Mandir,Tadong,Sikkim
2209,Vadapalani Murugan Temple,Chennai,Tamil Nadu
2210,Marundeeswarar Temple,Chennai,Tamil Nadu
2211,Parthasarathy Temple,Chennai,Tamil Nadu
2212,Ashtalakshmi Temple,Chennai,Tamil Nadu
2213,Perur Pateeswarar Temple,Coimbatore,Tamil Nadu
2214,Marudhamalai Murugan Temple,Coimbatore,Tamil Nadu
2215,Eachanari Vinayagar Temple,Coimbatore,Tamil Nadu
2216,Velliangiri Hills Temple (Adiyogi/Shiva shrine),Coimbatore,Tamil Nadu
2217,Ramar Temple,Coimbatore,Tamil Nadu
2218,Thindal Murugan Temple,Erode,Tamil Nadu
2219,Bhavani Sangameshwarar Temple,Erode,Tamil Nadu
2220,Bannari Amman Temple,Erode,Tamil Nadu
2221,Magudeswarar Temple,Erode,Tamil Nadu
2222,Arudra Kabaleeswarar Temple,Erode,Tamil Nadu
2223,Ekambareswarar Temple,Kancheepuram,Tamil Nadu
2224,Kailasanathar Temple,Kancheepuram,Tamil Nadu
2225,Kamakshi Amman Temple,Kancheepuram,Tamil Nadu
2226,Varadaraja Perumal Temple,Kancheepuram,Tamil Nadu
2227,Ashtabujakaram (Ulagalantha Perumal) Temple,Kancheepuram,Tamil Nadu
2228,Adi Kumbeswarar Temple,Kumbakonam,Tamil Nadu
2229,Sarangapani Temple,Kumbakonam,Tamil Nadu
2230,Kasi Viswanathar Temple,Kumbakonam,Tamil Nadu
2231,Nageswaran Temple,Kumbakonam,Tamil Nadu
2232,Airavatesvara Temple,Kumbakonam,Tamil Nadu
2233,Meenakshi Amman Temple,Madurai,Tamil Nadu
2234,Koodal Azhagar Temple,Madurai,Tamil Nadu
2235,Thiruparankundram Murugan Temple,Madurai,Tamil Nadu
2236,Alagar Kovil (Kallalagar Temple),Madurai,Tamil Nadu
2237,Vandiyur Mariamman Teppakulam,Madurai,Tamil Nadu
2238,Kottai Mariamman Temple,Salem,Tamil Nadu
2239,Sugavaneshwarar Temple,Salem,Tamil Nadu
2240,Kottai Alagirinathar Temple (Kottai Perumal Koil),Salem,Tamil Nadu
2241,Sundhara Kandhaswamy Temple,Salem,Tamil Nadu
2242,Sahasra Lingeswarar Temple (1008 Lingam Temple),Salem,Tamil Nadu
2243,Ranganathaswamy Temple,Srirangam,Tamil Nadu
2244,Jambukeswarar Temple,Srirangam,Tamil Nadu
2245,Uraiyur Vekkali Amman Temple,Srirangam,Tamil Nadu
2246,Samayapuram Mariamman Temple,Srirangam,Tamil Nadu
2247,Sri Vadivazhagiya Nambi Perumal Temple,Srirangam,Tamil Nadu
2248,Brihadeeswarar Temple,Thanjavur,Tamil Nadu
2249,Kamakshi Amman Temple,Thanjavur,Tamil Nadu
2250,Aiyarappar (Panchanadeeswarar) Temple,Thanjavur,Tamil Nadu
2251,Gangaikonda Cholapuram Temple,Thanjavur,Tamil Nadu
2252,Airavatesvara Temple,Thanjavur,Tamil Nadu
2253,Ranganathaswamy Temple,Tiruchirappalli,Tamil Nadu
2254,Ucchi Pillayar Rockfort Temple,Tiruchirappalli,Tamil Nadu
2255,Jambukeswarar Temple,Tiruchirappalli,Tamil Nadu
2256,Samayapuram Mariamman Temple,Tiruchirappalli,Tamil Nadu
2257,Vayalur Murugan Temple,Tiruchirappalli,Tamil Nadu
2258,Nellaiappar-Kanthimathi Temple,Tirunelveli,Tamil Nadu
2259,Krishnapuram Vishnu Temple,Tirunelveli,Tamil Nadu
2260,Uchishta Ganapathy Temple,Tirunelveli,Tamil Nadu
2261,Varadharaja Perumal Temple,Tirunelveli,Tamil Nadu
2262,Vishwamitra Temple,Tirunelveli,Tamil Nadu
2263,Sri Sukreeswarar Temple,Tiruppur,Tamil Nadu
2264,Avinashi Lingeswarar Temple,Tiruppur,Tamil Nadu
2265,Konganagiri Murugan Temple,Tiruppur,Tamil Nadu
2266,Uthukuli Murugan Temple,Tiruppur,Tamil Nadu
2267,Sivanmalai Subramanyaswamy Temple,Tiruppur,Tamil Nadu
2268,Sripuram Golden Temple,Vellore,Tamil Nadu
2269,Jalakandeswarar Temple,Vellore,Tamil Nadu
2270,Ratnagiri Murugan Temple,Vellore,Tamil Nadu
2271,Sri Margabandeeswarar Temple,Vellore,Tamil Nadu
2272,Kottai Mariamman Temple,Vellore,Tamil Nadu
2273,Thillai Nataraja Temple,Chidambaram,Tamil Nadu
2274,Thillai Kali Amman Temple,Chidambaram,Tamil Nadu
2275,Mayuranathaswami Temple,Mayiladuthurai,Tamil Nadu
2276,Parimala Ranganathaswami Temple,Mayiladuthurai,Tamil Nadu
2277,Arulmigu Dhandayuthapani Swamy Temple,Palani,Tamil Nadu
2278,Thiruavinankudi Murugan Temple,Palani,Tamil Nadu
2279,Ramanathaswamy Temple,Rameswaram,Tamil Nadu
2280,Panchmukhi Hanuman Temple,Rameswaram,Tamil Nadu
2281,Arunachaleswarar Temple,Thiruvannamalai,Tamil Nadu
2282,Kailasanathar Temple,Thiruvannamalai,Tamil Nadu
2283,Tiruchendur Murugan Temple (Senthil Andavar Temple),Tiruchendur,Tamil Nadu
2284,Sankaranainar Kovil,Tiruchendur,Tamil Nadu
2285,Thyagaraja Temple,Tiruvarur,Tamil Nadu
2286,Thoovanayanar (Thoovainathar) Temple,Tiruvarur,Tamil Nadu
2287,Sri Gnana Saraswathi Temple,Basara,Telangana
2288,Pathaleshwara Temple,Basara,Telangana
2289,Sri Sita Ramachandra Swamy Temple,Bhadrachalam,Telangana
2290,Subramanya Swamy Temple,Bhadrachalam,Telangana
2291,Birla Mandir,Hyderabad,Telangana
2292,Chilkur Balaji Temple,Hyderabad,Telangana
2293,Karmanghat Hanuman Temple,Hyderabad,Telangana
2294,Peddamma Temple,Hyderabad,Telangana
2295,"Jagannath Temple, Banjara Hills",Hyderabad,Telangana
2296,Kondagattu Anjaneya Swamy Temple,Karimnagar,Telangana
2297,Kaleshwaram Mukteswara Swamy Temple,Karimnagar,Telangana
2298,Sri Lakshmi Narasimha Swamy Temple,Karimnagar,Telangana
2299,Bhimeswara Temple,Karimnagar,Telangana
2300,Veera Hanuman Temple,Karimnagar,Telangana
2301,"Sri Venkateswara Swamy Temple, Jamalapuram",Khammam,Telangana
2302,"Sri Bhadrakali Sametha Veerabhadra Swamy Temple, Kallur",Khammam,Telangana
2303,"Sri Lakshmi Narasimha Swamy Temple, Khammam Fort",Khammam,Telangana
2304,"Sri Ganapeshwaralayam, Kusumanchi",Khammam,Telangana
2305,"Lord Venu Gopala Swami Temple, Kallur",Khammam,Telangana
2306,"Jogulamba Temple, Alampur",Mahbubnagar,Telangana
2307,"Sri Ranganayaka Swamy Temple, Srirangapur",Mahbubnagar,Telangana
2308,"Madana Gopala Swamy Temple, Jatprole",Mahbubnagar,Telangana
2309,Beechupalli Anjaneya Swamy Temple,Mahbubnagar,Telangana
2310,Umamaheshwaram Temple,Mahbubnagar,Telangana
2311,Sarangapoor Hanuman Temple,Nizamabad,Telangana
2312,Kanteshwar Temple,Nizamabad,Telangana
2313,Uttara Tirupati Kshetram,Nizamabad,Telangana
2314,"Sri Lakshmi Narasimha Swamy Temple, Jankampet",Nizamabad,Telangana
2315,Dichpally Ramalayam,Nizamabad,Telangana
2316,Kaleshwara Mukteswara Swamy Temple,Ramagundam,Telangana
2317,Gudem Gutta Sri Lakshmi Narasimha Swamy Temple,Ramagundam,Telangana
2318,Manthani Gauthameswara Temple,Ramagundam,Telangana
2319,Ramagundam Ganesh Temple,Ramagundam,Telangana
2320,"Jagannath Temple, NTPC Township",Ramagundam,Telangana
2321,"Sri Ketaki Sangameshwara Swamy Temple, Jharasangam",Sangareddy,Telangana
2322,"Sri Ramalingeswara Swamy Temple, Nandikandi",Sangareddy,Telangana
2323,Sri Ujjaini Mahakali Temple,Secunderabad,Telangana
2324,Sri Ganesh Temple,Secunderabad,Telangana
2325,"Peddamma Temple, Secunderabad",Secunderabad,Telangana
2326,Nagamma Temple,Secunderabad,Telangana
2327,"Sri Subrahmanya Swamy Temple, Skandagiri",Secunderabad,Telangana
2328,Sri Raja Rajeshwara Swamy Temple,Vemulawada,Telangana
2329,Sri Baddi Pochamma Temple,Vemulawada,Telangana
2330,Thousand Pillar Temple,Warangal,Telangana
2331,Sri Bhadrakali Temple,Warangal,Telangana
2332,Kakatiya Rudreshwara (Ramappa) Temple,Warangal,Telangana
2333,Padmakshi Temple (Padmakshi Gutta),Warangal,Telangana
2334,"Narasimha Swamy Temple, Warangal",Warangal,Telangana
2335,Sri Lakshmi Narasimha Swamy Temple (Yadadri),Yadagirigutta,Telangana
2336,"Hanuman Temple, Yadagirigutta",Yadagirigutta,Telangana
2337,Laxminarayan Temple,Agartala,Tripura
2338,"Jagannath Temple, Agartala",Agartala,Tripura
2339,Umamaheshwar Temple,Agartala,Tripura
2340,Chaturdasha Devata Temple (Fourteen Gods Temple),Agartala,Tripura
2341,"Maa Bhabatarini Temple, Agartala",Agartala,Tripura
2342,Longtharai Mandir,Ambassa,Tripura
2343,Kamaleswari Mandir,Ambassa,Tripura
2344,"Kalibari Temple, Dharmanagar",Dharmanagar,Tripura
2345,"Hari Mandir, Dharmanagar",Dharmanagar,Tripura
2346,Lakhi Narayan Bari (Laxmi Narayan Temple),Kailashahar,Tripura
2347,"Nutan Kalibari, Kailashahar",Kailashahar,Tripura
2348,"Bhabatarini Mandir, Kumarghat",Kumarghat,Tripura
2349,"Shiva Temple, Bhabatarini Complex",Kumarghat,Tripura
2350,"Mahamuni Temple, Sabroom",Sabroom,Tripura
2351,Baishnab Pur Buddha Temple (Manubankul),Sabroom,Tripura
2352,Tripura Sundari Temple (Matabari),Udaipur,Tripura
2353,"Bhubaneshwari Temple, Udaipur",Udaipur,Tripura
2354,Unakotiswara Kal Bhairava,Unakoti,Tripura
2355,"Ganesha-Durga-Nandi Rock Carvings, Unakoti",Unakoti,Tripura
2356,"Mankameshwar Temple, Agra",Agra,Uttar Pradesh
2357,Balkeshwar Mahadev Temple,Agra,Uttar Pradesh
2358,"Shri Khatu Shyam Ji Temple, Agra",Agra,Uttar Pradesh
2359,Dayalbagh Temple,Agra,Uttar Pradesh
2360,"Kailash Temple, Agra",Agra,Uttar Pradesh
2361,Bade Hanuman Ji Mandir (Lete Hanuman Mandir),Allahabad,Uttar Pradesh
2362,Alopi Devi Mandir,Allahabad,Uttar Pradesh
2363,Patalpuri Temple,Allahabad,Uttar Pradesh
2364,Nagvasuki Mandir,Allahabad,Uttar Pradesh
2365,"Mankameshwar Mandir, Allahabad",Allahabad,Uttar Pradesh
2366,Ram Janmabhoomi Temple,Ayodhya,Uttar Pradesh
2367,Hanuman Garhi,Ayodhya,Uttar Pradesh
2368,Shree Baba Alakhnath Ji Temple,Bareilly,Uttar Pradesh
2369,Shri Baba Dhopeshwar Nath Ji Temple,Bareilly,Uttar Pradesh
2370,Shri Trivati Nath Temple,Bareilly,Uttar Pradesh
2371,Bada Bagh Hanuman Temple,Bareilly,Uttar Pradesh
2372,Shri Baba Pashupati Nath Temple,Bareilly,Uttar Pradesh
2373,Kamadgiri Temple,Chitrakoot,Uttar Pradesh
2374,Hanuman Dhara Temple,Chitrakoot,Uttar Pradesh
2375,Dudheshwar Nath Mandir,Ghaziabad,Uttar Pradesh
2376,"ISKCON Temple, Raj Nagar",Ghaziabad,Uttar Pradesh
2377,Chopla Hanuman Mandir,Ghaziabad,Uttar Pradesh
2378,"Durga Temple, Ghaziabad",Ghaziabad,Uttar Pradesh
2379,Manan Dham,Ghaziabad,Uttar Pradesh
2380,J.K. Temple (Radhakrishna Temple),Kanpur,Uttar Pradesh
2381,Anandeshwar Temple,Kanpur,Uttar Pradesh
2382,Bhitargaon Temple,Kanpur,Uttar Pradesh
2383,"Jain Glass Temple, Kanpur",Kanpur,Uttar Pradesh
2384,Panki Panchmukhi Hanuman Mandir,Kanpur,Uttar Pradesh
2385,"Kashi Vishwanath Temple, Lucknow",Lucknow,Uttar Pradesh
2386,Hanuman Setu Mandir,Lucknow,Uttar Pradesh
2387,"Mankameshwar Temple, Lucknow",Lucknow,Uttar Pradesh
2388,Chandrika Devi Temple,Lucknow,Uttar Pradesh
2389,Rangaji Temple,Lucknow,Uttar Pradesh
2390,Krishna Janmabhoomi Temple,Mathura,Uttar Pradesh
2391,Dwarkadhish Temple,Mathura,Uttar Pradesh
2392,"Gita Mandir (Birla Mandir), Mathura",Mathura,Uttar Pradesh
2393,Kesava Deo Temple,Mathura,Uttar Pradesh
2394,Bhuteshwar Mahadev Temple,Mathura,Uttar Pradesh
2395,Augharnath Temple (Kali Paltan Mandir),Meerut,Uttar Pradesh
2396,"Digambar Jain Temple, Meerut",Meerut,Uttar Pradesh
2397,"Mansa Devi Temple, Meerut",Meerut,Uttar Pradesh
2398,Surajkund Temple (Baba Manohar Lal Mahadev Mandir),Meerut,Uttar Pradesh
2399,"Lakshmi Narayan Mandir, Modi Nagar",Meerut,Uttar Pradesh
2400,Lalita Devi Temple,Naimisharanya,Uttar Pradesh
2401,Chakratirtha,Naimisharanya,Uttar Pradesh
2402,"ISKCON Temple, Sector 33",Noida,Uttar Pradesh
2403,"Shree Jagannath Temple, Sector 34",Noida,Uttar Pradesh
2404,"Ayyappa Temple, Sector 62",Noida,Uttar Pradesh
2405,"Noida Kalibari Temple, Sector 26",Noida,Uttar Pradesh
2406,"Sai Mandir, Noida",Noida,Uttar Pradesh
2407,Kashi Vishwanath Temple,Varanasi,Uttar Pradesh
2408,Sankat Mochan Hanuman Temple,Varanasi,Uttar Pradesh
2409,Durga Temple (Monkey Temple),Varanasi,Uttar Pradesh
2410,Tulsi Manas Temple,Varanasi,Uttar Pradesh
2411,Annapurna Devi Temple,Varanasi,Uttar Pradesh
2412,Maa Vindhyavasini Devi Temple,Vindhyachal,Uttar Pradesh
2413,Ashtabhuja Devi Temple,Vindhyachal,Uttar Pradesh
2414,Banke Bihari Temple,Vrindavan,Uttar Pradesh
2415,Radha Raman Temple,Vrindavan,Uttar Pradesh
2416,Tapkeshwar Mahadev Temple,Dehradun,Uttarakhand
2417,Laxman Siddh Temple,Dehradun,Uttarakhand
2418,Prakasheshwar Temple (Shiv Mandir),Dehradun,Uttarakhand
2419,Santala Devi Temple,Dehradun,Uttarakhand
2420,"Durga Mandir, Rajpur Road",Dehradun,Uttarakhand
2421,Mansa Devi Temple,Haridwar,Uttarakhand
2422,Chandi Devi Temple,Haridwar,Uttarakhand
2423,Maya Devi Temple,Haridwar,Uttarakhand
2424,Daksha Mahadev Temple,Haridwar,Uttarakhand
2425,Bharat Mata Mandir,Haridwar,Uttarakhand
2426,Neelkanth Mahadev Temple,Rishikesh,Uttarakhand
2427,Trayambakeshwar Temple (Tera Manzil),Rishikesh,Uttarakhand
2428,Bharat Mandir,Rishikesh,Uttarakhand
2429,Hanuman Mandir,Rishikesh,Uttarakhand
2430,Kunjapuri Devi Temple,Rishikesh,Uttarakhand
2431,Chitai Golu Devta Temple,Almora,Uttarakhand
2432,Kasar Devi Temple,Almora,Uttarakhand
2433,Badrinath Temple,Badrinath,Uttarakhand
2434,Mata Murti Temple,Badrinath,Uttarakhand
2435,Bagnath Temple,Bageshwar,Uttarakhand
2436,Chandika Temple,Bageshwar,Uttarakhand
2437,Raghunathji Temple,Devprayag,Uttarakhand
2438,Someshwar Temple,Devprayag,Uttarakhand
2439,Gangotri Temple,Gangotri,Uttarakhand
2440,"Bhairon Nath Temple, Bhaironghati",Gangotri,Uttarakhand
2441,Lakshman Temple,Hemkund Sahib,Uttarakhand
2442,Narsingh Temple,Joshimath,Uttarakhand
2443,Vasudev Temple,Joshimath,Uttarakhand
2444,Kedarnath Temple,Kedarnath,Uttarakhand
2445,Bhairavnath Temple,Kedarnath,Uttarakhand
2446,Naina Devi Temple,Nainital,Uttarakhand
2447,Hanuman Garhi,Nainital,Uttarakhand
2448,Dhwaj Temple,Pithoragarh,Uttarakhand
2449,Mostamanu Temple,Pithoragarh,Uttarakhand
2450,Chamunda Devi Temple,Rudraprayag,Uttarakhand
2451,Koteshwar Mahadev Temple,Rudraprayag,Uttarakhand
2452,Atariya Devi Temple,Udham Singh Nagar,Uttarakhand
2453,Chaiti Devi Temple (Moteshwar Mahadev),Udham Singh Nagar,Uttarakhand
2454,Yamunotri Temple,Yamunotri,Uttarakhand
2455,Divya Shila,Yamunotri,Uttarakhand
2456,"Kalyaneshwari Temple, Asansol",Asansol,West Bengal
2457,Ghaghar Buri Temple,Asansol,West Bengal
2458,Maa Muktai Chandi Temple,Asansol,West Bengal
2459,"Agni Mandir, Asansol",Asansol,West Bengal
2460,"Durga Mandir, Asansol",Asansol,West Bengal
2461,Bakreshwar Temple (Vakranath Shiva Temple),Bakreshwar,West Bengal
2462,"Mahishmardini Temple, Bakreshwar",Bakreshwar,West Bengal
2463,Mahakal Temple,Darjeeling,West Bengal
2464,Dhirdham Temple,Darjeeling,West Bengal
2465,Ghoom Monastery,Darjeeling,West Bengal
2466,Darjeeling Peace Pagoda,Darjeeling,West Bengal
2467,Dali Monastery (Druk Thupten Sangag Choeling),Darjeeling,West Bengal
2468,Kaleshwar Shiva Temple,Birbhum,West Bengal
2469,"Lord Krishna Temple, Ekachakra",Birbhum,West Bengal
2470,Dakshineswar Kali Temple,Dakshineswar,West Bengal
2471,Dwadash Shiva Mandir (Twelve Shiva Temples),Dakshineswar,West Bengal
2472,Shiv Shakti Dham (Gopalmath Shiv Mandir),Durgapur,West Bengal
2473,Bidhan Nagar Ram Mandir,Durgapur,West Bengal
2474,Rahreswar Shiv Temple (Arrah Shiv Mandir),Durgapur,West Bengal
2475,Durgapur ISKCON Temple,Durgapur,West Bengal
2476,"Shri Shri Jagannath Temple, Durgapur",Durgapur,West Bengal
2477,Belur Math,Howrah,West Bengal
2478,"Shree Shyam Mandir, Ghusuri",Howrah,West Bengal
2479,Ramrajatala Ram Temple,Howrah,West Bengal
2480,Baba Kalyaneshwar Temple,Howrah,West Bengal
2481,Shri Shri Hajar Haath Kali Mata Temple,Howrah,West Bengal
2482,Jalpesh Mandir,Jalpaiguri,West Bengal
2483,Yogamaya Kali Temple,Jalpaiguri,West Bengal
2484,Rajbari Shib Mandir,Jalpaiguri,West Bengal
2485,"Radha Madhab Temple, Jalpaiguri",Jalpaiguri,West Bengal
2486,Maa Jogomaya and Baba Lokenath Temple,Jalpaiguri,West Bengal
2487,Kankalitala Temple,Kankalitala,West Bengal
2488,Ruru Bhairav Shrine,Kankalitala,West Bengal
2489,Kalighat Kali Temple,Kolkata,West Bengal
2490,"Birla Mandir, Kolkata",Kolkata,West Bengal
2491,Parshwanath Jain Temple,Kolkata,West Bengal
2492,Thanthania Kalibari Temple,Kolkata,West Bengal
2493,Lake Kalibari,Kolkata,West Bengal
2494,Manaskamana Kali Temple,Malda,West Bengal
2495,Maa Jahura Temple (Jauhra Kali),Malda,West Bengal
2496,ISKCON Malda,Malda,West Bengal
2497,"Madan Mohan Temple, Ramkeli",Malda,West Bengal
2498,"Ramakrishna Math and Mission Ashrama, Malda",Malda,West Bengal
2499,"Ramakrishna Temple, Purulia",Purulia,West Bengal
2500,Deulghata Temples,Purulia,West Bengal
2501,"Surya Temple, Purulia",Purulia,West Bengal
2502,Chowk Bazar Soloana Temple,Purulia,West Bengal
2503,Pakbirra Jain Temple,Purulia,West Bengal
2504,"ISKCON Temple, Siliguri",Siliguri,West Bengal
2505,Sevokeshwari Kali Mandir,Siliguri,West Bengal
2506,"Lokenath Mandir, Dagapur",Siliguri,West Bengal
2507,"Shree Shyam Mandir, Siliguri",Siliguri,West Bengal
2508,"Balaji Temple (Hanuman Temple), Khalpara",Siliguri,West Bengal
2509,Maa Tara Temple,Tarapith,West Bengal
2510,Bamakhepa Ashram/Samadhi,Tarapith,West Bengal
